CREATE DATABASE hotel;
USE hotel;

CREATE TABLE Customers (
    ID INT AUTO_INCREMENT PRIMARY KEY,
    Fname VARCHAR(50) NOT NULL,
    Lname VARCHAR(50) NOT NULL,
    Phone CHAR(12) NOT NULL,
    Email VARCHAR(100)
); 

CREATE TABLE Reservations (
    ID INT AUTO_INCREMENT PRIMARY KEY,
    StartDate DATE NOT NULL,
    EndDate DATE NOT NULL,
    BookedAt DATETIME,
    NumGuests INT,
    Status VARCHAR(15) DEFAULT 'confirmed' CHECK (Status IN ('confirmed','checked-in','checked-out', 'canceled')),
    CheckinTime DATETIME,
    CheckoutTime DATETIME,
    CustomerID INT NOT NULL,
    Source VARCHAR(15) CHECK (Source IN ('agency','corporate','direct', 'OTA')), 
    FOREIGN KEY (CustomerID) REFERENCES Customers(ID) ON DELETE CASCADE
);

CREATE TABLE RoomTypes (
    Code INT PRIMARY KEY AUTO_INCREMENT,
    Style VARCHAR(20) NOT NULL UNIQUE CHECK (Style IN ('standard','deluxe','family suite', 'business suite')),
    Rate DECIMAL(8,2) NOT NULL,
    Size DECIMAL(6,2),
    NumBeds INT,
    Capacity INT
);

CREATE TABLE Rooms (
    Number INT PRIMARY KEY,
    TypeCode INT NOT NULL, 
    FOREIGN KEY (TypeCode) REFERENCES RoomTypes(Code) 
);

CREATE TABLE Occupancies (
    RoomNo INT,
    Date DATE NOT NULL,
    Status VARCHAR(15) DEFAULT 'scheduled' CHECK (Status IN ('scheduled','in progress','finished')),
    ResID INT NOT NULL,
    PRIMARY KEY (RoomNo, Date),
    FOREIGN KEY (ResID) REFERENCES Reservations(ID) ON DELETE CASCADE,
    FOREIGN KEY (RoomNo) REFERENCES Rooms(Number) ON DELETE CASCADE
);

CREATE TABLE Bills (
    Number INT PRIMARY KEY AUTO_INCREMENT,
    Amount DECIMAL(14,2),
    Status VARCHAR(20) DEFAULT 'initiated' CHECK (Status IN ('initiated','completed','pending', 'unpaid')),
    PaidAt DATETIME,
    PayMethod VARCHAR(20) CHECK (PayMethod IN ('cash','credit','debit')),
    ResID INT NOT NULL UNIQUE, 
    FOREIGN KEY (ResID) REFERENCES Reservations(ID) ON DELETE CASCADE
);

INSERT INTO RoomTypes (Style, Rate, Size, NumBeds, Capacity)
VALUES 
('standard', 100.00, 200.00, 1, 2),
('deluxe', 200.00, 300.00, 2, 4),
('family suite', 300.00, 400.00, 3, 6),
('business suite', 400.00, 500.00, 3, 10);

INSERT INTO Rooms (Number, TypeCode)
VALUES 
(101, 1),
(201, 1),
(301, 1),
(401, 1),
(501, 1),
(102, 1),
(202, 1),
(302, 1),
(402, 1),
(502, 1),
(103, 2),
(203, 2),
(303, 2),
(403, 2),
(503, 2),
(104, 2),
(204, 2),
(304, 2),
(404, 2),
(504, 2),
(105, 3),
(205, 3),
(305, 3),
(405, 3),
(505, 3),
(106, 4),
(206, 4),
(306, 4),
(406, 4),
(506, 4);

#1
INSERT INTO Customers(Fname, Lname, Phone, Email) VALUES ("Reece", "Medhurst", '249-278-0808', "Reece_Medhurst@gmail.com");
INSERT INTO Reservations(ID, StartDate, EndDate, NumGuests, CustomerID, Source, BookedAt) VALUES(1, '2020-10-22', '2020-10-25', 1, 1, 'OTA', '2020-12-28 02:48:09');
INSERT INTO Occupancies(RoomNo, Date, ResID) VALUES (302, '2020-10-22', 1);
INSERT INTO Occupancies(RoomNo, Date, ResID) VALUES (302, '2020-10-23', 1);
INSERT INTO Occupancies(RoomNo, Date, ResID) VALUES (302, '2020-10-24', 1);
#2
INSERT INTO Customers(Fname, Lname, Phone, Email) VALUES ("Keeley", "Oberbrunner", '580-671-7701', "Keeley_Oberbrunner@gmail.com");
INSERT INTO Reservations(ID, StartDate, EndDate, NumGuests, CustomerID, Source, BookedAt) VALUES(2, '2020-12-28', '2020-12-29', 4, 2, 'agency', '2020-12-28 02:48:09');
INSERT INTO Occupancies(RoomNo, Date, ResID) VALUES (105, '2020-12-28', 2);
#3
INSERT INTO Customers(Fname, Lname, Phone, Email) VALUES ("Zander", "Gerhold", '592-278-1574', "Zander_Gerhold@gmail.com");
INSERT INTO Reservations(ID, StartDate, EndDate, NumGuests, CustomerID, Source, BookedAt) VALUES(3, '2020-12-28', '2020-12-31', 1, 3, 'direct', '2020-12-28 02:48:09');
INSERT INTO Occupancies(RoomNo, Date, ResID) VALUES (205, '2020-12-28', 3);
INSERT INTO Occupancies(RoomNo, Date, ResID) VALUES (205, '2020-12-29', 3);
INSERT INTO Occupancies(RoomNo, Date, ResID) VALUES (205, '2020-12-30', 3);
#4
INSERT INTO Customers(Fname, Lname, Phone, Email) VALUES ("George", "Predovic", '967-665-8177', "George_Predovic@gmail.com");
INSERT INTO Reservations(ID, StartDate, EndDate, NumGuests, CustomerID, Source, BookedAt) VALUES(4, '2020-06-05', '2020-06-07', 3, 4, 'OTA', '2020-12-28 02:48:09');
INSERT INTO Occupancies(RoomNo, Date, ResID) VALUES (505, '2020-06-05', 4);
INSERT INTO Occupancies(RoomNo, Date, ResID) VALUES (505, '2020-06-06', 4);
#5
INSERT INTO Customers(Fname, Lname, Phone, Email) VALUES ("Jack", "Strosin", '430-906-1036', "Jack_Strosin@gmail.com");
INSERT INTO Reservations(ID, StartDate, EndDate, NumGuests, CustomerID, Source, BookedAt) VALUES(5, '2020-05-19', '2020-05-20', 4, 5, 'corporate', '2020-12-28 02:48:09');
INSERT INTO Occupancies(RoomNo, Date, ResID) VALUES (104, '2020-05-19', 5);
#6
INSERT INTO Customers(Fname, Lname, Phone, Email) VALUES ("Cristian", "Kerluke", '629-485-7815', "Cristian_Kerluke@gmail.com");
INSERT INTO Reservations(ID, StartDate, EndDate, NumGuests, CustomerID, Source, BookedAt) VALUES(6, '2020-09-29', '2020-10-03', 4, 6, 'direct', '2020-12-28 02:48:09');
INSERT INTO Occupancies(RoomNo, Date, ResID) VALUES (305, '2020-09-29', 6);
INSERT INTO Occupancies(RoomNo, Date, ResID) VALUES (305, '2020-09-30', 6);
INSERT INTO Occupancies(RoomNo, Date, ResID) VALUES (305, '2020-10-01', 6);
INSERT INTO Occupancies(RoomNo, Date, ResID) VALUES (305, '2020-10-02', 6);
#7
INSERT INTO Customers(Fname, Lname, Phone, Email) VALUES ("Lora", "Sanford", '404-730-4406', "Lora_Sanford@gmail.com");
INSERT INTO Reservations(ID, StartDate, EndDate, NumGuests, CustomerID, Source, BookedAt) VALUES(7, '2020-10-15', '2020-10-19', 5, 7, 'direct', '2020-12-28 02:48:09');
INSERT INTO Occupancies(RoomNo, Date, ResID) VALUES (405, '2020-10-15', 7);
INSERT INTO Occupancies(RoomNo, Date, ResID) VALUES (405, '2020-10-16', 7);
INSERT INTO Occupancies(RoomNo, Date, ResID) VALUES (405, '2020-10-17', 7);
INSERT INTO Occupancies(RoomNo, Date, ResID) VALUES (405, '2020-10-18', 7);
#8
INSERT INTO Customers(Fname, Lname, Phone, Email) VALUES ("Felton", "Lockman", '251-610-8401', "Felton_Lockman@gmail.com");
INSERT INTO Reservations(ID, StartDate, EndDate, NumGuests, CustomerID, Source, BookedAt) VALUES(8, '2020-05-02', '2020-05-05', 4, 8, 'direct', '2020-12-28 02:48:09');
INSERT INTO Occupancies(RoomNo, Date, ResID) VALUES (504, '2020-05-02', 8);
INSERT INTO Occupancies(RoomNo, Date, ResID) VALUES (504, '2020-05-03', 8);
INSERT INTO Occupancies(RoomNo, Date, ResID) VALUES (504, '2020-05-04', 8);
#9
INSERT INTO Customers(Fname, Lname, Phone, Email) VALUES ("Hudson", "Heidenreich", '780-897-5049', "Hudson_Heidenreich@gmail.com");
INSERT INTO Reservations(ID, StartDate, EndDate, NumGuests, CustomerID, Source, BookedAt) VALUES(9, '2020-02-02', '2020-02-06', 2, 9, 'corporate', '2020-12-28 02:48:09');
INSERT INTO Occupancies(RoomNo, Date, ResID) VALUES (506, '2020-02-02', 9);
INSERT INTO Occupancies(RoomNo, Date, ResID) VALUES (506, '2020-02-03', 9);
INSERT INTO Occupancies(RoomNo, Date, ResID) VALUES (506, '2020-02-04', 9);
INSERT INTO Occupancies(RoomNo, Date, ResID) VALUES (506, '2020-02-05', 9);
#10
INSERT INTO Customers(Fname, Lname, Phone, Email) VALUES ("Cyrus", "Runte", '994-523-9389', "Cyrus_Runte@gmail.com");
INSERT INTO Reservations(ID, StartDate, EndDate, NumGuests, CustomerID, Source, BookedAt) VALUES(10, '2020-12-22', '2020-12-24', 4, 10, 'OTA', '2020-12-28 02:48:09');
INSERT INTO Occupancies(RoomNo, Date, ResID) VALUES (505, '2020-12-22', 10);
INSERT INTO Occupancies(RoomNo, Date, ResID) VALUES (505, '2020-12-23', 10);
#11
INSERT INTO Customers(Fname, Lname, Phone, Email) VALUES ("Edgardo", "Stanton", '290-681-2250', "Edgardo_Stanton@gmail.com");
INSERT INTO Reservations(ID, StartDate, EndDate, NumGuests, CustomerID, Source, BookedAt) VALUES(11, '2020-01-15', '2020-01-20', 4, 11, 'direct', '2020-12-28 02:48:09');
INSERT INTO Occupancies(RoomNo, Date, ResID) VALUES (501, '2020-01-15', 11);
INSERT INTO Occupancies(RoomNo, Date, ResID) VALUES (501, '2020-01-16', 11);
INSERT INTO Occupancies(RoomNo, Date, ResID) VALUES (501, '2020-01-17', 11);
INSERT INTO Occupancies(RoomNo, Date, ResID) VALUES (501, '2020-01-18', 11);
INSERT INTO Occupancies(RoomNo, Date, ResID) VALUES (501, '2020-01-19', 11);
#12
INSERT INTO Customers(Fname, Lname, Phone, Email) VALUES ("Dario", "Conn", '801-233-0228', "Dario_Conn@gmail.com");
INSERT INTO Reservations(ID, StartDate, EndDate, NumGuests, CustomerID, Source, BookedAt) VALUES(12, '2020-08-29', '2020-08-31', 3, 12, 'OTA', '2020-12-28 02:48:09');
INSERT INTO Occupancies(RoomNo, Date, ResID) VALUES (504, '2020-08-29', 12);
INSERT INTO Occupancies(RoomNo, Date, ResID) VALUES (504, '2020-08-30', 12);
#13
INSERT INTO Customers(Fname, Lname, Phone, Email) VALUES ("Myra", "Lind", '298-287-1067', "Myra_Lind@gmail.com");
INSERT INTO Reservations(ID, StartDate, EndDate, NumGuests, CustomerID, Source, BookedAt) VALUES(13, '2020-12-28', '2020-12-30', 3, 13, 'corporate', '2020-12-28 02:48:09');
INSERT INTO Occupancies(RoomNo, Date, ResID) VALUES (402, '2020-12-28', 13);
INSERT INTO Occupancies(RoomNo, Date, ResID) VALUES (402, '2020-12-29', 13);
#14
INSERT INTO Customers(Fname, Lname, Phone, Email) VALUES ("Elisa", "Nicolas", '670-718-1691', "Elisa_Nicolas@gmail.com");
INSERT INTO Reservations(ID, StartDate, EndDate, NumGuests, CustomerID, Source, BookedAt) VALUES(14, '2020-12-15', '2020-12-20', 1, 14, 'direct', '2020-12-28 02:48:09');
INSERT INTO Occupancies(RoomNo, Date, ResID) VALUES (104, '2020-12-15', 14);
INSERT INTO Occupancies(RoomNo, Date, ResID) VALUES (104, '2020-12-16', 14);
INSERT INTO Occupancies(RoomNo, Date, ResID) VALUES (104, '2020-12-17', 14);
INSERT INTO Occupancies(RoomNo, Date, ResID) VALUES (104, '2020-12-18', 14);
INSERT INTO Occupancies(RoomNo, Date, ResID) VALUES (104, '2020-12-19', 14);
#15
INSERT INTO Customers(Fname, Lname, Phone, Email) VALUES ("Jermey", "Kreiger", '318-337-7384', "Jermey_Kreiger@gmail.com");
INSERT INTO Reservations(ID, StartDate, EndDate, NumGuests, CustomerID, Source, BookedAt) VALUES(15, '2020-06-02', '2020-06-07', 3, 15, 'corporate', '2020-12-28 02:48:09');
INSERT INTO Occupancies(RoomNo, Date, ResID) VALUES (403, '2020-06-02', 15);
INSERT INTO Occupancies(RoomNo, Date, ResID) VALUES (403, '2020-06-03', 15);
INSERT INTO Occupancies(RoomNo, Date, ResID) VALUES (403, '2020-06-04', 15);
INSERT INTO Occupancies(RoomNo, Date, ResID) VALUES (403, '2020-06-05', 15);
INSERT INTO Occupancies(RoomNo, Date, ResID) VALUES (403, '2020-06-06', 15);
#16
INSERT INTO Customers(Fname, Lname, Phone, Email) VALUES ("Deangelo", "Toy", '458-219-0227', "Deangelo_Toy@gmail.com");
INSERT INTO Reservations(ID, StartDate, EndDate, NumGuests, CustomerID, Source, BookedAt) VALUES(16, '2020-03-03', '2020-03-06', 4, 16, 'direct', '2020-12-28 02:48:09');
INSERT INTO Occupancies(RoomNo, Date, ResID) VALUES (206, '2020-03-03', 16);
INSERT INTO Occupancies(RoomNo, Date, ResID) VALUES (206, '2020-03-04', 16);
INSERT INTO Occupancies(RoomNo, Date, ResID) VALUES (206, '2020-03-05', 16);
#17
INSERT INTO Customers(Fname, Lname, Phone, Email) VALUES ("Eulah", "Bogisich", '421-865-1081', "Eulah_Bogisich@gmail.com");
INSERT INTO Reservations(ID, StartDate, EndDate, NumGuests, CustomerID, Source, BookedAt) VALUES(17, '2020-05-05', '2020-05-10', 1, 17, 'OTA', '2020-12-28 02:48:09');
INSERT INTO Occupancies(RoomNo, Date, ResID) VALUES (502, '2020-05-05', 17);
INSERT INTO Occupancies(RoomNo, Date, ResID) VALUES (502, '2020-05-06', 17);
INSERT INTO Occupancies(RoomNo, Date, ResID) VALUES (502, '2020-05-07', 17);
INSERT INTO Occupancies(RoomNo, Date, ResID) VALUES (502, '2020-05-08', 17);
INSERT INTO Occupancies(RoomNo, Date, ResID) VALUES (502, '2020-05-09', 17);
#18
INSERT INTO Customers(Fname, Lname, Phone, Email) VALUES ("Deion", "Heller", '702-626-6219', "Deion_Heller@gmail.com");
INSERT INTO Reservations(ID, StartDate, EndDate, NumGuests, CustomerID, Source, BookedAt) VALUES(18, '2020-10-25', '2020-10-30', 2, 18, 'OTA', '2020-12-28 02:48:09');
INSERT INTO Occupancies(RoomNo, Date, ResID) VALUES (405, '2020-10-25', 18);
INSERT INTO Occupancies(RoomNo, Date, ResID) VALUES (405, '2020-10-26', 18);
INSERT INTO Occupancies(RoomNo, Date, ResID) VALUES (405, '2020-10-27', 18);
INSERT INTO Occupancies(RoomNo, Date, ResID) VALUES (405, '2020-10-28', 18);
INSERT INTO Occupancies(RoomNo, Date, ResID) VALUES (405, '2020-10-29', 18);
#19
INSERT INTO Customers(Fname, Lname, Phone, Email) VALUES ("Nicola", "Wilkinson", '491-863-6053', "Nicola_Wilkinson@gmail.com");
INSERT INTO Reservations(ID, StartDate, EndDate, NumGuests, CustomerID, Source, BookedAt) VALUES(19, '2020-01-27', '2020-01-31', 1, 19, 'OTA', '2020-12-28 02:48:09');
INSERT INTO Occupancies(RoomNo, Date, ResID) VALUES (301, '2020-01-27', 19);
INSERT INTO Occupancies(RoomNo, Date, ResID) VALUES (301, '2020-01-28', 19);
INSERT INTO Occupancies(RoomNo, Date, ResID) VALUES (301, '2020-01-29', 19);
INSERT INTO Occupancies(RoomNo, Date, ResID) VALUES (301, '2020-01-30', 19);
#20
INSERT INTO Customers(Fname, Lname, Phone, Email) VALUES ("Isabel", "Borer", '355-778-0816', "Isabel_Borer@gmail.com");
INSERT INTO Reservations(ID, StartDate, EndDate, NumGuests, CustomerID, Source, BookedAt) VALUES(20, '2020-09-21', '2020-09-22', 2, 20, 'direct', '2020-12-28 02:48:09');
INSERT INTO Occupancies(RoomNo, Date, ResID) VALUES (104, '2020-09-21', 20);
#21
INSERT INTO Customers(Fname, Lname, Phone, Email) VALUES ("Curt", "West", '546-666-6442', "Curt_West@gmail.com");
INSERT INTO Reservations(ID, StartDate, EndDate, NumGuests, CustomerID, Source, BookedAt) VALUES(21, '2020-01-13', '2020-01-17', 1, 21, 'corporate', '2020-12-28 02:48:09');
INSERT INTO Occupancies(RoomNo, Date, ResID) VALUES (301, '2020-01-13', 21);
INSERT INTO Occupancies(RoomNo, Date, ResID) VALUES (301, '2020-01-14', 21);
INSERT INTO Occupancies(RoomNo, Date, ResID) VALUES (301, '2020-01-15', 21);
INSERT INTO Occupancies(RoomNo, Date, ResID) VALUES (301, '2020-01-16', 21);
#22
INSERT INTO Customers(Fname, Lname, Phone, Email) VALUES ("Hassie", "Moore", '424-440-8616', "Hassie_Moore@gmail.com");
INSERT INTO Reservations(ID, StartDate, EndDate, NumGuests, CustomerID, Source, BookedAt) VALUES(22, '2020-06-09', '2020-06-13', 3, 22, 'direct', '2020-12-28 02:48:09');
INSERT INTO Occupancies(RoomNo, Date, ResID) VALUES (403, '2020-06-09', 22);
INSERT INTO Occupancies(RoomNo, Date, ResID) VALUES (403, '2020-06-10', 22);
INSERT INTO Occupancies(RoomNo, Date, ResID) VALUES (403, '2020-06-11', 22);
INSERT INTO Occupancies(RoomNo, Date, ResID) VALUES (403, '2020-06-12', 22);
#23
INSERT INTO Customers(Fname, Lname, Phone, Email) VALUES ("Robin", "Collins", '296-491-0786', "Robin_Collins@gmail.com");
INSERT INTO Reservations(ID, StartDate, EndDate, NumGuests, CustomerID, Source, BookedAt) VALUES(23, '2020-05-24', '2020-05-28', 3, 23, 'corporate', '2020-12-28 02:48:09');
INSERT INTO Occupancies(RoomNo, Date, ResID) VALUES (202, '2020-05-24', 23);
INSERT INTO Occupancies(RoomNo, Date, ResID) VALUES (202, '2020-05-25', 23);
INSERT INTO Occupancies(RoomNo, Date, ResID) VALUES (202, '2020-05-26', 23);
INSERT INTO Occupancies(RoomNo, Date, ResID) VALUES (202, '2020-05-27', 23);
#24
INSERT INTO Customers(Fname, Lname, Phone, Email) VALUES ("Carli", "Kemmer", '946-861-9722', "Carli_Kemmer@gmail.com");
INSERT INTO Reservations(ID, StartDate, EndDate, NumGuests, CustomerID, Source, BookedAt) VALUES(24, '2020-09-10', '2020-09-12', 5, 24, 'OTA', '2020-12-28 02:48:09');
INSERT INTO Occupancies(RoomNo, Date, ResID) VALUES (203, '2020-09-10', 24);
INSERT INTO Occupancies(RoomNo, Date, ResID) VALUES (203, '2020-09-11', 24);
#25
INSERT INTO Customers(Fname, Lname, Phone, Email) VALUES ("Alfonso", "Bednar", '565-232-7240', "Alfonso_Bednar@gmail.com");
INSERT INTO Reservations(ID, StartDate, EndDate, NumGuests, CustomerID, Source, BookedAt) VALUES(25, '2020-07-15', '2020-07-17', 3, 25, 'corporate', '2020-12-28 02:48:09');
INSERT INTO Occupancies(RoomNo, Date, ResID) VALUES (101, '2020-07-15', 25);
INSERT INTO Occupancies(RoomNo, Date, ResID) VALUES (101, '2020-07-16', 25);
#26
INSERT INTO Customers(Fname, Lname, Phone, Email) VALUES ("Alan", "Predovic", '254-998-4329', "Alan_Predovic@gmail.com");
INSERT INTO Reservations(ID, StartDate, EndDate, NumGuests, CustomerID, Source, BookedAt) VALUES(26, '2020-07-29', '2020-08-03', 5, 26, 'direct', '2020-12-28 02:48:09');
INSERT INTO Occupancies(RoomNo, Date, ResID) VALUES (304, '2020-07-29', 26);
INSERT INTO Occupancies(RoomNo, Date, ResID) VALUES (304, '2020-07-30', 26);
INSERT INTO Occupancies(RoomNo, Date, ResID) VALUES (304, '2020-07-31', 26);
INSERT INTO Occupancies(RoomNo, Date, ResID) VALUES (304, '2020-08-01', 26);
INSERT INTO Occupancies(RoomNo, Date, ResID) VALUES (304, '2020-08-02', 26);
#27
INSERT INTO Customers(Fname, Lname, Phone, Email) VALUES ("Vince", "Abernathy", '448-371-0606', "Vince_Abernathy@gmail.com");
INSERT INTO Reservations(ID, StartDate, EndDate, NumGuests, CustomerID, Source, BookedAt) VALUES(27, '2021-05-13', '2021-05-15', 2, 27, 'OTA', '2020-12-28 02:48:09');
INSERT INTO Occupancies(RoomNo, Date, ResID) VALUES (204, '2021-05-13', 27);
INSERT INTO Occupancies(RoomNo, Date, ResID) VALUES (204, '2021-05-14', 27);
#28
INSERT INTO Customers(Fname, Lname, Phone, Email) VALUES ("Lysanne", "Ledner", '853-388-8703', "Lysanne_Ledner@gmail.com");
INSERT INTO Reservations(ID, StartDate, EndDate, NumGuests, CustomerID, Source, BookedAt) VALUES(28, '2021-01-13', '2021-01-18', 3, 28, 'OTA', '2020-12-28 02:48:09');
INSERT INTO Occupancies(RoomNo, Date, ResID) VALUES (103, '2021-01-13', 28);
INSERT INTO Occupancies(RoomNo, Date, ResID) VALUES (103, '2021-01-14', 28);
INSERT INTO Occupancies(RoomNo, Date, ResID) VALUES (103, '2021-01-15', 28);
INSERT INTO Occupancies(RoomNo, Date, ResID) VALUES (103, '2021-01-16', 28);
INSERT INTO Occupancies(RoomNo, Date, ResID) VALUES (103, '2021-01-17', 28);
#29
INSERT INTO Customers(Fname, Lname, Phone, Email) VALUES ("Luigi", "Buckridge", '990-748-8752', "Luigi_Buckridge@gmail.com");
INSERT INTO Reservations(ID, StartDate, EndDate, NumGuests, CustomerID, Source, BookedAt) VALUES(29, '2021-04-09', '2021-04-12', 2, 29, 'corporate', '2020-12-28 02:48:09');
INSERT INTO Occupancies(RoomNo, Date, ResID) VALUES (405, '2021-04-09', 29);
INSERT INTO Occupancies(RoomNo, Date, ResID) VALUES (405, '2021-04-10', 29);
INSERT INTO Occupancies(RoomNo, Date, ResID) VALUES (405, '2021-04-11', 29);
#30
INSERT INTO Customers(Fname, Lname, Phone, Email) VALUES ("Tyree", "Turner", '789-421-3333', "Tyree_Turner@gmail.com");
INSERT INTO Reservations(ID, StartDate, EndDate, NumGuests, CustomerID, Source, BookedAt) VALUES(30, '2020-09-28', '2020-10-02', 3, 30, 'direct', '2020-12-28 02:48:09');
INSERT INTO Occupancies(RoomNo, Date, ResID) VALUES (306, '2020-09-28', 30);
INSERT INTO Occupancies(RoomNo, Date, ResID) VALUES (306, '2020-09-29', 30);
INSERT INTO Occupancies(RoomNo, Date, ResID) VALUES (306, '2020-09-30', 30);
INSERT INTO Occupancies(RoomNo, Date, ResID) VALUES (306, '2020-10-01', 30);
#31
INSERT INTO Customers(Fname, Lname, Phone, Email) VALUES ("Kattie", "Blanda", '659-538-6994', "Kattie_Blanda@gmail.com");
INSERT INTO Reservations(ID, StartDate, EndDate, NumGuests, CustomerID, Source, BookedAt) VALUES(31, '2020-12-27', '2020-12-30', 5, 31, 'direct', '2020-12-28 02:48:09');
INSERT INTO Occupancies(RoomNo, Date, ResID) VALUES (401, '2020-12-27', 31);
INSERT INTO Occupancies(RoomNo, Date, ResID) VALUES (401, '2020-12-28', 31);
INSERT INTO Occupancies(RoomNo, Date, ResID) VALUES (401, '2020-12-29', 31);
#32
INSERT INTO Customers(Fname, Lname, Phone, Email) VALUES ("Federico", "Stamm", '493-534-6276', "Federico_Stamm@gmail.com");
INSERT INTO Reservations(ID, StartDate, EndDate, NumGuests, CustomerID, Source, BookedAt) VALUES(32, '2020-01-29', '2020-02-02', 1, 32, 'direct', '2020-12-28 02:48:09');
INSERT INTO Occupancies(RoomNo, Date, ResID) VALUES (205, '2020-01-29', 32);
INSERT INTO Occupancies(RoomNo, Date, ResID) VALUES (205, '2020-01-30', 32);
INSERT INTO Occupancies(RoomNo, Date, ResID) VALUES (205, '2020-01-31', 32);
INSERT INTO Occupancies(RoomNo, Date, ResID) VALUES (205, '2020-02-01', 32);
#33
INSERT INTO Customers(Fname, Lname, Phone, Email) VALUES ("Casimer", "Schiller", '593-537-3324', "Casimer_Schiller@gmail.com");
INSERT INTO Reservations(ID, StartDate, EndDate, NumGuests, CustomerID, Source, BookedAt) VALUES(33, '2020-08-07', '2020-08-11', 5, 33, 'agency', '2020-12-28 02:48:09');
INSERT INTO Occupancies(RoomNo, Date, ResID) VALUES (103, '2020-08-07', 33);
INSERT INTO Occupancies(RoomNo, Date, ResID) VALUES (103, '2020-08-08', 33);
INSERT INTO Occupancies(RoomNo, Date, ResID) VALUES (103, '2020-08-09', 33);
INSERT INTO Occupancies(RoomNo, Date, ResID) VALUES (103, '2020-08-10', 33);
#34
INSERT INTO Customers(Fname, Lname, Phone, Email) VALUES ("Brannon", "Kilback", '428-610-6953', "Brannon_Kilback@gmail.com");
INSERT INTO Reservations(ID, StartDate, EndDate, NumGuests, CustomerID, Source, BookedAt) VALUES(34, '2020-12-16', '2020-12-18', 2, 34, 'OTA', '2020-12-28 02:48:09');
INSERT INTO Occupancies(RoomNo, Date, ResID) VALUES (305, '2020-12-16', 34);
INSERT INTO Occupancies(RoomNo, Date, ResID) VALUES (305, '2020-12-17', 34);
#35
INSERT INTO Customers(Fname, Lname, Phone, Email) VALUES ("Otis", "Jacobson", '480-512-4346', "Otis_Jacobson@gmail.com");
INSERT INTO Reservations(ID, StartDate, EndDate, NumGuests, CustomerID, Source, BookedAt) VALUES(35, '2020-09-12', '2020-09-15', 4, 35, 'OTA', '2020-12-28 02:48:09');
INSERT INTO Occupancies(RoomNo, Date, ResID) VALUES (104, '2020-09-12', 35);
INSERT INTO Occupancies(RoomNo, Date, ResID) VALUES (104, '2020-09-13', 35);
INSERT INTO Occupancies(RoomNo, Date, ResID) VALUES (104, '2020-09-14', 35);
#36
INSERT INTO Customers(Fname, Lname, Phone, Email) VALUES ("Mariela", "Wilkinson", '743-212-9034', "Mariela_Wilkinson@gmail.com");
INSERT INTO Reservations(ID, StartDate, EndDate, NumGuests, CustomerID, Source, BookedAt) VALUES(36, '2020-03-31', '2020-04-03', 3, 36, 'corporate', '2020-12-28 02:48:09');
INSERT INTO Occupancies(RoomNo, Date, ResID) VALUES (505, '2020-03-31', 36);
INSERT INTO Occupancies(RoomNo, Date, ResID) VALUES (505, '2020-04-01', 36);
INSERT INTO Occupancies(RoomNo, Date, ResID) VALUES (505, '2020-04-02', 36);
#37
INSERT INTO Customers(Fname, Lname, Phone, Email) VALUES ("Ellis", "Gerhold", '959-641-5349', "Ellis_Gerhold@gmail.com");
INSERT INTO Reservations(ID, StartDate, EndDate, NumGuests, CustomerID, Source, BookedAt) VALUES(37, '2020-06-26', '2020-06-27', 4, 37, 'OTA', '2020-12-28 02:48:09');
INSERT INTO Occupancies(RoomNo, Date, ResID) VALUES (105, '2020-06-26', 37);
#38
INSERT INTO Customers(Fname, Lname, Phone, Email) VALUES ("Laurine", "Olson", '519-706-6850', "Laurine_Olson@gmail.com");
INSERT INTO Reservations(ID, StartDate, EndDate, NumGuests, CustomerID, Source, BookedAt) VALUES(38, '2020-05-10', '2020-05-14', 5, 38, 'direct', '2020-12-28 02:48:09');
INSERT INTO Occupancies(RoomNo, Date, ResID) VALUES (101, '2020-05-10', 38);
INSERT INTO Occupancies(RoomNo, Date, ResID) VALUES (101, '2020-05-11', 38);
INSERT INTO Occupancies(RoomNo, Date, ResID) VALUES (101, '2020-05-12', 38);
INSERT INTO Occupancies(RoomNo, Date, ResID) VALUES (101, '2020-05-13', 38);
#39
INSERT INTO Customers(Fname, Lname, Phone, Email) VALUES ("Andreane", "Schaefer", '993-859-5943', "Andreane_Schaefer@gmail.com");
INSERT INTO Reservations(ID, StartDate, EndDate, NumGuests, CustomerID, Source, BookedAt) VALUES(39, '2020-01-31', '2020-02-01', 4, 39, 'agency', '2020-12-28 02:48:09');
INSERT INTO Occupancies(RoomNo, Date, ResID) VALUES (503, '2020-01-31', 39);
#40
INSERT INTO Customers(Fname, Lname, Phone, Email) VALUES ("Melyna", "Deckow", '368-606-7538', "Melyna_Deckow@gmail.com");
INSERT INTO Reservations(ID, StartDate, EndDate, NumGuests, CustomerID, Source, BookedAt) VALUES(40, '2020-10-04', '2020-10-09', 2, 40, 'OTA', '2020-12-28 02:48:09');
INSERT INTO Occupancies(RoomNo, Date, ResID) VALUES (306, '2020-10-04', 40);
INSERT INTO Occupancies(RoomNo, Date, ResID) VALUES (306, '2020-10-05', 40);
INSERT INTO Occupancies(RoomNo, Date, ResID) VALUES (306, '2020-10-06', 40);
INSERT INTO Occupancies(RoomNo, Date, ResID) VALUES (306, '2020-10-07', 40);
INSERT INTO Occupancies(RoomNo, Date, ResID) VALUES (306, '2020-10-08', 40);
#41
INSERT INTO Customers(Fname, Lname, Phone, Email) VALUES ("Rita", "Stoltenberg", '938-355-8420', "Rita_Stoltenberg@gmail.com");
INSERT INTO Reservations(ID, StartDate, EndDate, NumGuests, CustomerID, Source, BookedAt) VALUES(41, '2020-03-27', '2020-03-30', 2, 41, 'OTA', '2020-12-28 02:48:09');
INSERT INTO Occupancies(RoomNo, Date, ResID) VALUES (504, '2020-03-27', 41);
INSERT INTO Occupancies(RoomNo, Date, ResID) VALUES (504, '2020-03-28', 41);
INSERT INTO Occupancies(RoomNo, Date, ResID) VALUES (504, '2020-03-29', 41);
#42
INSERT INTO Customers(Fname, Lname, Phone, Email) VALUES ("Creola", "Graham", '657-532-8461', "Creola_Graham@gmail.com");
INSERT INTO Reservations(ID, StartDate, EndDate, NumGuests, CustomerID, Source, BookedAt) VALUES(42, '2020-05-25', '2020-05-28', 1, 42, 'direct', '2020-12-28 02:48:09');
INSERT INTO Occupancies(RoomNo, Date, ResID) VALUES (305, '2020-05-25', 42);
INSERT INTO Occupancies(RoomNo, Date, ResID) VALUES (305, '2020-05-26', 42);
INSERT INTO Occupancies(RoomNo, Date, ResID) VALUES (305, '2020-05-27', 42);
#43
INSERT INTO Customers(Fname, Lname, Phone, Email) VALUES ("Jedidiah", "Smith", '681-879-8413', "Jedidiah_Smith@gmail.com");
INSERT INTO Reservations(ID, StartDate, EndDate, NumGuests, CustomerID, Source, BookedAt) VALUES(43, '2020-04-15', '2020-04-16', 3, 43, 'corporate', '2020-12-28 02:48:09');
INSERT INTO Occupancies(RoomNo, Date, ResID) VALUES (202, '2020-04-15', 43);
#44
INSERT INTO Customers(Fname, Lname, Phone, Email) VALUES ("Hallie", "Dach", '717-823-5940', "Hallie_Dach@gmail.com");
INSERT INTO Reservations(ID, StartDate, EndDate, NumGuests, CustomerID, Source, BookedAt) VALUES(44, '2020-01-20', '2020-01-21', 1, 44, 'direct', '2020-12-28 02:48:09');
INSERT INTO Occupancies(RoomNo, Date, ResID) VALUES (104, '2020-01-20', 44);
#45
INSERT INTO Customers(Fname, Lname, Phone, Email) VALUES ("Aidan", "Waelchi", '284-381-4050', "Aidan_Waelchi@gmail.com");
INSERT INTO Reservations(ID, StartDate, EndDate, NumGuests, CustomerID, Source, BookedAt) VALUES(45, '2020-05-17', '2020-05-19', 3, 45, 'direct', '2020-12-28 02:48:09');
INSERT INTO Occupancies(RoomNo, Date, ResID) VALUES (504, '2020-05-17', 45);
INSERT INTO Occupancies(RoomNo, Date, ResID) VALUES (504, '2020-05-18', 45);
#46
INSERT INTO Customers(Fname, Lname, Phone, Email) VALUES ("D'angelo", "Ruecker", '347-759-0673', "D'angelo_Ruecker@gmail.com");
INSERT INTO Reservations(ID, StartDate, EndDate, NumGuests, CustomerID, Source, BookedAt) VALUES(46, '2020-11-05', '2020-11-07', 4, 46, 'OTA', '2020-12-28 02:48:09');
INSERT INTO Occupancies(RoomNo, Date, ResID) VALUES (506, '2020-11-05', 46);
INSERT INTO Occupancies(RoomNo, Date, ResID) VALUES (506, '2020-11-06', 46);
#47
INSERT INTO Customers(Fname, Lname, Phone, Email) VALUES ("Tyson", "Schulist", '779-582-0259', "Tyson_Schulist@gmail.com");
INSERT INTO Reservations(ID, StartDate, EndDate, NumGuests, CustomerID, Source, BookedAt) VALUES(47, '2020-12-28', '2020-12-30', 4, 47, 'direct', '2020-12-28 02:48:09');
INSERT INTO Occupancies(RoomNo, Date, ResID) VALUES (106, '2020-12-28', 47);
INSERT INTO Occupancies(RoomNo, Date, ResID) VALUES (106, '2020-12-29', 47);
#48
INSERT INTO Customers(Fname, Lname, Phone, Email) VALUES ("Preston", "Barton", '805-523-0120', "Preston_Barton@gmail.com");
INSERT INTO Reservations(ID, StartDate, EndDate, NumGuests, CustomerID, Source, BookedAt) VALUES(48, '2020-12-27', '2021-01-01', 4, 48, 'OTA', '2020-12-28 02:48:09');
INSERT INTO Occupancies(RoomNo, Date, ResID) VALUES (302, '2020-12-27', 48);
INSERT INTO Occupancies(RoomNo, Date, ResID) VALUES (302, '2020-12-28', 48);
INSERT INTO Occupancies(RoomNo, Date, ResID) VALUES (302, '2020-12-29', 48);
INSERT INTO Occupancies(RoomNo, Date, ResID) VALUES (302, '2020-12-30', 48);
INSERT INTO Occupancies(RoomNo, Date, ResID) VALUES (302, '2020-12-31', 48);
#49
INSERT INTO Customers(Fname, Lname, Phone, Email) VALUES ("Kavon", "Haag", '765-667-4121', "Kavon_Haag@gmail.com");
INSERT INTO Reservations(ID, StartDate, EndDate, NumGuests, CustomerID, Source, BookedAt) VALUES(49, '2020-06-11', '2020-06-15', 3, 49, 'agency', '2020-12-28 02:48:09');
INSERT INTO Occupancies(RoomNo, Date, ResID) VALUES (302, '2020-06-11', 49);
INSERT INTO Occupancies(RoomNo, Date, ResID) VALUES (302, '2020-06-12', 49);
INSERT INTO Occupancies(RoomNo, Date, ResID) VALUES (302, '2020-06-13', 49);
INSERT INTO Occupancies(RoomNo, Date, ResID) VALUES (302, '2020-06-14', 49);
#50
INSERT INTO Customers(Fname, Lname, Phone, Email) VALUES ("Abdul", "Greenholt", '949-435-4695', "Abdul_Greenholt@gmail.com");
INSERT INTO Reservations(ID, StartDate, EndDate, NumGuests, CustomerID, Source, BookedAt) VALUES(50, '2020-12-27', '2021-01-01', 1, 50, 'OTA', '2020-12-28 02:48:09');
INSERT INTO Occupancies(RoomNo, Date, ResID) VALUES (502, '2020-12-27', 50);
INSERT INTO Occupancies(RoomNo, Date, ResID) VALUES (502, '2020-12-28', 50);
INSERT INTO Occupancies(RoomNo, Date, ResID) VALUES (502, '2020-12-29', 50);
INSERT INTO Occupancies(RoomNo, Date, ResID) VALUES (502, '2020-12-30', 50);
INSERT INTO Occupancies(RoomNo, Date, ResID) VALUES (502, '2020-12-31', 50);
#51
INSERT INTO Customers(Fname, Lname, Phone, Email) VALUES ("Hollie", "Russel", '240-446-7705', "Hollie_Russel@gmail.com");
INSERT INTO Reservations(ID, StartDate, EndDate, NumGuests, CustomerID, Source, BookedAt) VALUES(51, '2020-02-10', '2020-02-15', 4, 51, 'OTA', '2020-12-28 02:48:09');
INSERT INTO Occupancies(RoomNo, Date, ResID) VALUES (305, '2020-02-10', 51);
INSERT INTO Occupancies(RoomNo, Date, ResID) VALUES (305, '2020-02-11', 51);
INSERT INTO Occupancies(RoomNo, Date, ResID) VALUES (305, '2020-02-12', 51);
INSERT INTO Occupancies(RoomNo, Date, ResID) VALUES (305, '2020-02-13', 51);
INSERT INTO Occupancies(RoomNo, Date, ResID) VALUES (305, '2020-02-14', 51);
#52
INSERT INTO Customers(Fname, Lname, Phone, Email) VALUES ("Tony", "Hermiston", '481-779-9459', "Tony_Hermiston@gmail.com");
INSERT INTO Reservations(ID, StartDate, EndDate, NumGuests, CustomerID, Source, BookedAt) VALUES(52, '2020-02-01', '2020-02-02', 5, 52, 'corporate', '2020-12-28 02:48:09');
INSERT INTO Occupancies(RoomNo, Date, ResID) VALUES (401, '2020-02-01', 52);
#53
INSERT INTO Customers(Fname, Lname, Phone, Email) VALUES ("Camila", "Strosin", '276-991-6393', "Camila_Strosin@gmail.com");
INSERT INTO Reservations(ID, StartDate, EndDate, NumGuests, CustomerID, Source, BookedAt) VALUES(53, '2020-08-17', '2020-08-20', 5, 53, 'agency', '2020-12-28 02:48:09');
INSERT INTO Occupancies(RoomNo, Date, ResID) VALUES (506, '2020-08-17', 53);
INSERT INTO Occupancies(RoomNo, Date, ResID) VALUES (506, '2020-08-18', 53);
INSERT INTO Occupancies(RoomNo, Date, ResID) VALUES (506, '2020-08-19', 53);
#54
INSERT INTO Customers(Fname, Lname, Phone, Email) VALUES ("Lennie", "Lehner", '891-375-6627', "Lennie_Lehner@gmail.com");
INSERT INTO Reservations(ID, StartDate, EndDate, NumGuests, CustomerID, Source, BookedAt) VALUES(54, '2020-12-27', '2020-12-28', 2, 54, 'direct', '2020-12-28 02:48:09');
INSERT INTO Occupancies(RoomNo, Date, ResID) VALUES (501, '2020-12-27', 54);
#55
INSERT INTO Customers(Fname, Lname, Phone, Email) VALUES ("Amya", "Casper", '251-366-0984', "Amya_Casper@gmail.com");
INSERT INTO Reservations(ID, StartDate, EndDate, NumGuests, CustomerID, Source, BookedAt) VALUES(55, '2020-12-28', '2020-12-30', 1, 55, 'direct', '2020-12-28 02:48:09');
INSERT INTO Occupancies(RoomNo, Date, ResID) VALUES (201, '2020-12-28', 55);
INSERT INTO Occupancies(RoomNo, Date, ResID) VALUES (201, '2020-12-29', 55);
#56
INSERT INTO Customers(Fname, Lname, Phone, Email) VALUES ("Dudley", "Hills", '395-948-6296', "Dudley_Hills@gmail.com");
INSERT INTO Reservations(ID, StartDate, EndDate, NumGuests, CustomerID, Source, BookedAt) VALUES(56, '2020-12-28', '2020-12-31', 4, 56, 'direct', '2020-12-28 02:48:09');
INSERT INTO Occupancies(RoomNo, Date, ResID) VALUES (202, '2020-12-28', 56);
INSERT INTO Occupancies(RoomNo, Date, ResID) VALUES (202, '2020-12-29', 56);
INSERT INTO Occupancies(RoomNo, Date, ResID) VALUES (202, '2020-12-30', 56);
#57
INSERT INTO Customers(Fname, Lname, Phone, Email) VALUES ("Cleveland", "Pfeffer", '637-705-3395', "Cleveland_Pfeffer@gmail.com");
INSERT INTO Reservations(ID, StartDate, EndDate, NumGuests, CustomerID, Source, BookedAt) VALUES(57, '2020-12-27', '2020-12-31', 1, 57, 'OTA', '2020-12-28 02:48:09');
INSERT INTO Occupancies(RoomNo, Date, ResID) VALUES (403, '2020-12-27', 57);
INSERT INTO Occupancies(RoomNo, Date, ResID) VALUES (403, '2020-12-28', 57);
INSERT INTO Occupancies(RoomNo, Date, ResID) VALUES (403, '2020-12-29', 57);
INSERT INTO Occupancies(RoomNo, Date, ResID) VALUES (403, '2020-12-30', 57);
#58
INSERT INTO Customers(Fname, Lname, Phone, Email) VALUES ("Elinore", "Champlin", '955-284-7917', "Elinore_Champlin@gmail.com");
INSERT INTO Reservations(ID, StartDate, EndDate, NumGuests, CustomerID, Source, BookedAt) VALUES(58, '2020-09-01', '2020-09-06', 4, 58, 'direct', '2020-12-28 02:48:09');
INSERT INTO Occupancies(RoomNo, Date, ResID) VALUES (304, '2020-09-01', 58);
INSERT INTO Occupancies(RoomNo, Date, ResID) VALUES (304, '2020-09-02', 58);
INSERT INTO Occupancies(RoomNo, Date, ResID) VALUES (304, '2020-09-03', 58);
INSERT INTO Occupancies(RoomNo, Date, ResID) VALUES (304, '2020-09-04', 58);
INSERT INTO Occupancies(RoomNo, Date, ResID) VALUES (304, '2020-09-05', 58);
#59
INSERT INTO Customers(Fname, Lname, Phone, Email) VALUES ("Jarred", "White", '348-459-6800', "Jarred_White@gmail.com");
INSERT INTO Reservations(ID, StartDate, EndDate, NumGuests, CustomerID, Source, BookedAt) VALUES(59, '2020-04-15', '2020-04-16', 1, 59, 'OTA', '2020-12-28 02:48:09');
INSERT INTO Occupancies(RoomNo, Date, ResID) VALUES (302, '2020-04-15', 59);
#60
INSERT INTO Customers(Fname, Lname, Phone, Email) VALUES ("Clinton", "Armstrong", '400-490-8087', "Clinton_Armstrong@gmail.com");
INSERT INTO Reservations(ID, StartDate, EndDate, NumGuests, CustomerID, Source, BookedAt) VALUES(60, '2020-12-08', '2020-12-09', 4, 60, 'corporate', '2020-12-28 02:48:09');
INSERT INTO Occupancies(RoomNo, Date, ResID) VALUES (305, '2020-12-08', 60);
#61
INSERT INTO Customers(Fname, Lname, Phone, Email) VALUES ("Graham", "Schmidt", '966-205-6382', "Graham_Schmidt@gmail.com");
INSERT INTO Reservations(ID, StartDate, EndDate, NumGuests, CustomerID, Source, BookedAt) VALUES(61, '2020-05-22', '2020-05-25', 3, 61, 'OTA', '2020-12-28 02:48:09');
INSERT INTO Occupancies(RoomNo, Date, ResID) VALUES (105, '2020-05-22', 61);
INSERT INTO Occupancies(RoomNo, Date, ResID) VALUES (105, '2020-05-23', 61);
INSERT INTO Occupancies(RoomNo, Date, ResID) VALUES (105, '2020-05-24', 61);
#62
INSERT INTO Customers(Fname, Lname, Phone, Email) VALUES ("Candice", "Morar", '225-818-0530', "Candice_Morar@gmail.com");
INSERT INTO Reservations(ID, StartDate, EndDate, NumGuests, CustomerID, Source, BookedAt) VALUES(62, '2020-12-28', '2021-01-01', 2, 62, 'direct', '2020-12-28 02:48:09');
INSERT INTO Occupancies(RoomNo, Date, ResID) VALUES (104, '2020-12-28', 62);
INSERT INTO Occupancies(RoomNo, Date, ResID) VALUES (104, '2020-12-29', 62);
INSERT INTO Occupancies(RoomNo, Date, ResID) VALUES (104, '2020-12-30', 62);
INSERT INTO Occupancies(RoomNo, Date, ResID) VALUES (104, '2020-12-31', 62);
#63
INSERT INTO Customers(Fname, Lname, Phone, Email) VALUES ("Delpha", "Gulgowski", '967-605-2185', "Delpha_Gulgowski@gmail.com");
INSERT INTO Reservations(ID, StartDate, EndDate, NumGuests, CustomerID, Source, BookedAt) VALUES(63, '2020-10-04', '2020-10-07', 1, 63, 'direct', '2020-12-28 02:48:09');
INSERT INTO Occupancies(RoomNo, Date, ResID) VALUES (502, '2020-10-04', 63);
INSERT INTO Occupancies(RoomNo, Date, ResID) VALUES (502, '2020-10-05', 63);
INSERT INTO Occupancies(RoomNo, Date, ResID) VALUES (502, '2020-10-06', 63);
#64
INSERT INTO Customers(Fname, Lname, Phone, Email) VALUES ("Maddison", "Jones", '912-635-9422', "Maddison_Jones@gmail.com");
INSERT INTO Reservations(ID, StartDate, EndDate, NumGuests, CustomerID, Source, BookedAt) VALUES(64, '2020-04-17', '2020-04-20', 4, 64, 'OTA', '2020-12-28 02:48:09');
INSERT INTO Occupancies(RoomNo, Date, ResID) VALUES (504, '2020-04-17', 64);
INSERT INTO Occupancies(RoomNo, Date, ResID) VALUES (504, '2020-04-18', 64);
INSERT INTO Occupancies(RoomNo, Date, ResID) VALUES (504, '2020-04-19', 64);
#65
INSERT INTO Customers(Fname, Lname, Phone, Email) VALUES ("Dedric", "Nicolas", '547-308-9359', "Dedric_Nicolas@gmail.com");
INSERT INTO Reservations(ID, StartDate, EndDate, NumGuests, CustomerID, Source, BookedAt) VALUES(65, '2020-04-21', '2020-04-23', 1, 65, 'direct', '2020-12-28 02:48:09');
INSERT INTO Occupancies(RoomNo, Date, ResID) VALUES (104, '2020-04-21', 65);
INSERT INTO Occupancies(RoomNo, Date, ResID) VALUES (104, '2020-04-22', 65);
#66
INSERT INTO Customers(Fname, Lname, Phone, Email) VALUES ("Chelsey", "Hilpert", '659-810-8718', "Chelsey_Hilpert@gmail.com");
INSERT INTO Reservations(ID, StartDate, EndDate, NumGuests, CustomerID, Source, BookedAt) VALUES(66, '2020-10-29', '2020-11-01', 2, 66, 'agency', '2020-12-28 02:48:09');
INSERT INTO Occupancies(RoomNo, Date, ResID) VALUES (502, '2020-10-29', 66);
INSERT INTO Occupancies(RoomNo, Date, ResID) VALUES (502, '2020-10-30', 66);
INSERT INTO Occupancies(RoomNo, Date, ResID) VALUES (502, '2020-10-31', 66);
#67
INSERT INTO Customers(Fname, Lname, Phone, Email) VALUES ("Evangeline", "McClure", '290-440-1934', "Evangeline_McClure@gmail.com");
INSERT INTO Reservations(ID, StartDate, EndDate, NumGuests, CustomerID, Source, BookedAt) VALUES(67, '2020-11-15', '2020-11-16', 4, 67, 'direct', '2020-12-28 02:48:09');
INSERT INTO Occupancies(RoomNo, Date, ResID) VALUES (502, '2020-11-15', 67);
#68
INSERT INTO Customers(Fname, Lname, Phone, Email) VALUES ("Beau", "Witting", '431-712-7647', "Beau_Witting@gmail.com");
INSERT INTO Reservations(ID, StartDate, EndDate, NumGuests, CustomerID, Source, BookedAt) VALUES(68, '2020-10-12', '2020-10-16', 3, 68, 'OTA', '2020-12-28 02:48:09');
INSERT INTO Occupancies(RoomNo, Date, ResID) VALUES (404, '2020-10-12', 68);
INSERT INTO Occupancies(RoomNo, Date, ResID) VALUES (404, '2020-10-13', 68);
INSERT INTO Occupancies(RoomNo, Date, ResID) VALUES (404, '2020-10-14', 68);
INSERT INTO Occupancies(RoomNo, Date, ResID) VALUES (404, '2020-10-15', 68);
#69
INSERT INTO Customers(Fname, Lname, Phone, Email) VALUES ("Marion", "Flatley", '633-764-6958', "Marion_Flatley@gmail.com");
INSERT INTO Reservations(ID, StartDate, EndDate, NumGuests, CustomerID, Source, BookedAt) VALUES(69, '2020-08-07', '2020-08-08', 3, 69, 'OTA', '2020-12-28 02:48:09');
INSERT INTO Occupancies(RoomNo, Date, ResID) VALUES (401, '2020-08-07', 69);
#70
INSERT INTO Customers(Fname, Lname, Phone, Email) VALUES ("Otto", "Price", '748-961-1841', "Otto_Price@gmail.com");
INSERT INTO Reservations(ID, StartDate, EndDate, NumGuests, CustomerID, Source, BookedAt) VALUES(70, '2021-08-04', '2021-08-08', 2, 70, 'agency', '2020-12-28 02:48:09');
INSERT INTO Occupancies(RoomNo, Date, ResID) VALUES (504, '2021-08-04', 70);
INSERT INTO Occupancies(RoomNo, Date, ResID) VALUES (504, '2021-08-05', 70);
INSERT INTO Occupancies(RoomNo, Date, ResID) VALUES (504, '2021-08-06', 70);
INSERT INTO Occupancies(RoomNo, Date, ResID) VALUES (504, '2021-08-07', 70);
#71
INSERT INTO Customers(Fname, Lname, Phone, Email) VALUES ("Rebeka", "Hartmann", '354-787-1425', "Rebeka_Hartmann@gmail.com");
INSERT INTO Reservations(ID, StartDate, EndDate, NumGuests, CustomerID, Source, BookedAt) VALUES(71, '2020-09-01', '2020-09-02', 3, 71, 'corporate', '2020-12-28 02:48:09');
INSERT INTO Occupancies(RoomNo, Date, ResID) VALUES (503, '2020-09-01', 71);
#72
INSERT INTO Customers(Fname, Lname, Phone, Email) VALUES ("Alexandrine", "Hermann", '271-699-2359', "Alexandrine_Hermann@gmail.com");
INSERT INTO Reservations(ID, StartDate, EndDate, NumGuests, CustomerID, Source, BookedAt) VALUES(72, '2020-07-14', '2020-07-17', 5, 72, 'OTA', '2020-12-28 02:48:09');
INSERT INTO Occupancies(RoomNo, Date, ResID) VALUES (306, '2020-07-14', 72);
INSERT INTO Occupancies(RoomNo, Date, ResID) VALUES (306, '2020-07-15', 72);
INSERT INTO Occupancies(RoomNo, Date, ResID) VALUES (306, '2020-07-16', 72);
#73
INSERT INTO Customers(Fname, Lname, Phone, Email) VALUES ("Scotty", "Crona", '871-250-0577', "Scotty_Crona@gmail.com");
INSERT INTO Reservations(ID, StartDate, EndDate, NumGuests, CustomerID, Source, BookedAt) VALUES(73, '2020-05-06', '2020-05-09', 5, 73, 'corporate', '2020-12-28 02:48:09');
INSERT INTO Occupancies(RoomNo, Date, ResID) VALUES (505, '2020-05-06', 73);
INSERT INTO Occupancies(RoomNo, Date, ResID) VALUES (505, '2020-05-07', 73);
INSERT INTO Occupancies(RoomNo, Date, ResID) VALUES (505, '2020-05-08', 73);
#74
INSERT INTO Customers(Fname, Lname, Phone, Email) VALUES ("Maddison", "Turner", '437-959-7410', "Maddison_Turner@gmail.com");
INSERT INTO Reservations(ID, StartDate, EndDate, NumGuests, CustomerID, Source, BookedAt) VALUES(74, '2020-07-28', '2020-07-31', 1, 74, 'OTA', '2020-12-28 02:48:09');
INSERT INTO Occupancies(RoomNo, Date, ResID) VALUES (401, '2020-07-28', 74);
INSERT INTO Occupancies(RoomNo, Date, ResID) VALUES (401, '2020-07-29', 74);
INSERT INTO Occupancies(RoomNo, Date, ResID) VALUES (401, '2020-07-30', 74);
#75
INSERT INTO Customers(Fname, Lname, Phone, Email) VALUES ("Mortimer", "Prohaska", '925-493-6700', "Mortimer_Prohaska@gmail.com");
INSERT INTO Reservations(ID, StartDate, EndDate, NumGuests, CustomerID, Source, BookedAt) VALUES(75, '2021-03-23', '2021-03-26', 1, 75, 'OTA', '2020-12-28 02:48:09');
INSERT INTO Occupancies(RoomNo, Date, ResID) VALUES (305, '2021-03-23', 75);
INSERT INTO Occupancies(RoomNo, Date, ResID) VALUES (305, '2021-03-24', 75);
INSERT INTO Occupancies(RoomNo, Date, ResID) VALUES (305, '2021-03-25', 75);
#76
INSERT INTO Customers(Fname, Lname, Phone, Email) VALUES ("Adele", "Hessel", '340-488-8451', "Adele_Hessel@gmail.com");
INSERT INTO Reservations(ID, StartDate, EndDate, NumGuests, CustomerID, Source, BookedAt) VALUES(76, '2020-12-27', '2020-12-30', 4, 76, 'OTA', '2020-12-28 02:48:09');
INSERT INTO Occupancies(RoomNo, Date, ResID) VALUES (203, '2020-12-27', 76);
INSERT INTO Occupancies(RoomNo, Date, ResID) VALUES (203, '2020-12-28', 76);
INSERT INTO Occupancies(RoomNo, Date, ResID) VALUES (203, '2020-12-29', 76);
#77
INSERT INTO Customers(Fname, Lname, Phone, Email) VALUES ("Rosie", "Reichert", '387-664-6890', "Rosie_Reichert@gmail.com");
INSERT INTO Reservations(ID, StartDate, EndDate, NumGuests, CustomerID, Source, BookedAt) VALUES(77, '2020-07-03', '2020-07-07', 3, 77, 'OTA', '2020-12-28 02:48:09');
INSERT INTO Occupancies(RoomNo, Date, ResID) VALUES (204, '2020-07-03', 77);
INSERT INTO Occupancies(RoomNo, Date, ResID) VALUES (204, '2020-07-04', 77);
INSERT INTO Occupancies(RoomNo, Date, ResID) VALUES (204, '2020-07-05', 77);
INSERT INTO Occupancies(RoomNo, Date, ResID) VALUES (204, '2020-07-06', 77);
#78
INSERT INTO Customers(Fname, Lname, Phone, Email) VALUES ("Rollin", "Morar", '206-716-9452', "Rollin_Morar@gmail.com");
INSERT INTO Reservations(ID, StartDate, EndDate, NumGuests, CustomerID, Source, BookedAt) VALUES(78, '2020-02-22', '2020-02-25', 2, 78, 'direct', '2020-12-28 02:48:09');
INSERT INTO Occupancies(RoomNo, Date, ResID) VALUES (304, '2020-02-22', 78);
INSERT INTO Occupancies(RoomNo, Date, ResID) VALUES (304, '2020-02-23', 78);
INSERT INTO Occupancies(RoomNo, Date, ResID) VALUES (304, '2020-02-24', 78);
#79
INSERT INTO Customers(Fname, Lname, Phone, Email) VALUES ("Fausto", "Mertz", '421-408-7381', "Fausto_Mertz@gmail.com");
INSERT INTO Reservations(ID, StartDate, EndDate, NumGuests, CustomerID, Source, BookedAt) VALUES(79, '2021-09-18', '2021-09-19', 1, 79, 'agency', '2020-12-28 02:48:09');
INSERT INTO Occupancies(RoomNo, Date, ResID) VALUES (104, '2021-09-18', 79);
#80
INSERT INTO Customers(Fname, Lname, Phone, Email) VALUES ("Godfrey", "Okuneva", '397-480-6208', "Godfrey_Okuneva@gmail.com");
INSERT INTO Reservations(ID, StartDate, EndDate, NumGuests, CustomerID, Source, BookedAt) VALUES(80, '2020-02-29', '2020-03-01', 5, 80, 'direct', '2020-12-28 02:48:09');
INSERT INTO Occupancies(RoomNo, Date, ResID) VALUES (101, '2020-02-29', 80);
#81
INSERT INTO Customers(Fname, Lname, Phone, Email) VALUES ("Olin", "Trantow", '644-975-8764', "Olin_Trantow@gmail.com");
INSERT INTO Reservations(ID, StartDate, EndDate, NumGuests, CustomerID, Source, BookedAt) VALUES(81, '2020-04-02', '2020-04-04', 2, 81, 'OTA', '2020-12-28 02:48:09');
INSERT INTO Occupancies(RoomNo, Date, ResID) VALUES (402, '2020-04-02', 81);
INSERT INTO Occupancies(RoomNo, Date, ResID) VALUES (402, '2020-04-03', 81);
#82
INSERT INTO Customers(Fname, Lname, Phone, Email) VALUES ("Cleta", "Hammes", '457-402-0961', "Cleta_Hammes@gmail.com");
INSERT INTO Reservations(ID, StartDate, EndDate, NumGuests, CustomerID, Source, BookedAt) VALUES(82, '2020-08-28', '2020-09-02', 3, 82, 'direct', '2020-12-28 02:48:09');
INSERT INTO Occupancies(RoomNo, Date, ResID) VALUES (305, '2020-08-28', 82);
INSERT INTO Occupancies(RoomNo, Date, ResID) VALUES (305, '2020-08-29', 82);
INSERT INTO Occupancies(RoomNo, Date, ResID) VALUES (305, '2020-08-30', 82);
INSERT INTO Occupancies(RoomNo, Date, ResID) VALUES (305, '2020-08-31', 82);
INSERT INTO Occupancies(RoomNo, Date, ResID) VALUES (305, '2020-09-01', 82);
#83
INSERT INTO Customers(Fname, Lname, Phone, Email) VALUES ("Erin", "Waters", '729-403-1170', "Erin_Waters@gmail.com");
INSERT INTO Reservations(ID, StartDate, EndDate, NumGuests, CustomerID, Source, BookedAt) VALUES(83, '2020-09-25', '2020-09-27', 2, 83, 'direct', '2020-12-28 02:48:09');
INSERT INTO Occupancies(RoomNo, Date, ResID) VALUES (103, '2020-09-25', 83);
INSERT INTO Occupancies(RoomNo, Date, ResID) VALUES (103, '2020-09-26', 83);
#84
INSERT INTO Customers(Fname, Lname, Phone, Email) VALUES ("Micaela", "Kutch", '404-667-5073', "Micaela_Kutch@gmail.com");
INSERT INTO Reservations(ID, StartDate, EndDate, NumGuests, CustomerID, Source, BookedAt) VALUES(84, '2020-11-06', '2020-11-10', 5, 84, 'OTA', '2020-12-28 02:48:09');
INSERT INTO Occupancies(RoomNo, Date, ResID) VALUES (304, '2020-11-06', 84);
INSERT INTO Occupancies(RoomNo, Date, ResID) VALUES (304, '2020-11-07', 84);
INSERT INTO Occupancies(RoomNo, Date, ResID) VALUES (304, '2020-11-08', 84);
INSERT INTO Occupancies(RoomNo, Date, ResID) VALUES (304, '2020-11-09', 84);
#85
INSERT INTO Customers(Fname, Lname, Phone, Email) VALUES ("Tracy", "Quitzon", '399-959-5265', "Tracy_Quitzon@gmail.com");
INSERT INTO Reservations(ID, StartDate, EndDate, NumGuests, CustomerID, Source, BookedAt) VALUES(85, '2020-04-07', '2020-04-11', 5, 85, 'OTA', '2020-12-28 02:48:09');
INSERT INTO Occupancies(RoomNo, Date, ResID) VALUES (205, '2020-04-07', 85);
INSERT INTO Occupancies(RoomNo, Date, ResID) VALUES (205, '2020-04-08', 85);
INSERT INTO Occupancies(RoomNo, Date, ResID) VALUES (205, '2020-04-09', 85);
INSERT INTO Occupancies(RoomNo, Date, ResID) VALUES (205, '2020-04-10', 85);
#86
INSERT INTO Customers(Fname, Lname, Phone, Email) VALUES ("Wilbert", "Swaniawski", '303-968-6637', "Wilbert_Swaniawski@gmail.com");
INSERT INTO Reservations(ID, StartDate, EndDate, NumGuests, CustomerID, Source, BookedAt) VALUES(86, '2020-12-27', '2021-01-01', 1, 86, 'agency', '2020-12-28 02:48:09');
INSERT INTO Occupancies(RoomNo, Date, ResID) VALUES (204, '2020-12-27', 86);
INSERT INTO Occupancies(RoomNo, Date, ResID) VALUES (204, '2020-12-28', 86);
INSERT INTO Occupancies(RoomNo, Date, ResID) VALUES (204, '2020-12-29', 86);
INSERT INTO Occupancies(RoomNo, Date, ResID) VALUES (204, '2020-12-30', 86);
INSERT INTO Occupancies(RoomNo, Date, ResID) VALUES (204, '2020-12-31', 86);
#87
INSERT INTO Customers(Fname, Lname, Phone, Email) VALUES ("Beulah", "Beer", '758-355-3224', "Beulah_Beer@gmail.com");
INSERT INTO Reservations(ID, StartDate, EndDate, NumGuests, CustomerID, Source, BookedAt) VALUES(87, '2020-12-28', '2020-12-31', 3, 87, 'OTA', '2020-12-28 02:48:09');
INSERT INTO Occupancies(RoomNo, Date, ResID) VALUES (404, '2020-12-28', 87);
INSERT INTO Occupancies(RoomNo, Date, ResID) VALUES (404, '2020-12-29', 87);
INSERT INTO Occupancies(RoomNo, Date, ResID) VALUES (404, '2020-12-30', 87);
#88
INSERT INTO Customers(Fname, Lname, Phone, Email) VALUES ("Wilbert", "Kihn", '334-733-8593', "Wilbert_Kihn@gmail.com");
INSERT INTO Reservations(ID, StartDate, EndDate, NumGuests, CustomerID, Source, BookedAt) VALUES(88, '2020-02-21', '2020-02-24', 3, 88, 'corporate', '2020-12-28 02:48:09');
INSERT INTO Occupancies(RoomNo, Date, ResID) VALUES (103, '2020-02-21', 88);
INSERT INTO Occupancies(RoomNo, Date, ResID) VALUES (103, '2020-02-22', 88);
INSERT INTO Occupancies(RoomNo, Date, ResID) VALUES (103, '2020-02-23', 88);
#89
INSERT INTO Customers(Fname, Lname, Phone, Email) VALUES ("Roosevelt", "Stroman", '808-806-0640', "Roosevelt_Stroman@gmail.com");
INSERT INTO Reservations(ID, StartDate, EndDate, NumGuests, CustomerID, Source, BookedAt) VALUES(89, '2020-06-18', '2020-06-20', 3, 89, 'direct', '2020-12-28 02:48:09');
INSERT INTO Occupancies(RoomNo, Date, ResID) VALUES (501, '2020-06-18', 89);
INSERT INTO Occupancies(RoomNo, Date, ResID) VALUES (501, '2020-06-19', 89);
#90
INSERT INTO Customers(Fname, Lname, Phone, Email) VALUES ("Laura", "Weber", '968-980-8741', "Laura_Weber@gmail.com");
INSERT INTO Reservations(ID, StartDate, EndDate, NumGuests, CustomerID, Source, BookedAt) VALUES(90, '2020-01-28', '2020-01-29', 5, 90, 'direct', '2020-12-28 02:48:09');
INSERT INTO Occupancies(RoomNo, Date, ResID) VALUES (501, '2020-01-28', 90);
#91
INSERT INTO Customers(Fname, Lname, Phone, Email) VALUES ("Nya", "Walker", '275-513-0593', "Nya_Walker@gmail.com");
INSERT INTO Reservations(ID, StartDate, EndDate, NumGuests, CustomerID, Source, BookedAt) VALUES(91, '2020-11-09', '2020-11-11', 5, 91, 'direct', '2020-12-28 02:48:09');
INSERT INTO Occupancies(RoomNo, Date, ResID) VALUES (106, '2020-11-09', 91);
INSERT INTO Occupancies(RoomNo, Date, ResID) VALUES (106, '2020-11-10', 91);
#92
INSERT INTO Customers(Fname, Lname, Phone, Email) VALUES ("Isai", "Lang", '583-495-1685', "Isai_Lang@gmail.com");
INSERT INTO Reservations(ID, StartDate, EndDate, NumGuests, CustomerID, Source, BookedAt) VALUES(92, '2020-10-30', '2020-11-01', 1, 92, 'agency', '2020-12-28 02:48:09');
INSERT INTO Occupancies(RoomNo, Date, ResID) VALUES (206, '2020-10-30', 92);
INSERT INTO Occupancies(RoomNo, Date, ResID) VALUES (206, '2020-10-31', 92);
#93
INSERT INTO Customers(Fname, Lname, Phone, Email) VALUES ("Gayle", "Keebler", '599-768-9644', "Gayle_Keebler@gmail.com");
INSERT INTO Reservations(ID, StartDate, EndDate, NumGuests, CustomerID, Source, BookedAt) VALUES(93, '2021-06-17', '2021-06-21', 2, 93, 'OTA', '2020-12-28 02:48:09');
INSERT INTO Occupancies(RoomNo, Date, ResID) VALUES (206, '2021-06-17', 93);
INSERT INTO Occupancies(RoomNo, Date, ResID) VALUES (206, '2021-06-18', 93);
INSERT INTO Occupancies(RoomNo, Date, ResID) VALUES (206, '2021-06-19', 93);
INSERT INTO Occupancies(RoomNo, Date, ResID) VALUES (206, '2021-06-20', 93);
#94
INSERT INTO Customers(Fname, Lname, Phone, Email) VALUES ("Alta", "Lindgren", '959-811-9327', "Alta_Lindgren@gmail.com");
INSERT INTO Reservations(ID, StartDate, EndDate, NumGuests, CustomerID, Source, BookedAt) VALUES(94, '2020-05-07', '2020-05-10', 1, 94, 'corporate', '2020-12-28 02:48:09');
INSERT INTO Occupancies(RoomNo, Date, ResID) VALUES (406, '2020-05-07', 94);
INSERT INTO Occupancies(RoomNo, Date, ResID) VALUES (406, '2020-05-08', 94);
INSERT INTO Occupancies(RoomNo, Date, ResID) VALUES (406, '2020-05-09', 94);
#95
INSERT INTO Customers(Fname, Lname, Phone, Email) VALUES ("Leone", "Waters", '903-560-6130', "Leone_Waters@gmail.com");
INSERT INTO Reservations(ID, StartDate, EndDate, NumGuests, CustomerID, Source, BookedAt) VALUES(95, '2020-04-27', '2020-04-30', 3, 95, 'OTA', '2020-12-28 02:48:09');
INSERT INTO Occupancies(RoomNo, Date, ResID) VALUES (302, '2020-04-27', 95);
INSERT INTO Occupancies(RoomNo, Date, ResID) VALUES (302, '2020-04-28', 95);
INSERT INTO Occupancies(RoomNo, Date, ResID) VALUES (302, '2020-04-29', 95);
#96
INSERT INTO Customers(Fname, Lname, Phone, Email) VALUES ("Avis", "Koss", '563-216-2235', "Avis_Koss@gmail.com");
INSERT INTO Reservations(ID, StartDate, EndDate, NumGuests, CustomerID, Source, BookedAt) VALUES(96, '2020-12-28', '2020-12-29', 4, 96, 'corporate', '2020-12-28 02:48:09');
INSERT INTO Occupancies(RoomNo, Date, ResID) VALUES (501, '2020-12-28', 96);
#97
INSERT INTO Customers(Fname, Lname, Phone, Email) VALUES ("Kendrick", "Barrows", '507-491-0565', "Kendrick_Barrows@gmail.com");
INSERT INTO Reservations(ID, StartDate, EndDate, NumGuests, CustomerID, Source, BookedAt) VALUES(97, '2020-06-30', '2020-07-01', 2, 97, 'OTA', '2020-12-28 02:48:09');
INSERT INTO Occupancies(RoomNo, Date, ResID) VALUES (504, '2020-06-30', 97);
#98
INSERT INTO Customers(Fname, Lname, Phone, Email) VALUES ("Benjamin", "Leannon", '663-302-1134', "Benjamin_Leannon@gmail.com");
INSERT INTO Reservations(ID, StartDate, EndDate, NumGuests, CustomerID, Source, BookedAt) VALUES(98, '2020-08-25', '2020-08-26', 2, 98, 'OTA', '2020-12-28 02:48:09');
INSERT INTO Occupancies(RoomNo, Date, ResID) VALUES (401, '2020-08-25', 98);
#99
INSERT INTO Customers(Fname, Lname, Phone, Email) VALUES ("Jamey", "Halvorson", '862-673-4691', "Jamey_Halvorson@gmail.com");
INSERT INTO Reservations(ID, StartDate, EndDate, NumGuests, CustomerID, Source, BookedAt) VALUES(99, '2020-12-28', '2021-01-01', 5, 99, 'agency', '2020-12-28 02:48:09');
INSERT INTO Occupancies(RoomNo, Date, ResID) VALUES (406, '2020-12-28', 99);
INSERT INTO Occupancies(RoomNo, Date, ResID) VALUES (406, '2020-12-29', 99);
INSERT INTO Occupancies(RoomNo, Date, ResID) VALUES (406, '2020-12-30', 99);
INSERT INTO Occupancies(RoomNo, Date, ResID) VALUES (406, '2020-12-31', 99);
#100
INSERT INTO Customers(Fname, Lname, Phone, Email) VALUES ("Sasha", "Deckow", '775-380-0629', "Sasha_Deckow@gmail.com");
INSERT INTO Reservations(ID, StartDate, EndDate, NumGuests, CustomerID, Source, BookedAt) VALUES(100, '2020-06-05', '2020-06-10', 5, 100, 'direct', '2020-12-28 02:48:09');
INSERT INTO Occupancies(RoomNo, Date, ResID) VALUES (206, '2020-06-05', 100);
INSERT INTO Occupancies(RoomNo, Date, ResID) VALUES (206, '2020-06-06', 100);
INSERT INTO Occupancies(RoomNo, Date, ResID) VALUES (206, '2020-06-07', 100);
INSERT INTO Occupancies(RoomNo, Date, ResID) VALUES (206, '2020-06-08', 100);
INSERT INTO Occupancies(RoomNo, Date, ResID) VALUES (206, '2020-06-09', 100);
#101
INSERT INTO Customers(Fname, Lname, Phone, Email) VALUES ("Robin", "Brown", '434-629-8366', "Robin_Brown@gmail.com");
INSERT INTO Reservations(ID, StartDate, EndDate, NumGuests, CustomerID, Source, BookedAt) VALUES(101, '2021-09-27', '2021-09-28', 3, 101, 'corporate', '2020-12-28 02:48:09');
INSERT INTO Occupancies(RoomNo, Date, ResID) VALUES (305, '2021-09-27', 101);
#102
INSERT INTO Customers(Fname, Lname, Phone, Email) VALUES ("Ova", "Schultz", '756-421-9976', "Ova_Schultz@gmail.com");
INSERT INTO Reservations(ID, StartDate, EndDate, NumGuests, CustomerID, Source, BookedAt) VALUES(102, '2020-09-26', '2020-09-30', 3, 102, 'direct', '2020-12-28 02:48:09');
INSERT INTO Occupancies(RoomNo, Date, ResID) VALUES (304, '2020-09-26', 102);
INSERT INTO Occupancies(RoomNo, Date, ResID) VALUES (304, '2020-09-27', 102);
INSERT INTO Occupancies(RoomNo, Date, ResID) VALUES (304, '2020-09-28', 102);
INSERT INTO Occupancies(RoomNo, Date, ResID) VALUES (304, '2020-09-29', 102);
#103
INSERT INTO Customers(Fname, Lname, Phone, Email) VALUES ("Avis", "Erdman", '493-397-9707', "Avis_Erdman@gmail.com");
INSERT INTO Reservations(ID, StartDate, EndDate, NumGuests, CustomerID, Source, BookedAt) VALUES(103, '2021-11-20', '2021-11-22', 4, 103, 'agency', '2020-12-28 02:48:09');
INSERT INTO Occupancies(RoomNo, Date, ResID) VALUES (102, '2021-11-20', 103);
INSERT INTO Occupancies(RoomNo, Date, ResID) VALUES (102, '2021-11-21', 103);
#104
INSERT INTO Customers(Fname, Lname, Phone, Email) VALUES ("Taya", "Hettinger", '868-340-6395', "Taya_Hettinger@gmail.com");
INSERT INTO Reservations(ID, StartDate, EndDate, NumGuests, CustomerID, Source, BookedAt) VALUES(104, '2020-06-30', '2020-07-05', 4, 104, 'direct', '2020-12-28 02:48:09');
INSERT INTO Occupancies(RoomNo, Date, ResID) VALUES (304, '2020-06-30', 104);
INSERT INTO Occupancies(RoomNo, Date, ResID) VALUES (304, '2020-07-01', 104);
INSERT INTO Occupancies(RoomNo, Date, ResID) VALUES (304, '2020-07-02', 104);
INSERT INTO Occupancies(RoomNo, Date, ResID) VALUES (304, '2020-07-03', 104);
INSERT INTO Occupancies(RoomNo, Date, ResID) VALUES (304, '2020-07-04', 104);
#105
INSERT INTO Customers(Fname, Lname, Phone, Email) VALUES ("Milton", "Barton", '959-724-7106', "Milton_Barton@gmail.com");
INSERT INTO Reservations(ID, StartDate, EndDate, NumGuests, CustomerID, Source, BookedAt) VALUES(105, '2021-04-09', '2021-04-14', 1, 105, 'corporate', '2020-12-28 02:48:09');
INSERT INTO Occupancies(RoomNo, Date, ResID) VALUES (304, '2021-04-09', 105);
INSERT INTO Occupancies(RoomNo, Date, ResID) VALUES (304, '2021-04-10', 105);
INSERT INTO Occupancies(RoomNo, Date, ResID) VALUES (304, '2021-04-11', 105);
INSERT INTO Occupancies(RoomNo, Date, ResID) VALUES (304, '2021-04-12', 105);
INSERT INTO Occupancies(RoomNo, Date, ResID) VALUES (304, '2021-04-13', 105);
#106
INSERT INTO Customers(Fname, Lname, Phone, Email) VALUES ("Evan", "Bartoletti", '469-955-9676', "Evan_Bartoletti@gmail.com");
INSERT INTO Reservations(ID, StartDate, EndDate, NumGuests, CustomerID, Source, BookedAt) VALUES(106, '2020-12-16', '2020-12-20', 5, 106, 'OTA', '2020-12-28 02:48:09');
INSERT INTO Occupancies(RoomNo, Date, ResID) VALUES (404, '2020-12-16', 106);
INSERT INTO Occupancies(RoomNo, Date, ResID) VALUES (404, '2020-12-17', 106);
INSERT INTO Occupancies(RoomNo, Date, ResID) VALUES (404, '2020-12-18', 106);
INSERT INTO Occupancies(RoomNo, Date, ResID) VALUES (404, '2020-12-19', 106);
#107
INSERT INTO Customers(Fname, Lname, Phone, Email) VALUES ("Trinity", "Kris", '676-857-2641', "Trinity_Kris@gmail.com");
INSERT INTO Reservations(ID, StartDate, EndDate, NumGuests, CustomerID, Source, BookedAt) VALUES(107, '2020-12-27', '2021-01-01', 2, 107, 'direct', '2020-12-28 02:48:09');
INSERT INTO Occupancies(RoomNo, Date, ResID) VALUES (405, '2020-12-27', 107);
INSERT INTO Occupancies(RoomNo, Date, ResID) VALUES (405, '2020-12-28', 107);
INSERT INTO Occupancies(RoomNo, Date, ResID) VALUES (405, '2020-12-29', 107);
INSERT INTO Occupancies(RoomNo, Date, ResID) VALUES (405, '2020-12-30', 107);
INSERT INTO Occupancies(RoomNo, Date, ResID) VALUES (405, '2020-12-31', 107);
#108
INSERT INTO Customers(Fname, Lname, Phone, Email) VALUES ("Abdiel", "Bins", '863-376-6728', "Abdiel_Bins@gmail.com");
INSERT INTO Reservations(ID, StartDate, EndDate, NumGuests, CustomerID, Source, BookedAt) VALUES(108, '2020-07-06', '2020-07-11', 1, 108, 'OTA', '2020-12-28 02:48:09');
INSERT INTO Occupancies(RoomNo, Date, ResID) VALUES (206, '2020-07-06', 108);
INSERT INTO Occupancies(RoomNo, Date, ResID) VALUES (206, '2020-07-07', 108);
INSERT INTO Occupancies(RoomNo, Date, ResID) VALUES (206, '2020-07-08', 108);
INSERT INTO Occupancies(RoomNo, Date, ResID) VALUES (206, '2020-07-09', 108);
INSERT INTO Occupancies(RoomNo, Date, ResID) VALUES (206, '2020-07-10', 108);
#109
INSERT INTO Customers(Fname, Lname, Phone, Email) VALUES ("Ricky", "Greenholt", '797-544-5448', "Ricky_Greenholt@gmail.com");
INSERT INTO Reservations(ID, StartDate, EndDate, NumGuests, CustomerID, Source, BookedAt) VALUES(109, '2021-01-07', '2021-01-09', 4, 109, 'agency', '2020-12-28 02:48:09');
INSERT INTO Occupancies(RoomNo, Date, ResID) VALUES (406, '2021-01-07', 109);
INSERT INTO Occupancies(RoomNo, Date, ResID) VALUES (406, '2021-01-08', 109);
#110
INSERT INTO Customers(Fname, Lname, Phone, Email) VALUES ("Shanelle", "Kerluke", '810-400-6966', "Shanelle_Kerluke@gmail.com");
INSERT INTO Reservations(ID, StartDate, EndDate, NumGuests, CustomerID, Source, BookedAt) VALUES(110, '2021-12-27', '2021-12-30', 4, 110, 'direct', '2020-12-28 02:48:09');
INSERT INTO Occupancies(RoomNo, Date, ResID) VALUES (101, '2021-12-27', 110);
INSERT INTO Occupancies(RoomNo, Date, ResID) VALUES (101, '2021-12-28', 110);
INSERT INTO Occupancies(RoomNo, Date, ResID) VALUES (101, '2021-12-29', 110);
#111
INSERT INTO Customers(Fname, Lname, Phone, Email) VALUES ("Queen", "Grimes", '451-913-0877', "Queen_Grimes@gmail.com");
INSERT INTO Reservations(ID, StartDate, EndDate, NumGuests, CustomerID, Source, BookedAt) VALUES(111, '2020-12-04', '2020-12-09', 4, 111, 'agency', '2020-12-28 02:48:09');
INSERT INTO Occupancies(RoomNo, Date, ResID) VALUES (401, '2020-12-04', 111);
INSERT INTO Occupancies(RoomNo, Date, ResID) VALUES (401, '2020-12-05', 111);
INSERT INTO Occupancies(RoomNo, Date, ResID) VALUES (401, '2020-12-06', 111);
INSERT INTO Occupancies(RoomNo, Date, ResID) VALUES (401, '2020-12-07', 111);
INSERT INTO Occupancies(RoomNo, Date, ResID) VALUES (401, '2020-12-08', 111);
#112
INSERT INTO Customers(Fname, Lname, Phone, Email) VALUES ("Alisa", "Walsh", '554-967-4499', "Alisa_Walsh@gmail.com");
INSERT INTO Reservations(ID, StartDate, EndDate, NumGuests, CustomerID, Source, BookedAt) VALUES(112, '2020-05-09', '2020-05-11', 5, 112, 'OTA', '2020-12-28 02:48:09');
INSERT INTO Occupancies(RoomNo, Date, ResID) VALUES (405, '2020-05-09', 112);
INSERT INTO Occupancies(RoomNo, Date, ResID) VALUES (405, '2020-05-10', 112);
#113
INSERT INTO Customers(Fname, Lname, Phone, Email) VALUES ("Justice", "Nienow", '982-609-6929', "Justice_Nienow@gmail.com");
INSERT INTO Reservations(ID, StartDate, EndDate, NumGuests, CustomerID, Source, BookedAt) VALUES(113, '2020-07-31', '2020-08-05', 4, 113, 'OTA', '2020-12-28 02:48:09');
INSERT INTO Occupancies(RoomNo, Date, ResID) VALUES (401, '2020-07-31', 113);
INSERT INTO Occupancies(RoomNo, Date, ResID) VALUES (401, '2020-08-01', 113);
INSERT INTO Occupancies(RoomNo, Date, ResID) VALUES (401, '2020-08-02', 113);
INSERT INTO Occupancies(RoomNo, Date, ResID) VALUES (401, '2020-08-03', 113);
INSERT INTO Occupancies(RoomNo, Date, ResID) VALUES (401, '2020-08-04', 113);
#114
INSERT INTO Customers(Fname, Lname, Phone, Email) VALUES ("Nicklaus", "Schuster", '996-985-3435', "Nicklaus_Schuster@gmail.com");
INSERT INTO Reservations(ID, StartDate, EndDate, NumGuests, CustomerID, Source, BookedAt) VALUES(114, '2020-03-04', '2020-03-09', 2, 114, 'agency', '2020-12-28 02:48:09');
INSERT INTO Occupancies(RoomNo, Date, ResID) VALUES (504, '2020-03-04', 114);
INSERT INTO Occupancies(RoomNo, Date, ResID) VALUES (504, '2020-03-05', 114);
INSERT INTO Occupancies(RoomNo, Date, ResID) VALUES (504, '2020-03-06', 114);
INSERT INTO Occupancies(RoomNo, Date, ResID) VALUES (504, '2020-03-07', 114);
INSERT INTO Occupancies(RoomNo, Date, ResID) VALUES (504, '2020-03-08', 114);
#115
INSERT INTO Customers(Fname, Lname, Phone, Email) VALUES ("Tabitha", "Tillman", '764-574-0026', "Tabitha_Tillman@gmail.com");
INSERT INTO Reservations(ID, StartDate, EndDate, NumGuests, CustomerID, Source, BookedAt) VALUES(115, '2020-05-14', '2020-05-16', 2, 115, 'direct', '2020-12-28 02:48:09');
INSERT INTO Occupancies(RoomNo, Date, ResID) VALUES (206, '2020-05-14', 115);
INSERT INTO Occupancies(RoomNo, Date, ResID) VALUES (206, '2020-05-15', 115);
#116
INSERT INTO Customers(Fname, Lname, Phone, Email) VALUES ("Clara", "Bogan", '253-446-8168', "Clara_Bogan@gmail.com");
INSERT INTO Reservations(ID, StartDate, EndDate, NumGuests, CustomerID, Source, BookedAt) VALUES(116, '2020-12-28', '2021-01-02', 4, 116, 'direct', '2020-12-28 02:48:09');
INSERT INTO Occupancies(RoomNo, Date, ResID) VALUES (303, '2020-12-28', 116);
INSERT INTO Occupancies(RoomNo, Date, ResID) VALUES (303, '2020-12-29', 116);
INSERT INTO Occupancies(RoomNo, Date, ResID) VALUES (303, '2020-12-30', 116);
INSERT INTO Occupancies(RoomNo, Date, ResID) VALUES (303, '2020-12-31', 116);
INSERT INTO Occupancies(RoomNo, Date, ResID) VALUES (303, '2021-01-01', 116);
#117
INSERT INTO Customers(Fname, Lname, Phone, Email) VALUES ("Samson", "Nader", '453-806-0515', "Samson_Nader@gmail.com");
INSERT INTO Reservations(ID, StartDate, EndDate, NumGuests, CustomerID, Source, BookedAt) VALUES(117, '2020-11-16', '2020-11-19', 4, 117, 'agency', '2020-12-28 02:48:09');
INSERT INTO Occupancies(RoomNo, Date, ResID) VALUES (501, '2020-11-16', 117);
INSERT INTO Occupancies(RoomNo, Date, ResID) VALUES (501, '2020-11-17', 117);
INSERT INTO Occupancies(RoomNo, Date, ResID) VALUES (501, '2020-11-18', 117);
#118
INSERT INTO Customers(Fname, Lname, Phone, Email) VALUES ("Aidan", "Dickens", '972-995-1928', "Aidan_Dickens@gmail.com");
INSERT INTO Reservations(ID, StartDate, EndDate, NumGuests, CustomerID, Source, BookedAt) VALUES(118, '2020-11-26', '2020-11-30', 1, 118, 'agency', '2020-12-28 02:48:09');
INSERT INTO Occupancies(RoomNo, Date, ResID) VALUES (301, '2020-11-26', 118);
INSERT INTO Occupancies(RoomNo, Date, ResID) VALUES (301, '2020-11-27', 118);
INSERT INTO Occupancies(RoomNo, Date, ResID) VALUES (301, '2020-11-28', 118);
INSERT INTO Occupancies(RoomNo, Date, ResID) VALUES (301, '2020-11-29', 118);
#119
INSERT INTO Customers(Fname, Lname, Phone, Email) VALUES ("Madalyn", "Walter", '331-717-0310', "Madalyn_Walter@gmail.com");
INSERT INTO Reservations(ID, StartDate, EndDate, NumGuests, CustomerID, Source, BookedAt) VALUES(119, '2020-10-06', '2020-10-09', 1, 119, 'OTA', '2020-12-28 02:48:09');
INSERT INTO Occupancies(RoomNo, Date, ResID) VALUES (503, '2020-10-06', 119);
INSERT INTO Occupancies(RoomNo, Date, ResID) VALUES (503, '2020-10-07', 119);
INSERT INTO Occupancies(RoomNo, Date, ResID) VALUES (503, '2020-10-08', 119);
#120
INSERT INTO Customers(Fname, Lname, Phone, Email) VALUES ("Otis", "Feest", '938-582-9449', "Otis_Feest@gmail.com");
INSERT INTO Reservations(ID, StartDate, EndDate, NumGuests, CustomerID, Source, BookedAt) VALUES(120, '2020-08-26', '2020-08-28', 3, 120, 'OTA', '2020-12-28 02:48:09');
INSERT INTO Occupancies(RoomNo, Date, ResID) VALUES (103, '2020-08-26', 120);
INSERT INTO Occupancies(RoomNo, Date, ResID) VALUES (103, '2020-08-27', 120);
#121
INSERT INTO Customers(Fname, Lname, Phone, Email) VALUES ("Colton", "Schaefer", '937-245-6949', "Colton_Schaefer@gmail.com");
INSERT INTO Reservations(ID, StartDate, EndDate, NumGuests, CustomerID, Source, BookedAt) VALUES(121, '2020-01-01', '2020-01-03', 1, 121, 'direct', '2020-12-28 02:48:09');
INSERT INTO Occupancies(RoomNo, Date, ResID) VALUES (405, '2020-01-01', 121);
INSERT INTO Occupancies(RoomNo, Date, ResID) VALUES (405, '2020-01-02', 121);
#122
INSERT INTO Customers(Fname, Lname, Phone, Email) VALUES ("Shea", "Haag", '888-213-8126', "Shea_Haag@gmail.com");
INSERT INTO Reservations(ID, StartDate, EndDate, NumGuests, CustomerID, Source, BookedAt) VALUES(122, '2020-07-18', '2020-07-19', 5, 122, 'direct', '2020-12-28 02:48:09');
INSERT INTO Occupancies(RoomNo, Date, ResID) VALUES (202, '2020-07-18', 122);
#123
INSERT INTO Customers(Fname, Lname, Phone, Email) VALUES ("Janie", "Waelchi", '797-201-4133', "Janie_Waelchi@gmail.com");
INSERT INTO Reservations(ID, StartDate, EndDate, NumGuests, CustomerID, Source, BookedAt) VALUES(123, '2020-06-10', '2020-06-13', 2, 123, 'direct', '2020-12-28 02:48:09');
INSERT INTO Occupancies(RoomNo, Date, ResID) VALUES (405, '2020-06-10', 123);
INSERT INTO Occupancies(RoomNo, Date, ResID) VALUES (405, '2020-06-11', 123);
INSERT INTO Occupancies(RoomNo, Date, ResID) VALUES (405, '2020-06-12', 123);
#124
INSERT INTO Customers(Fname, Lname, Phone, Email) VALUES ("Sidney", "Jakubowski", '245-288-0846', "Sidney_Jakubowski@gmail.com");
INSERT INTO Reservations(ID, StartDate, EndDate, NumGuests, CustomerID, Source, BookedAt) VALUES(124, '2020-01-26', '2020-01-27', 1, 124, 'corporate', '2020-12-28 02:48:09');
INSERT INTO Occupancies(RoomNo, Date, ResID) VALUES (203, '2020-01-26', 124);
#125
INSERT INTO Customers(Fname, Lname, Phone, Email) VALUES ("Jeffrey", "Gleason", '416-617-9436', "Jeffrey_Gleason@gmail.com");
INSERT INTO Reservations(ID, StartDate, EndDate, NumGuests, CustomerID, Source, BookedAt) VALUES(125, '2020-01-05', '2020-01-09', 2, 125, 'agency', '2020-12-28 02:48:09');
INSERT INTO Occupancies(RoomNo, Date, ResID) VALUES (104, '2020-01-05', 125);
INSERT INTO Occupancies(RoomNo, Date, ResID) VALUES (104, '2020-01-06', 125);
INSERT INTO Occupancies(RoomNo, Date, ResID) VALUES (104, '2020-01-07', 125);
INSERT INTO Occupancies(RoomNo, Date, ResID) VALUES (104, '2020-01-08', 125);
#126
INSERT INTO Customers(Fname, Lname, Phone, Email) VALUES ("Wilber", "Hermann", '687-318-5325', "Wilber_Hermann@gmail.com");
INSERT INTO Reservations(ID, StartDate, EndDate, NumGuests, CustomerID, Source, BookedAt) VALUES(126, '2020-12-29', '2020-12-30', 3, 126, 'agency', '2020-12-28 02:48:09');
INSERT INTO Occupancies(RoomNo, Date, ResID) VALUES (506, '2020-12-29', 126);
#127
INSERT INTO Customers(Fname, Lname, Phone, Email) VALUES ("Alda", "Hyatt", '389-304-3392', "Alda_Hyatt@gmail.com");
INSERT INTO Reservations(ID, StartDate, EndDate, NumGuests, CustomerID, Source, BookedAt) VALUES(127, '2020-04-12', '2020-04-15', 4, 127, 'direct', '2020-12-28 02:48:09');
INSERT INTO Occupancies(RoomNo, Date, ResID) VALUES (104, '2020-04-12', 127);
INSERT INTO Occupancies(RoomNo, Date, ResID) VALUES (104, '2020-04-13', 127);
INSERT INTO Occupancies(RoomNo, Date, ResID) VALUES (104, '2020-04-14', 127);
#128
INSERT INTO Customers(Fname, Lname, Phone, Email) VALUES ("Cynthia", "Muller", '696-265-5675', "Cynthia_Muller@gmail.com");
INSERT INTO Reservations(ID, StartDate, EndDate, NumGuests, CustomerID, Source, BookedAt) VALUES(128, '2020-12-03', '2020-12-06', 3, 128, 'OTA', '2020-12-28 02:48:09');
INSERT INTO Occupancies(RoomNo, Date, ResID) VALUES (301, '2020-12-03', 128);
INSERT INTO Occupancies(RoomNo, Date, ResID) VALUES (301, '2020-12-04', 128);
INSERT INTO Occupancies(RoomNo, Date, ResID) VALUES (301, '2020-12-05', 128);
#129
INSERT INTO Customers(Fname, Lname, Phone, Email) VALUES ("Omer", "Abernathy", '252-818-8701', "Omer_Abernathy@gmail.com");
INSERT INTO Reservations(ID, StartDate, EndDate, NumGuests, CustomerID, Source, BookedAt) VALUES(129, '2020-12-28', '2020-12-30', 3, 129, 'direct', '2020-12-28 02:48:09');
INSERT INTO Occupancies(RoomNo, Date, ResID) VALUES (305, '2020-12-28', 129);
INSERT INTO Occupancies(RoomNo, Date, ResID) VALUES (305, '2020-12-29', 129);
#130
INSERT INTO Customers(Fname, Lname, Phone, Email) VALUES ("Myrtice", "Gutkowski", '224-780-9575', "Myrtice_Gutkowski@gmail.com");
INSERT INTO Reservations(ID, StartDate, EndDate, NumGuests, CustomerID, Source, BookedAt) VALUES(130, '2020-08-19', '2020-08-22', 5, 130, 'OTA', '2020-12-28 02:48:09');
INSERT INTO Occupancies(RoomNo, Date, ResID) VALUES (201, '2020-08-19', 130);
INSERT INTO Occupancies(RoomNo, Date, ResID) VALUES (201, '2020-08-20', 130);
INSERT INTO Occupancies(RoomNo, Date, ResID) VALUES (201, '2020-08-21', 130);
#131
INSERT INTO Customers(Fname, Lname, Phone, Email) VALUES ("Ahmad", "Predovic", '201-456-3396', "Ahmad_Predovic@gmail.com");
INSERT INTO Reservations(ID, StartDate, EndDate, NumGuests, CustomerID, Source, BookedAt) VALUES(131, '2020-10-28', '2020-10-30', 1, 131, 'OTA', '2020-12-28 02:48:09');
INSERT INTO Occupancies(RoomNo, Date, ResID) VALUES (501, '2020-10-28', 131);
INSERT INTO Occupancies(RoomNo, Date, ResID) VALUES (501, '2020-10-29', 131);
#132
INSERT INTO Customers(Fname, Lname, Phone, Email) VALUES ("Delta", "Gottlieb", '263-484-5730', "Delta_Gottlieb@gmail.com");
INSERT INTO Reservations(ID, StartDate, EndDate, NumGuests, CustomerID, Source, BookedAt) VALUES(132, '2020-02-05', '2020-02-09', 3, 132, 'agency', '2020-12-28 02:48:09');
INSERT INTO Occupancies(RoomNo, Date, ResID) VALUES (204, '2020-02-05', 132);
INSERT INTO Occupancies(RoomNo, Date, ResID) VALUES (204, '2020-02-06', 132);
INSERT INTO Occupancies(RoomNo, Date, ResID) VALUES (204, '2020-02-07', 132);
INSERT INTO Occupancies(RoomNo, Date, ResID) VALUES (204, '2020-02-08', 132);
#133
INSERT INTO Customers(Fname, Lname, Phone, Email) VALUES ("Miracle", "Schmidt", '414-649-3418', "Miracle_Schmidt@gmail.com");
INSERT INTO Reservations(ID, StartDate, EndDate, NumGuests, CustomerID, Source, BookedAt) VALUES(133, '2020-11-26', '2020-11-30', 3, 133, 'OTA', '2020-12-28 02:48:09');
INSERT INTO Occupancies(RoomNo, Date, ResID) VALUES (202, '2020-11-26', 133);
INSERT INTO Occupancies(RoomNo, Date, ResID) VALUES (202, '2020-11-27', 133);
INSERT INTO Occupancies(RoomNo, Date, ResID) VALUES (202, '2020-11-28', 133);
INSERT INTO Occupancies(RoomNo, Date, ResID) VALUES (202, '2020-11-29', 133);
#134
INSERT INTO Customers(Fname, Lname, Phone, Email) VALUES ("Manuela", "Wintheiser", '743-979-5838', "Manuela_Wintheiser@gmail.com");
INSERT INTO Reservations(ID, StartDate, EndDate, NumGuests, CustomerID, Source, BookedAt) VALUES(134, '2020-01-18', '2020-01-21', 5, 134, 'OTA', '2020-12-28 02:48:09');
INSERT INTO Occupancies(RoomNo, Date, ResID) VALUES (304, '2020-01-18', 134);
INSERT INTO Occupancies(RoomNo, Date, ResID) VALUES (304, '2020-01-19', 134);
INSERT INTO Occupancies(RoomNo, Date, ResID) VALUES (304, '2020-01-20', 134);
#135
INSERT INTO Customers(Fname, Lname, Phone, Email) VALUES ("Ronny", "Gislason", '415-512-8988', "Ronny_Gislason@gmail.com");
INSERT INTO Reservations(ID, StartDate, EndDate, NumGuests, CustomerID, Source, BookedAt) VALUES(135, '2020-12-29', '2021-01-02', 5, 135, 'direct', '2020-12-28 02:48:09');
INSERT INTO Occupancies(RoomNo, Date, ResID) VALUES (301, '2020-12-29', 135);
INSERT INTO Occupancies(RoomNo, Date, ResID) VALUES (301, '2020-12-30', 135);
INSERT INTO Occupancies(RoomNo, Date, ResID) VALUES (301, '2020-12-31', 135);
INSERT INTO Occupancies(RoomNo, Date, ResID) VALUES (301, '2021-01-01', 135);
#136
INSERT INTO Customers(Fname, Lname, Phone, Email) VALUES ("Allan", "O'Connell", '590-491-3836', "Allan_O'Connell@gmail.com");
INSERT INTO Reservations(ID, StartDate, EndDate, NumGuests, CustomerID, Source, BookedAt) VALUES(136, '2020-05-19', '2020-05-23', 2, 136, 'direct', '2020-12-28 02:48:09');
INSERT INTO Occupancies(RoomNo, Date, ResID) VALUES (302, '2020-05-19', 136);
INSERT INTO Occupancies(RoomNo, Date, ResID) VALUES (302, '2020-05-20', 136);
INSERT INTO Occupancies(RoomNo, Date, ResID) VALUES (302, '2020-05-21', 136);
INSERT INTO Occupancies(RoomNo, Date, ResID) VALUES (302, '2020-05-22', 136);
#137
INSERT INTO Customers(Fname, Lname, Phone, Email) VALUES ("Talon", "Gulgowski", '386-962-2309', "Talon_Gulgowski@gmail.com");
INSERT INTO Reservations(ID, StartDate, EndDate, NumGuests, CustomerID, Source, BookedAt) VALUES(137, '2020-01-13', '2020-01-15', 5, 137, 'agency', '2020-12-28 02:48:09');
INSERT INTO Occupancies(RoomNo, Date, ResID) VALUES (406, '2020-01-13', 137);
INSERT INTO Occupancies(RoomNo, Date, ResID) VALUES (406, '2020-01-14', 137);
#138
INSERT INTO Customers(Fname, Lname, Phone, Email) VALUES ("Mohammed", "Johnston", '921-650-5865', "Mohammed_Johnston@gmail.com");
INSERT INTO Reservations(ID, StartDate, EndDate, NumGuests, CustomerID, Source, BookedAt) VALUES(138, '2020-11-06', '2020-11-11', 2, 138, 'agency', '2020-12-28 02:48:09');
INSERT INTO Occupancies(RoomNo, Date, ResID) VALUES (305, '2020-11-06', 138);
INSERT INTO Occupancies(RoomNo, Date, ResID) VALUES (305, '2020-11-07', 138);
INSERT INTO Occupancies(RoomNo, Date, ResID) VALUES (305, '2020-11-08', 138);
INSERT INTO Occupancies(RoomNo, Date, ResID) VALUES (305, '2020-11-09', 138);
INSERT INTO Occupancies(RoomNo, Date, ResID) VALUES (305, '2020-11-10', 138);
#139
INSERT INTO Customers(Fname, Lname, Phone, Email) VALUES ("Jade", "Stamm", '725-504-4760', "Jade_Stamm@gmail.com");
INSERT INTO Reservations(ID, StartDate, EndDate, NumGuests, CustomerID, Source, BookedAt) VALUES(139, '2020-10-15', '2020-10-19', 4, 139, 'direct', '2020-12-28 02:48:09');
INSERT INTO Occupancies(RoomNo, Date, ResID) VALUES (503, '2020-10-15', 139);
INSERT INTO Occupancies(RoomNo, Date, ResID) VALUES (503, '2020-10-16', 139);
INSERT INTO Occupancies(RoomNo, Date, ResID) VALUES (503, '2020-10-17', 139);
INSERT INTO Occupancies(RoomNo, Date, ResID) VALUES (503, '2020-10-18', 139);
#140
INSERT INTO Customers(Fname, Lname, Phone, Email) VALUES ("Ewell", "Johns", '262-968-3064', "Ewell_Johns@gmail.com");
INSERT INTO Reservations(ID, StartDate, EndDate, NumGuests, CustomerID, Source, BookedAt) VALUES(140, '2020-10-18', '2020-10-19', 2, 140, 'corporate', '2020-12-28 02:48:09');
INSERT INTO Occupancies(RoomNo, Date, ResID) VALUES (404, '2020-10-18', 140);
#141
INSERT INTO Customers(Fname, Lname, Phone, Email) VALUES ("Alek", "Jaskolski", '640-837-4470', "Alek_Jaskolski@gmail.com");
INSERT INTO Reservations(ID, StartDate, EndDate, NumGuests, CustomerID, Source, BookedAt) VALUES(141, '2020-01-29', '2020-02-02', 5, 141, 'direct', '2020-12-28 02:48:09');
INSERT INTO Occupancies(RoomNo, Date, ResID) VALUES (206, '2020-01-29', 141);
INSERT INTO Occupancies(RoomNo, Date, ResID) VALUES (206, '2020-01-30', 141);
INSERT INTO Occupancies(RoomNo, Date, ResID) VALUES (206, '2020-01-31', 141);
INSERT INTO Occupancies(RoomNo, Date, ResID) VALUES (206, '2020-02-01', 141);
#142
INSERT INTO Customers(Fname, Lname, Phone, Email) VALUES ("Taylor", "Sauer", '696-286-3660', "Taylor_Sauer@gmail.com");
INSERT INTO Reservations(ID, StartDate, EndDate, NumGuests, CustomerID, Source, BookedAt) VALUES(142, '2020-11-18', '2020-11-23', 1, 142, 'agency', '2020-12-28 02:48:09');
INSERT INTO Occupancies(RoomNo, Date, ResID) VALUES (203, '2020-11-18', 142);
INSERT INTO Occupancies(RoomNo, Date, ResID) VALUES (203, '2020-11-19', 142);
INSERT INTO Occupancies(RoomNo, Date, ResID) VALUES (203, '2020-11-20', 142);
INSERT INTO Occupancies(RoomNo, Date, ResID) VALUES (203, '2020-11-21', 142);
INSERT INTO Occupancies(RoomNo, Date, ResID) VALUES (203, '2020-11-22', 142);
#143
INSERT INTO Customers(Fname, Lname, Phone, Email) VALUES ("Rafael", "Braun", '971-559-8382', "Rafael_Braun@gmail.com");
INSERT INTO Reservations(ID, StartDate, EndDate, NumGuests, CustomerID, Source, BookedAt) VALUES(143, '2020-01-09', '2020-01-12', 5, 143, 'direct', '2020-12-28 02:48:09');
INSERT INTO Occupancies(RoomNo, Date, ResID) VALUES (204, '2020-01-09', 143);
INSERT INTO Occupancies(RoomNo, Date, ResID) VALUES (204, '2020-01-10', 143);
INSERT INTO Occupancies(RoomNo, Date, ResID) VALUES (204, '2020-01-11', 143);
#144
INSERT INTO Customers(Fname, Lname, Phone, Email) VALUES ("Delpha", "Daugherty", '898-274-9862', "Delpha_Daugherty@gmail.com");
INSERT INTO Reservations(ID, StartDate, EndDate, NumGuests, CustomerID, Source, BookedAt) VALUES(144, '2020-01-17', '2020-01-21', 2, 144, 'direct', '2020-12-28 02:48:09');
INSERT INTO Occupancies(RoomNo, Date, ResID) VALUES (504, '2020-01-17', 144);
INSERT INTO Occupancies(RoomNo, Date, ResID) VALUES (504, '2020-01-18', 144);
INSERT INTO Occupancies(RoomNo, Date, ResID) VALUES (504, '2020-01-19', 144);
INSERT INTO Occupancies(RoomNo, Date, ResID) VALUES (504, '2020-01-20', 144);
#145
INSERT INTO Customers(Fname, Lname, Phone, Email) VALUES ("Gordon", "Balistreri", '251-746-3621', "Gordon_Balistreri@gmail.com");
INSERT INTO Reservations(ID, StartDate, EndDate, NumGuests, CustomerID, Source, BookedAt) VALUES(145, '2020-09-30', '2020-10-02', 2, 145, 'corporate', '2020-12-28 02:48:09');
INSERT INTO Occupancies(RoomNo, Date, ResID) VALUES (202, '2020-09-30', 145);
INSERT INTO Occupancies(RoomNo, Date, ResID) VALUES (202, '2020-10-01', 145);
#146
INSERT INTO Customers(Fname, Lname, Phone, Email) VALUES ("Kaela", "Fritsch", '489-718-9559', "Kaela_Fritsch@gmail.com");
INSERT INTO Reservations(ID, StartDate, EndDate, NumGuests, CustomerID, Source, BookedAt) VALUES(146, '2020-12-27', '2021-01-01', 2, 146, 'corporate', '2020-12-28 02:48:09');
INSERT INTO Occupancies(RoomNo, Date, ResID) VALUES (306, '2020-12-27', 146);
INSERT INTO Occupancies(RoomNo, Date, ResID) VALUES (306, '2020-12-28', 146);
INSERT INTO Occupancies(RoomNo, Date, ResID) VALUES (306, '2020-12-29', 146);
INSERT INTO Occupancies(RoomNo, Date, ResID) VALUES (306, '2020-12-30', 146);
INSERT INTO Occupancies(RoomNo, Date, ResID) VALUES (306, '2020-12-31', 146);
#147
INSERT INTO Customers(Fname, Lname, Phone, Email) VALUES ("Emmanuelle", "Schumm", '465-880-1262', "Emmanuelle_Schumm@gmail.com");
INSERT INTO Reservations(ID, StartDate, EndDate, NumGuests, CustomerID, Source, BookedAt) VALUES(147, '2021-04-21', '2021-04-25', 3, 147, 'agency', '2020-12-28 02:48:09');
INSERT INTO Occupancies(RoomNo, Date, ResID) VALUES (102, '2021-04-21', 147);
INSERT INTO Occupancies(RoomNo, Date, ResID) VALUES (102, '2021-04-22', 147);
INSERT INTO Occupancies(RoomNo, Date, ResID) VALUES (102, '2021-04-23', 147);
INSERT INTO Occupancies(RoomNo, Date, ResID) VALUES (102, '2021-04-24', 147);
#148
INSERT INTO Customers(Fname, Lname, Phone, Email) VALUES ("Jack", "Kovacek", '628-208-7392', "Jack_Kovacek@gmail.com");
INSERT INTO Reservations(ID, StartDate, EndDate, NumGuests, CustomerID, Source, BookedAt) VALUES(148, '2020-09-01', '2020-09-03', 3, 148, 'direct', '2020-12-28 02:48:09');
INSERT INTO Occupancies(RoomNo, Date, ResID) VALUES (504, '2020-09-01', 148);
INSERT INTO Occupancies(RoomNo, Date, ResID) VALUES (504, '2020-09-02', 148);
#149
INSERT INTO Customers(Fname, Lname, Phone, Email) VALUES ("Audie", "Farrell", '255-276-7360', "Audie_Farrell@gmail.com");
INSERT INTO Reservations(ID, StartDate, EndDate, NumGuests, CustomerID, Source, BookedAt) VALUES(149, '2020-12-29', '2020-12-31', 3, 149, 'OTA', '2020-12-28 02:48:09');
INSERT INTO Occupancies(RoomNo, Date, ResID) VALUES (505, '2020-12-29', 149);
INSERT INTO Occupancies(RoomNo, Date, ResID) VALUES (505, '2020-12-30', 149);
#150
INSERT INTO Customers(Fname, Lname, Phone, Email) VALUES ("Trycia", "Deckow", '486-460-5042', "Trycia_Deckow@gmail.com");
INSERT INTO Reservations(ID, StartDate, EndDate, NumGuests, CustomerID, Source, BookedAt) VALUES(150, '2020-12-27', '2020-12-28', 2, 150, 'agency', '2020-12-28 02:48:09');
INSERT INTO Occupancies(RoomNo, Date, ResID) VALUES (505, '2020-12-27', 150);
#151
INSERT INTO Customers(Fname, Lname, Phone, Email) VALUES ("Elinor", "Beatty", '913-544-2065', "Elinor_Beatty@gmail.com");
INSERT INTO Reservations(ID, StartDate, EndDate, NumGuests, CustomerID, Source, BookedAt) VALUES(151, '2020-11-12', '2020-11-16', 5, 151, 'corporate', '2020-12-28 02:48:09');
INSERT INTO Occupancies(RoomNo, Date, ResID) VALUES (205, '2020-11-12', 151);
INSERT INTO Occupancies(RoomNo, Date, ResID) VALUES (205, '2020-11-13', 151);
INSERT INTO Occupancies(RoomNo, Date, ResID) VALUES (205, '2020-11-14', 151);
INSERT INTO Occupancies(RoomNo, Date, ResID) VALUES (205, '2020-11-15', 151);
#152
INSERT INTO Customers(Fname, Lname, Phone, Email) VALUES ("Watson", "Graham", '537-691-7288', "Watson_Graham@gmail.com");
INSERT INTO Reservations(ID, StartDate, EndDate, NumGuests, CustomerID, Source, BookedAt) VALUES(152, '2020-01-29', '2020-02-01', 2, 152, 'corporate', '2020-12-28 02:48:09');
INSERT INTO Occupancies(RoomNo, Date, ResID) VALUES (402, '2020-01-29', 152);
INSERT INTO Occupancies(RoomNo, Date, ResID) VALUES (402, '2020-01-30', 152);
INSERT INTO Occupancies(RoomNo, Date, ResID) VALUES (402, '2020-01-31', 152);
#153
INSERT INTO Customers(Fname, Lname, Phone, Email) VALUES ("Walter", "Paucek", '223-867-1626', "Walter_Paucek@gmail.com");
INSERT INTO Reservations(ID, StartDate, EndDate, NumGuests, CustomerID, Source, BookedAt) VALUES(153, '2020-08-20', '2020-08-22', 4, 153, 'direct', '2020-12-28 02:48:09');
INSERT INTO Occupancies(RoomNo, Date, ResID) VALUES (402, '2020-08-20', 153);
INSERT INTO Occupancies(RoomNo, Date, ResID) VALUES (402, '2020-08-21', 153);
#154
INSERT INTO Customers(Fname, Lname, Phone, Email) VALUES ("Wilbert", "Krajcik", '234-820-2592', "Wilbert_Krajcik@gmail.com");
INSERT INTO Reservations(ID, StartDate, EndDate, NumGuests, CustomerID, Source, BookedAt) VALUES(154, '2020-03-22', '2020-03-24', 1, 154, 'direct', '2020-12-28 02:48:09');
INSERT INTO Occupancies(RoomNo, Date, ResID) VALUES (203, '2020-03-22', 154);
INSERT INTO Occupancies(RoomNo, Date, ResID) VALUES (203, '2020-03-23', 154);
#155
INSERT INTO Customers(Fname, Lname, Phone, Email) VALUES ("Parker", "Kirlin", '392-796-6975', "Parker_Kirlin@gmail.com");
INSERT INTO Reservations(ID, StartDate, EndDate, NumGuests, CustomerID, Source, BookedAt) VALUES(155, '2020-11-15', '2020-11-16', 1, 155, 'agency', '2020-12-28 02:48:09');
INSERT INTO Occupancies(RoomNo, Date, ResID) VALUES (204, '2020-11-15', 155);
#156
INSERT INTO Customers(Fname, Lname, Phone, Email) VALUES ("Dedrick", "Kovacek", '627-282-9481', "Dedrick_Kovacek@gmail.com");
INSERT INTO Reservations(ID, StartDate, EndDate, NumGuests, CustomerID, Source, BookedAt) VALUES(156, '2020-03-28', '2020-03-29', 2, 156, 'direct', '2020-12-28 02:48:09');
INSERT INTO Occupancies(RoomNo, Date, ResID) VALUES (405, '2020-03-28', 156);
#157
INSERT INTO Customers(Fname, Lname, Phone, Email) VALUES ("Adeline", "Runolfsdottir", '733-302-4334', "Adeline_Runolfsdottir@gmail.com");
INSERT INTO Reservations(ID, StartDate, EndDate, NumGuests, CustomerID, Source, BookedAt) VALUES(157, '2020-08-25', '2020-08-29', 1, 157, 'OTA', '2020-12-28 02:48:09');
INSERT INTO Occupancies(RoomNo, Date, ResID) VALUES (105, '2020-08-25', 157);
INSERT INTO Occupancies(RoomNo, Date, ResID) VALUES (105, '2020-08-26', 157);
INSERT INTO Occupancies(RoomNo, Date, ResID) VALUES (105, '2020-08-27', 157);
INSERT INTO Occupancies(RoomNo, Date, ResID) VALUES (105, '2020-08-28', 157);
#158
INSERT INTO Customers(Fname, Lname, Phone, Email) VALUES ("Alysha", "Kerluke", '696-674-3186', "Alysha_Kerluke@gmail.com");
INSERT INTO Reservations(ID, StartDate, EndDate, NumGuests, CustomerID, Source, BookedAt) VALUES(158, '2019-12-31', '2020-01-05', 1, 158, 'corporate', '2020-12-28 02:48:09');
INSERT INTO Occupancies(RoomNo, Date, ResID) VALUES (306, '2019-12-31', 158);
INSERT INTO Occupancies(RoomNo, Date, ResID) VALUES (306, '2020-01-01', 158);
INSERT INTO Occupancies(RoomNo, Date, ResID) VALUES (306, '2020-01-02', 158);
INSERT INTO Occupancies(RoomNo, Date, ResID) VALUES (306, '2020-01-03', 158);
INSERT INTO Occupancies(RoomNo, Date, ResID) VALUES (306, '2020-01-04', 158);
#159
INSERT INTO Customers(Fname, Lname, Phone, Email) VALUES ("Arnulfo", "Graham", '892-603-3820', "Arnulfo_Graham@gmail.com");
INSERT INTO Reservations(ID, StartDate, EndDate, NumGuests, CustomerID, Source, BookedAt) VALUES(159, '2020-07-15', '2020-07-17', 3, 159, 'direct', '2020-12-28 02:48:09');
INSERT INTO Occupancies(RoomNo, Date, ResID) VALUES (305, '2020-07-15', 159);
INSERT INTO Occupancies(RoomNo, Date, ResID) VALUES (305, '2020-07-16', 159);
#160
INSERT INTO Customers(Fname, Lname, Phone, Email) VALUES ("Karl", "Erdman", '245-697-5709', "Karl_Erdman@gmail.com");
INSERT INTO Reservations(ID, StartDate, EndDate, NumGuests, CustomerID, Source, BookedAt) VALUES(160, '2020-03-13', '2020-03-18', 4, 160, 'OTA', '2020-12-28 02:48:09');
INSERT INTO Occupancies(RoomNo, Date, ResID) VALUES (304, '2020-03-13', 160);
INSERT INTO Occupancies(RoomNo, Date, ResID) VALUES (304, '2020-03-14', 160);
INSERT INTO Occupancies(RoomNo, Date, ResID) VALUES (304, '2020-03-15', 160);
INSERT INTO Occupancies(RoomNo, Date, ResID) VALUES (304, '2020-03-16', 160);
INSERT INTO Occupancies(RoomNo, Date, ResID) VALUES (304, '2020-03-17', 160);
#161
INSERT INTO Customers(Fname, Lname, Phone, Email) VALUES ("Herminia", "Wolf", '492-639-6329', "Herminia_Wolf@gmail.com");
INSERT INTO Reservations(ID, StartDate, EndDate, NumGuests, CustomerID, Source, BookedAt) VALUES(161, '2021-10-18', '2021-10-22', 5, 161, 'direct', '2020-12-28 02:48:09');
INSERT INTO Occupancies(RoomNo, Date, ResID) VALUES (206, '2021-10-18', 161);
INSERT INTO Occupancies(RoomNo, Date, ResID) VALUES (206, '2021-10-19', 161);
INSERT INTO Occupancies(RoomNo, Date, ResID) VALUES (206, '2021-10-20', 161);
INSERT INTO Occupancies(RoomNo, Date, ResID) VALUES (206, '2021-10-21', 161);
#162
INSERT INTO Customers(Fname, Lname, Phone, Email) VALUES ("Kacie", "Leuschke", '887-873-2611', "Kacie_Leuschke@gmail.com");
INSERT INTO Reservations(ID, StartDate, EndDate, NumGuests, CustomerID, Source, BookedAt) VALUES(162, '2021-11-02', '2021-11-05', 1, 162, 'agency', '2020-12-28 02:48:09');
INSERT INTO Occupancies(RoomNo, Date, ResID) VALUES (206, '2021-11-02', 162);
INSERT INTO Occupancies(RoomNo, Date, ResID) VALUES (206, '2021-11-03', 162);
INSERT INTO Occupancies(RoomNo, Date, ResID) VALUES (206, '2021-11-04', 162);
#163
INSERT INTO Customers(Fname, Lname, Phone, Email) VALUES ("Martine", "Padberg", '749-742-4625', "Martine_Padberg@gmail.com");
INSERT INTO Reservations(ID, StartDate, EndDate, NumGuests, CustomerID, Source, BookedAt) VALUES(163, '2020-10-27', '2020-10-29', 3, 163, 'direct', '2020-12-28 02:48:09');
INSERT INTO Occupancies(RoomNo, Date, ResID) VALUES (404, '2020-10-27', 163);
INSERT INTO Occupancies(RoomNo, Date, ResID) VALUES (404, '2020-10-28', 163);
#164
INSERT INTO Customers(Fname, Lname, Phone, Email) VALUES ("Garry", "Rosenbaum", '577-613-0943', "Garry_Rosenbaum@gmail.com");
INSERT INTO Reservations(ID, StartDate, EndDate, NumGuests, CustomerID, Source, BookedAt) VALUES(164, '2020-12-12', '2020-12-14', 1, 164, 'direct', '2020-12-28 02:48:09');
INSERT INTO Occupancies(RoomNo, Date, ResID) VALUES (506, '2020-12-12', 164);
INSERT INTO Occupancies(RoomNo, Date, ResID) VALUES (506, '2020-12-13', 164);
#165
INSERT INTO Customers(Fname, Lname, Phone, Email) VALUES ("Jaime", "Bailey", '297-401-0043', "Jaime_Bailey@gmail.com");
INSERT INTO Reservations(ID, StartDate, EndDate, NumGuests, CustomerID, Source, BookedAt) VALUES(165, '2020-06-13', '2020-06-15', 4, 165, 'OTA', '2020-12-28 02:48:09');
INSERT INTO Occupancies(RoomNo, Date, ResID) VALUES (301, '2020-06-13', 165);
INSERT INTO Occupancies(RoomNo, Date, ResID) VALUES (301, '2020-06-14', 165);
#166
INSERT INTO Customers(Fname, Lname, Phone, Email) VALUES ("Delphine", "Boyer", '992-336-6183', "Delphine_Boyer@gmail.com");
INSERT INTO Reservations(ID, StartDate, EndDate, NumGuests, CustomerID, Source, BookedAt) VALUES(166, '2020-10-25', '2020-10-30', 2, 166, 'corporate', '2020-12-28 02:48:09');
INSERT INTO Occupancies(RoomNo, Date, ResID) VALUES (305, '2020-10-25', 166);
INSERT INTO Occupancies(RoomNo, Date, ResID) VALUES (305, '2020-10-26', 166);
INSERT INTO Occupancies(RoomNo, Date, ResID) VALUES (305, '2020-10-27', 166);
INSERT INTO Occupancies(RoomNo, Date, ResID) VALUES (305, '2020-10-28', 166);
INSERT INTO Occupancies(RoomNo, Date, ResID) VALUES (305, '2020-10-29', 166);
#167
INSERT INTO Customers(Fname, Lname, Phone, Email) VALUES ("Woodrow", "Hodkiewicz", '425-476-1718', "Woodrow_Hodkiewicz@gmail.com");
INSERT INTO Reservations(ID, StartDate, EndDate, NumGuests, CustomerID, Source, BookedAt) VALUES(167, '2020-02-29', '2020-03-02', 5, 167, 'agency', '2020-12-28 02:48:09');
INSERT INTO Occupancies(RoomNo, Date, ResID) VALUES (106, '2020-02-29', 167);
INSERT INTO Occupancies(RoomNo, Date, ResID) VALUES (106, '2020-03-01', 167);
#168
INSERT INTO Customers(Fname, Lname, Phone, Email) VALUES ("Zora", "Mohr", '451-858-0785', "Zora_Mohr@gmail.com");
INSERT INTO Reservations(ID, StartDate, EndDate, NumGuests, CustomerID, Source, BookedAt) VALUES(168, '2020-07-19', '2020-07-22', 2, 168, 'direct', '2020-12-28 02:48:09');
INSERT INTO Occupancies(RoomNo, Date, ResID) VALUES (505, '2020-07-19', 168);
INSERT INTO Occupancies(RoomNo, Date, ResID) VALUES (505, '2020-07-20', 168);
INSERT INTO Occupancies(RoomNo, Date, ResID) VALUES (505, '2020-07-21', 168);
#169
INSERT INTO Customers(Fname, Lname, Phone, Email) VALUES ("Yasmeen", "Runolfsdottir", '276-231-5554', "Yasmeen_Runolfsdottir@gmail.com");
INSERT INTO Reservations(ID, StartDate, EndDate, NumGuests, CustomerID, Source, BookedAt) VALUES(169, '2020-05-28', '2020-06-02', 5, 169, 'direct', '2020-12-28 02:48:09');
INSERT INTO Occupancies(RoomNo, Date, ResID) VALUES (304, '2020-05-28', 169);
INSERT INTO Occupancies(RoomNo, Date, ResID) VALUES (304, '2020-05-29', 169);
INSERT INTO Occupancies(RoomNo, Date, ResID) VALUES (304, '2020-05-30', 169);
INSERT INTO Occupancies(RoomNo, Date, ResID) VALUES (304, '2020-05-31', 169);
INSERT INTO Occupancies(RoomNo, Date, ResID) VALUES (304, '2020-06-01', 169);
#170
INSERT INTO Customers(Fname, Lname, Phone, Email) VALUES ("Alphonso", "Stanton", '618-729-7349', "Alphonso_Stanton@gmail.com");
INSERT INTO Reservations(ID, StartDate, EndDate, NumGuests, CustomerID, Source, BookedAt) VALUES(170, '2020-10-17', '2020-10-18', 1, 170, 'direct', '2020-12-28 02:48:09');
INSERT INTO Occupancies(RoomNo, Date, ResID) VALUES (101, '2020-10-17', 170);
#171
INSERT INTO Customers(Fname, Lname, Phone, Email) VALUES ("Shakira", "Douglas", '617-970-7357', "Shakira_Douglas@gmail.com");
INSERT INTO Reservations(ID, StartDate, EndDate, NumGuests, CustomerID, Source, BookedAt) VALUES(171, '2020-10-21', '2020-10-22', 4, 171, 'corporate', '2020-12-28 02:48:09');
INSERT INTO Occupancies(RoomNo, Date, ResID) VALUES (101, '2020-10-21', 171);
#172
INSERT INTO Customers(Fname, Lname, Phone, Email) VALUES ("Bryana", "Kulas", '423-711-7194', "Bryana_Kulas@gmail.com");
INSERT INTO Reservations(ID, StartDate, EndDate, NumGuests, CustomerID, Source, BookedAt) VALUES(172, '2021-10-14', '2021-10-17', 2, 172, 'agency', '2020-12-28 02:48:09');
INSERT INTO Occupancies(RoomNo, Date, ResID) VALUES (202, '2021-10-14', 172);
INSERT INTO Occupancies(RoomNo, Date, ResID) VALUES (202, '2021-10-15', 172);
INSERT INTO Occupancies(RoomNo, Date, ResID) VALUES (202, '2021-10-16', 172);
#173
INSERT INTO Customers(Fname, Lname, Phone, Email) VALUES ("Myrna", "Franecki", '731-972-7244', "Myrna_Franecki@gmail.com");
INSERT INTO Reservations(ID, StartDate, EndDate, NumGuests, CustomerID, Source, BookedAt) VALUES(173, '2020-07-02', '2020-07-04', 5, 173, 'OTA', '2020-12-28 02:48:09');
INSERT INTO Occupancies(RoomNo, Date, ResID) VALUES (403, '2020-07-02', 173);
INSERT INTO Occupancies(RoomNo, Date, ResID) VALUES (403, '2020-07-03', 173);
#174
INSERT INTO Customers(Fname, Lname, Phone, Email) VALUES ("Sofia", "Fahey", '443-217-6539', "Sofia_Fahey@gmail.com");
INSERT INTO Reservations(ID, StartDate, EndDate, NumGuests, CustomerID, Source, BookedAt) VALUES(174, '2020-04-02', '2020-04-06', 1, 174, 'agency', '2020-12-28 02:48:09');
INSERT INTO Occupancies(RoomNo, Date, ResID) VALUES (302, '2020-04-02', 174);
INSERT INTO Occupancies(RoomNo, Date, ResID) VALUES (302, '2020-04-03', 174);
INSERT INTO Occupancies(RoomNo, Date, ResID) VALUES (302, '2020-04-04', 174);
INSERT INTO Occupancies(RoomNo, Date, ResID) VALUES (302, '2020-04-05', 174);
#175
INSERT INTO Customers(Fname, Lname, Phone, Email) VALUES ("Khalid", "Leffler", '230-870-0444', "Khalid_Leffler@gmail.com");
INSERT INTO Reservations(ID, StartDate, EndDate, NumGuests, CustomerID, Source, BookedAt) VALUES(175, '2020-10-01', '2020-10-06', 3, 175, 'OTA', '2020-12-28 02:48:09');
INSERT INTO Occupancies(RoomNo, Date, ResID) VALUES (302, '2020-10-01', 175);
INSERT INTO Occupancies(RoomNo, Date, ResID) VALUES (302, '2020-10-02', 175);
INSERT INTO Occupancies(RoomNo, Date, ResID) VALUES (302, '2020-10-03', 175);
INSERT INTO Occupancies(RoomNo, Date, ResID) VALUES (302, '2020-10-04', 175);
INSERT INTO Occupancies(RoomNo, Date, ResID) VALUES (302, '2020-10-05', 175);
#176
INSERT INTO Customers(Fname, Lname, Phone, Email) VALUES ("Cedrick", "Gutmann", '225-217-3110', "Cedrick_Gutmann@gmail.com");
INSERT INTO Reservations(ID, StartDate, EndDate, NumGuests, CustomerID, Source, BookedAt) VALUES(176, '2020-12-03', '2020-12-05', 3, 176, 'direct', '2020-12-28 02:48:09');
INSERT INTO Occupancies(RoomNo, Date, ResID) VALUES (404, '2020-12-03', 176);
INSERT INTO Occupancies(RoomNo, Date, ResID) VALUES (404, '2020-12-04', 176);
#177
INSERT INTO Customers(Fname, Lname, Phone, Email) VALUES ("Deborah", "Nicolas", '608-937-1013', "Deborah_Nicolas@gmail.com");
INSERT INTO Reservations(ID, StartDate, EndDate, NumGuests, CustomerID, Source, BookedAt) VALUES(177, '2020-04-27', '2020-04-29', 2, 177, 'direct', '2020-12-28 02:48:09');
INSERT INTO Occupancies(RoomNo, Date, ResID) VALUES (403, '2020-04-27', 177);
INSERT INTO Occupancies(RoomNo, Date, ResID) VALUES (403, '2020-04-28', 177);
#178
INSERT INTO Customers(Fname, Lname, Phone, Email) VALUES ("Karen", "Christiansen", '531-459-8146', "Karen_Christiansen@gmail.com");
INSERT INTO Reservations(ID, StartDate, EndDate, NumGuests, CustomerID, Source, BookedAt) VALUES(178, '2020-03-13', '2020-03-18', 2, 178, 'OTA', '2020-12-28 02:48:09');
INSERT INTO Occupancies(RoomNo, Date, ResID) VALUES (503, '2020-03-13', 178);
INSERT INTO Occupancies(RoomNo, Date, ResID) VALUES (503, '2020-03-14', 178);
INSERT INTO Occupancies(RoomNo, Date, ResID) VALUES (503, '2020-03-15', 178);
INSERT INTO Occupancies(RoomNo, Date, ResID) VALUES (503, '2020-03-16', 178);
INSERT INTO Occupancies(RoomNo, Date, ResID) VALUES (503, '2020-03-17', 178);
#179
INSERT INTO Customers(Fname, Lname, Phone, Email) VALUES ("Vada", "VonRueden", '457-300-2940', "Vada_VonRueden@gmail.com");
INSERT INTO Reservations(ID, StartDate, EndDate, NumGuests, CustomerID, Source, BookedAt) VALUES(179, '2020-05-28', '2020-05-29', 5, 179, 'corporate', '2020-12-28 02:48:09');
INSERT INTO Occupancies(RoomNo, Date, ResID) VALUES (404, '2020-05-28', 179);
#180
INSERT INTO Customers(Fname, Lname, Phone, Email) VALUES ("Lyric", "Waelchi", '772-632-7442', "Lyric_Waelchi@gmail.com");
INSERT INTO Reservations(ID, StartDate, EndDate, NumGuests, CustomerID, Source, BookedAt) VALUES(180, '2021-03-14', '2021-03-16', 4, 180, 'corporate', '2020-12-28 02:48:09');
INSERT INTO Occupancies(RoomNo, Date, ResID) VALUES (306, '2021-03-14', 180);
INSERT INTO Occupancies(RoomNo, Date, ResID) VALUES (306, '2021-03-15', 180);
#181
INSERT INTO Customers(Fname, Lname, Phone, Email) VALUES ("Alvena", "Gusikowski", '626-746-6684', "Alvena_Gusikowski@gmail.com");
INSERT INTO Reservations(ID, StartDate, EndDate, NumGuests, CustomerID, Source, BookedAt) VALUES(181, '2020-03-12', '2020-03-13', 2, 181, 'direct', '2020-12-28 02:48:09');
INSERT INTO Occupancies(RoomNo, Date, ResID) VALUES (501, '2020-03-12', 181);
#182
INSERT INTO Customers(Fname, Lname, Phone, Email) VALUES ("Karelle", "Morissette", '591-294-1728', "Karelle_Morissette@gmail.com");
INSERT INTO Reservations(ID, StartDate, EndDate, NumGuests, CustomerID, Source, BookedAt) VALUES(182, '2021-05-13', '2021-05-18', 1, 182, 'OTA', '2020-12-28 02:48:09');
INSERT INTO Occupancies(RoomNo, Date, ResID) VALUES (304, '2021-05-13', 182);
INSERT INTO Occupancies(RoomNo, Date, ResID) VALUES (304, '2021-05-14', 182);
INSERT INTO Occupancies(RoomNo, Date, ResID) VALUES (304, '2021-05-15', 182);
INSERT INTO Occupancies(RoomNo, Date, ResID) VALUES (304, '2021-05-16', 182);
INSERT INTO Occupancies(RoomNo, Date, ResID) VALUES (304, '2021-05-17', 182);
#183
INSERT INTO Customers(Fname, Lname, Phone, Email) VALUES ("Aiyana", "D'Amore", '521-799-9804', "Aiyana_D'Amore@gmail.com");
INSERT INTO Reservations(ID, StartDate, EndDate, NumGuests, CustomerID, Source, BookedAt) VALUES(183, '2021-06-30', '2021-07-05', 2, 183, 'corporate', '2020-12-28 02:48:09');
INSERT INTO Occupancies(RoomNo, Date, ResID) VALUES (103, '2021-06-30', 183);
INSERT INTO Occupancies(RoomNo, Date, ResID) VALUES (103, '2021-07-01', 183);
INSERT INTO Occupancies(RoomNo, Date, ResID) VALUES (103, '2021-07-02', 183);
INSERT INTO Occupancies(RoomNo, Date, ResID) VALUES (103, '2021-07-03', 183);
INSERT INTO Occupancies(RoomNo, Date, ResID) VALUES (103, '2021-07-04', 183);
#184
INSERT INTO Customers(Fname, Lname, Phone, Email) VALUES ("Gino", "Ebert", '426-376-5733', "Gino_Ebert@gmail.com");
INSERT INTO Reservations(ID, StartDate, EndDate, NumGuests, CustomerID, Source, BookedAt) VALUES(184, '2020-03-20', '2020-03-21', 2, 184, 'corporate', '2020-12-28 02:48:09');
INSERT INTO Occupancies(RoomNo, Date, ResID) VALUES (502, '2020-03-20', 184);
#185
INSERT INTO Customers(Fname, Lname, Phone, Email) VALUES ("Elenor", "Treutel", '996-619-5663', "Elenor_Treutel@gmail.com");
INSERT INTO Reservations(ID, StartDate, EndDate, NumGuests, CustomerID, Source, BookedAt) VALUES(185, '2020-11-25', '2020-11-27', 2, 185, 'agency', '2020-12-28 02:48:09');
INSERT INTO Occupancies(RoomNo, Date, ResID) VALUES (205, '2020-11-25', 185);
INSERT INTO Occupancies(RoomNo, Date, ResID) VALUES (205, '2020-11-26', 185);
#186
INSERT INTO Customers(Fname, Lname, Phone, Email) VALUES ("Juana", "Hauck", '999-865-4407', "Juana_Hauck@gmail.com");
INSERT INTO Reservations(ID, StartDate, EndDate, NumGuests, CustomerID, Source, BookedAt) VALUES(186, '2021-02-21', '2021-02-26', 5, 186, 'corporate', '2020-12-28 02:48:09');
INSERT INTO Occupancies(RoomNo, Date, ResID) VALUES (105, '2021-02-21', 186);
INSERT INTO Occupancies(RoomNo, Date, ResID) VALUES (105, '2021-02-22', 186);
INSERT INTO Occupancies(RoomNo, Date, ResID) VALUES (105, '2021-02-23', 186);
INSERT INTO Occupancies(RoomNo, Date, ResID) VALUES (105, '2021-02-24', 186);
INSERT INTO Occupancies(RoomNo, Date, ResID) VALUES (105, '2021-02-25', 186);
#187
INSERT INTO Customers(Fname, Lname, Phone, Email) VALUES ("Tianna", "Ziemann", '599-777-7213', "Tianna_Ziemann@gmail.com");
INSERT INTO Reservations(ID, StartDate, EndDate, NumGuests, CustomerID, Source, BookedAt) VALUES(187, '2020-06-05', '2020-06-09', 3, 187, 'direct', '2020-12-28 02:48:09');
INSERT INTO Occupancies(RoomNo, Date, ResID) VALUES (402, '2020-06-05', 187);
INSERT INTO Occupancies(RoomNo, Date, ResID) VALUES (402, '2020-06-06', 187);
INSERT INTO Occupancies(RoomNo, Date, ResID) VALUES (402, '2020-06-07', 187);
INSERT INTO Occupancies(RoomNo, Date, ResID) VALUES (402, '2020-06-08', 187);
#188
INSERT INTO Customers(Fname, Lname, Phone, Email) VALUES ("Ardith", "Thiel", '765-508-4140', "Ardith_Thiel@gmail.com");
INSERT INTO Reservations(ID, StartDate, EndDate, NumGuests, CustomerID, Source, BookedAt) VALUES(188, '2020-07-01', '2020-07-04', 1, 188, 'direct', '2020-12-28 02:48:09');
INSERT INTO Occupancies(RoomNo, Date, ResID) VALUES (201, '2020-07-01', 188);
INSERT INTO Occupancies(RoomNo, Date, ResID) VALUES (201, '2020-07-02', 188);
INSERT INTO Occupancies(RoomNo, Date, ResID) VALUES (201, '2020-07-03', 188);
#189
INSERT INTO Customers(Fname, Lname, Phone, Email) VALUES ("Carlie", "Morar", '988-781-5547', "Carlie_Morar@gmail.com");
INSERT INTO Reservations(ID, StartDate, EndDate, NumGuests, CustomerID, Source, BookedAt) VALUES(189, '2019-12-29', '2020-01-01', 4, 189, 'corporate', '2020-12-28 02:48:09');
INSERT INTO Occupancies(RoomNo, Date, ResID) VALUES (402, '2019-12-29', 189);
INSERT INTO Occupancies(RoomNo, Date, ResID) VALUES (402, '2019-12-30', 189);
INSERT INTO Occupancies(RoomNo, Date, ResID) VALUES (402, '2019-12-31', 189);
#190
INSERT INTO Customers(Fname, Lname, Phone, Email) VALUES ("Jamey", "Stoltenberg", '347-949-7863', "Jamey_Stoltenberg@gmail.com");
INSERT INTO Reservations(ID, StartDate, EndDate, NumGuests, CustomerID, Source, BookedAt) VALUES(190, '2020-04-01', '2020-04-03', 2, 190, 'direct', '2020-12-28 02:48:09');
INSERT INTO Occupancies(RoomNo, Date, ResID) VALUES (401, '2020-04-01', 190);
INSERT INTO Occupancies(RoomNo, Date, ResID) VALUES (401, '2020-04-02', 190);
#191
INSERT INTO Customers(Fname, Lname, Phone, Email) VALUES ("Isabell", "Jast", '769-843-4634', "Isabell_Jast@gmail.com");
INSERT INTO Reservations(ID, StartDate, EndDate, NumGuests, CustomerID, Source, BookedAt) VALUES(191, '2021-05-06', '2021-05-09', 2, 191, 'direct', '2020-12-28 02:48:09');
INSERT INTO Occupancies(RoomNo, Date, ResID) VALUES (506, '2021-05-06', 191);
INSERT INTO Occupancies(RoomNo, Date, ResID) VALUES (506, '2021-05-07', 191);
INSERT INTO Occupancies(RoomNo, Date, ResID) VALUES (506, '2021-05-08', 191);
#192
INSERT INTO Customers(Fname, Lname, Phone, Email) VALUES ("Claud", "Morar", '564-897-6544', "Claud_Morar@gmail.com");
INSERT INTO Reservations(ID, StartDate, EndDate, NumGuests, CustomerID, Source, BookedAt) VALUES(192, '2021-08-05', '2021-08-06', 5, 192, 'direct', '2020-12-28 02:48:09');
INSERT INTO Occupancies(RoomNo, Date, ResID) VALUES (506, '2021-08-05', 192);
#193
INSERT INTO Customers(Fname, Lname, Phone, Email) VALUES ("Dangelo", "Langosh", '659-386-5678', "Dangelo_Langosh@gmail.com");
INSERT INTO Reservations(ID, StartDate, EndDate, NumGuests, CustomerID, Source, BookedAt) VALUES(193, '2020-03-26', '2020-03-29', 4, 193, 'agency', '2020-12-28 02:48:09');
INSERT INTO Occupancies(RoomNo, Date, ResID) VALUES (401, '2020-03-26', 193);
INSERT INTO Occupancies(RoomNo, Date, ResID) VALUES (401, '2020-03-27', 193);
INSERT INTO Occupancies(RoomNo, Date, ResID) VALUES (401, '2020-03-28', 193);
#194
INSERT INTO Customers(Fname, Lname, Phone, Email) VALUES ("Kiel", "Schimmel", '795-797-6063', "Kiel_Schimmel@gmail.com");
INSERT INTO Reservations(ID, StartDate, EndDate, NumGuests, CustomerID, Source, BookedAt) VALUES(194, '2021-01-18', '2021-01-21', 3, 194, 'direct', '2020-12-28 02:48:09');
INSERT INTO Occupancies(RoomNo, Date, ResID) VALUES (201, '2021-01-18', 194);
INSERT INTO Occupancies(RoomNo, Date, ResID) VALUES (201, '2021-01-19', 194);
INSERT INTO Occupancies(RoomNo, Date, ResID) VALUES (201, '2021-01-20', 194);
#195
INSERT INTO Customers(Fname, Lname, Phone, Email) VALUES ("Neha", "Goodwin", '636-458-8427', "Neha_Goodwin@gmail.com");
INSERT INTO Reservations(ID, StartDate, EndDate, NumGuests, CustomerID, Source, BookedAt) VALUES(195, '2021-12-21', '2021-12-25', 5, 195, 'direct', '2020-12-28 02:48:09');
INSERT INTO Occupancies(RoomNo, Date, ResID) VALUES (305, '2021-12-21', 195);
INSERT INTO Occupancies(RoomNo, Date, ResID) VALUES (305, '2021-12-22', 195);
INSERT INTO Occupancies(RoomNo, Date, ResID) VALUES (305, '2021-12-23', 195);
INSERT INTO Occupancies(RoomNo, Date, ResID) VALUES (305, '2021-12-24', 195);
#196
INSERT INTO Customers(Fname, Lname, Phone, Email) VALUES ("Brent", "Sipes", '684-659-9454', "Brent_Sipes@gmail.com");
INSERT INTO Reservations(ID, StartDate, EndDate, NumGuests, CustomerID, Source, BookedAt) VALUES(196, '2021-04-20', '2021-04-22', 1, 196, 'corporate', '2020-12-28 02:48:09');
INSERT INTO Occupancies(RoomNo, Date, ResID) VALUES (205, '2021-04-20', 196);
INSERT INTO Occupancies(RoomNo, Date, ResID) VALUES (205, '2021-04-21', 196);
#197
INSERT INTO Customers(Fname, Lname, Phone, Email) VALUES ("Joana", "Sawayn", '508-427-9679', "Joana_Sawayn@gmail.com");
INSERT INTO Reservations(ID, StartDate, EndDate, NumGuests, CustomerID, Source, BookedAt) VALUES(197, '2020-08-28', '2020-08-29', 3, 197, 'direct', '2020-12-28 02:48:09');
INSERT INTO Occupancies(RoomNo, Date, ResID) VALUES (405, '2020-08-28', 197);
#198
INSERT INTO Customers(Fname, Lname, Phone, Email) VALUES ("Scot", "Effertz", '800-387-9435', "Scot_Effertz@gmail.com");
INSERT INTO Reservations(ID, StartDate, EndDate, NumGuests, CustomerID, Source, BookedAt) VALUES(198, '2020-09-24', '2020-09-26', 5, 198, 'corporate', '2020-12-28 02:48:09');
INSERT INTO Occupancies(RoomNo, Date, ResID) VALUES (101, '2020-09-24', 198);
INSERT INTO Occupancies(RoomNo, Date, ResID) VALUES (101, '2020-09-25', 198);
#199
INSERT INTO Customers(Fname, Lname, Phone, Email) VALUES ("Mariano", "Brekke", '869-433-2676', "Mariano_Brekke@gmail.com");
INSERT INTO Reservations(ID, StartDate, EndDate, NumGuests, CustomerID, Source, BookedAt) VALUES(199, '2020-02-11', '2020-02-12', 5, 199, 'agency', '2020-12-28 02:48:09');
INSERT INTO Occupancies(RoomNo, Date, ResID) VALUES (402, '2020-02-11', 199);
#200
INSERT INTO Customers(Fname, Lname, Phone, Email) VALUES ("Delfina", "Ondricka", '505-640-5284', "Delfina_Ondricka@gmail.com");
INSERT INTO Reservations(ID, StartDate, EndDate, NumGuests, CustomerID, Source, BookedAt) VALUES(200, '2020-05-16', '2020-05-19', 5, 200, 'corporate', '2020-12-28 02:48:09');
INSERT INTO Occupancies(RoomNo, Date, ResID) VALUES (403, '2020-05-16', 200);
INSERT INTO Occupancies(RoomNo, Date, ResID) VALUES (403, '2020-05-17', 200);
INSERT INTO Occupancies(RoomNo, Date, ResID) VALUES (403, '2020-05-18', 200);
#201
INSERT INTO Customers(Fname, Lname, Phone, Email) VALUES ("Robert", "Lueilwitz", '688-747-0917', "Robert_Lueilwitz@gmail.com");
INSERT INTO Reservations(ID, StartDate, EndDate, NumGuests, CustomerID, Source, BookedAt) VALUES(201, '2020-07-06', '2020-07-08', 2, 201, 'OTA', '2020-12-28 02:48:09');
INSERT INTO Occupancies(RoomNo, Date, ResID) VALUES (503, '2020-07-06', 201);
INSERT INTO Occupancies(RoomNo, Date, ResID) VALUES (503, '2020-07-07', 201);
#202
INSERT INTO Customers(Fname, Lname, Phone, Email) VALUES ("Lon", "Bauch", '326-233-0526', "Lon_Bauch@gmail.com");
INSERT INTO Reservations(ID, StartDate, EndDate, NumGuests, CustomerID, Source, BookedAt) VALUES(202, '2020-11-01', '2020-11-05', 3, 202, 'agency', '2020-12-28 02:48:09');
INSERT INTO Occupancies(RoomNo, Date, ResID) VALUES (402, '2020-11-01', 202);
INSERT INTO Occupancies(RoomNo, Date, ResID) VALUES (402, '2020-11-02', 202);
INSERT INTO Occupancies(RoomNo, Date, ResID) VALUES (402, '2020-11-03', 202);
INSERT INTO Occupancies(RoomNo, Date, ResID) VALUES (402, '2020-11-04', 202);
#203
INSERT INTO Customers(Fname, Lname, Phone, Email) VALUES ("Arlo", "Williamson", '802-362-8506', "Arlo_Williamson@gmail.com");
INSERT INTO Reservations(ID, StartDate, EndDate, NumGuests, CustomerID, Source, BookedAt) VALUES(203, '2020-12-22', '2020-12-23', 1, 203, 'OTA', '2020-12-28 02:48:09');
INSERT INTO Occupancies(RoomNo, Date, ResID) VALUES (402, '2020-12-22', 203);
#204
INSERT INTO Customers(Fname, Lname, Phone, Email) VALUES ("Giovanny", "Johnson", '597-425-8573', "Giovanny_Johnson@gmail.com");
INSERT INTO Reservations(ID, StartDate, EndDate, NumGuests, CustomerID, Source, BookedAt) VALUES(204, '2020-10-31', '2020-11-02', 4, 204, 'direct', '2020-12-28 02:48:10');
INSERT INTO Occupancies(RoomNo, Date, ResID) VALUES (404, '2020-10-31', 204);
INSERT INTO Occupancies(RoomNo, Date, ResID) VALUES (404, '2020-11-01', 204);
#205
INSERT INTO Customers(Fname, Lname, Phone, Email) VALUES ("Brandon", "Rosenbaum", '968-776-6392', "Brandon_Rosenbaum@gmail.com");
INSERT INTO Reservations(ID, StartDate, EndDate, NumGuests, CustomerID, Source, BookedAt) VALUES(205, '2020-11-04', '2020-11-08', 4, 205, 'corporate', '2020-12-28 02:48:10');
INSERT INTO Occupancies(RoomNo, Date, ResID) VALUES (106, '2020-11-04', 205);
INSERT INTO Occupancies(RoomNo, Date, ResID) VALUES (106, '2020-11-05', 205);
INSERT INTO Occupancies(RoomNo, Date, ResID) VALUES (106, '2020-11-06', 205);
INSERT INTO Occupancies(RoomNo, Date, ResID) VALUES (106, '2020-11-07', 205);
#206
INSERT INTO Customers(Fname, Lname, Phone, Email) VALUES ("Daryl", "Paucek", '970-906-8248', "Daryl_Paucek@gmail.com");
INSERT INTO Reservations(ID, StartDate, EndDate, NumGuests, CustomerID, Source, BookedAt) VALUES(206, '2020-03-22', '2020-03-23', 5, 206, 'agency', '2020-12-28 02:48:10');
INSERT INTO Occupancies(RoomNo, Date, ResID) VALUES (401, '2020-03-22', 206);
#207
INSERT INTO Customers(Fname, Lname, Phone, Email) VALUES ("Carmelo", "Gaylord", '364-255-4996', "Carmelo_Gaylord@gmail.com");
INSERT INTO Reservations(ID, StartDate, EndDate, NumGuests, CustomerID, Source, BookedAt) VALUES(207, '2020-07-13', '2020-07-17', 3, 207, 'direct', '2020-12-28 02:48:10');
INSERT INTO Occupancies(RoomNo, Date, ResID) VALUES (503, '2020-07-13', 207);
INSERT INTO Occupancies(RoomNo, Date, ResID) VALUES (503, '2020-07-14', 207);
INSERT INTO Occupancies(RoomNo, Date, ResID) VALUES (503, '2020-07-15', 207);
INSERT INTO Occupancies(RoomNo, Date, ResID) VALUES (503, '2020-07-16', 207);
#208
INSERT INTO Customers(Fname, Lname, Phone, Email) VALUES ("Tommie", "Nader", '763-405-9233', "Tommie_Nader@gmail.com");
INSERT INTO Reservations(ID, StartDate, EndDate, NumGuests, CustomerID, Source, BookedAt) VALUES(208, '2020-10-08', '2020-10-11', 4, 208, 'OTA', '2020-12-28 02:48:10');
INSERT INTO Occupancies(RoomNo, Date, ResID) VALUES (201, '2020-10-08', 208);
INSERT INTO Occupancies(RoomNo, Date, ResID) VALUES (201, '2020-10-09', 208);
INSERT INTO Occupancies(RoomNo, Date, ResID) VALUES (201, '2020-10-10', 208);
#209
INSERT INTO Customers(Fname, Lname, Phone, Email) VALUES ("Ike", "Pacocha", '958-694-1708', "Ike_Pacocha@gmail.com");
INSERT INTO Reservations(ID, StartDate, EndDate, NumGuests, CustomerID, Source, BookedAt) VALUES(209, '2020-12-28', '2020-12-29', 5, 209, 'agency', '2020-12-28 02:48:10');
INSERT INTO Occupancies(RoomNo, Date, ResID) VALUES (101, '2020-12-28', 209);
#210
INSERT INTO Customers(Fname, Lname, Phone, Email) VALUES ("Kiley", "Gislason", '317-750-3508', "Kiley_Gislason@gmail.com");
INSERT INTO Reservations(ID, StartDate, EndDate, NumGuests, CustomerID, Source, BookedAt) VALUES(210, '2020-11-12', '2020-11-13', 1, 210, 'corporate', '2020-12-28 02:48:10');
INSERT INTO Occupancies(RoomNo, Date, ResID) VALUES (103, '2020-11-12', 210);
#211
INSERT INTO Customers(Fname, Lname, Phone, Email) VALUES ("Robyn", "Zemlak", '760-365-3019', "Robyn_Zemlak@gmail.com");
INSERT INTO Reservations(ID, StartDate, EndDate, NumGuests, CustomerID, Source, BookedAt) VALUES(211, '2021-08-13', '2021-08-16', 4, 211, 'direct', '2020-12-28 02:48:10');
INSERT INTO Occupancies(RoomNo, Date, ResID) VALUES (102, '2021-08-13', 211);
INSERT INTO Occupancies(RoomNo, Date, ResID) VALUES (102, '2021-08-14', 211);
INSERT INTO Occupancies(RoomNo, Date, ResID) VALUES (102, '2021-08-15', 211);
#212
INSERT INTO Customers(Fname, Lname, Phone, Email) VALUES ("Garfield", "Purdy", '362-800-0764', "Garfield_Purdy@gmail.com");
INSERT INTO Reservations(ID, StartDate, EndDate, NumGuests, CustomerID, Source, BookedAt) VALUES(212, '2020-06-28', '2020-06-30', 4, 212, 'corporate', '2020-12-28 02:48:10');
INSERT INTO Occupancies(RoomNo, Date, ResID) VALUES (406, '2020-06-28', 212);
INSERT INTO Occupancies(RoomNo, Date, ResID) VALUES (406, '2020-06-29', 212);
#213
INSERT INTO Customers(Fname, Lname, Phone, Email) VALUES ("Selina", "Denesik", '798-696-3278', "Selina_Denesik@gmail.com");
INSERT INTO Reservations(ID, StartDate, EndDate, NumGuests, CustomerID, Source, BookedAt) VALUES(213, '2020-11-21', '2020-11-22', 4, 213, 'agency', '2020-12-28 02:48:10');
INSERT INTO Occupancies(RoomNo, Date, ResID) VALUES (205, '2020-11-21', 213);
#214
INSERT INTO Customers(Fname, Lname, Phone, Email) VALUES ("Ansel", "Pagac", '934-264-8178', "Ansel_Pagac@gmail.com");
INSERT INTO Reservations(ID, StartDate, EndDate, NumGuests, CustomerID, Source, BookedAt) VALUES(214, '2021-11-09', '2021-11-14', 3, 214, 'direct', '2020-12-28 02:48:10');
INSERT INTO Occupancies(RoomNo, Date, ResID) VALUES (304, '2021-11-09', 214);
INSERT INTO Occupancies(RoomNo, Date, ResID) VALUES (304, '2021-11-10', 214);
INSERT INTO Occupancies(RoomNo, Date, ResID) VALUES (304, '2021-11-11', 214);
INSERT INTO Occupancies(RoomNo, Date, ResID) VALUES (304, '2021-11-12', 214);
INSERT INTO Occupancies(RoomNo, Date, ResID) VALUES (304, '2021-11-13', 214);
#215
INSERT INTO Customers(Fname, Lname, Phone, Email) VALUES ("Sydni", "Murazik", '440-586-3953', "Sydni_Murazik@gmail.com");
INSERT INTO Reservations(ID, StartDate, EndDate, NumGuests, CustomerID, Source, BookedAt) VALUES(215, '2020-10-28', '2020-10-29', 5, 215, 'direct', '2020-12-28 02:48:10');
INSERT INTO Occupancies(RoomNo, Date, ResID) VALUES (206, '2020-10-28', 215);
#216
INSERT INTO Customers(Fname, Lname, Phone, Email) VALUES ("Eulah", "Bergstrom", '788-647-6872', "Eulah_Bergstrom@gmail.com");
INSERT INTO Reservations(ID, StartDate, EndDate, NumGuests, CustomerID, Source, BookedAt) VALUES(216, '2020-09-09', '2020-09-11', 2, 216, 'OTA', '2020-12-28 02:48:10');
INSERT INTO Occupancies(RoomNo, Date, ResID) VALUES (501, '2020-09-09', 216);
INSERT INTO Occupancies(RoomNo, Date, ResID) VALUES (501, '2020-09-10', 216);
#217
INSERT INTO Customers(Fname, Lname, Phone, Email) VALUES ("Matilda", "Bergnaum", '549-642-2348', "Matilda_Bergnaum@gmail.com");
INSERT INTO Reservations(ID, StartDate, EndDate, NumGuests, CustomerID, Source, BookedAt) VALUES(217, '2021-07-08', '2021-07-13', 1, 217, 'OTA', '2020-12-28 02:48:10');
INSERT INTO Occupancies(RoomNo, Date, ResID) VALUES (202, '2021-07-08', 217);
INSERT INTO Occupancies(RoomNo, Date, ResID) VALUES (202, '2021-07-09', 217);
INSERT INTO Occupancies(RoomNo, Date, ResID) VALUES (202, '2021-07-10', 217);
INSERT INTO Occupancies(RoomNo, Date, ResID) VALUES (202, '2021-07-11', 217);
INSERT INTO Occupancies(RoomNo, Date, ResID) VALUES (202, '2021-07-12', 217);
#218
INSERT INTO Customers(Fname, Lname, Phone, Email) VALUES ("Kenyatta", "Weissnat", '591-369-5811', "Kenyatta_Weissnat@gmail.com");
INSERT INTO Reservations(ID, StartDate, EndDate, NumGuests, CustomerID, Source, BookedAt) VALUES(218, '2020-07-05', '2020-07-06', 3, 218, 'direct', '2020-12-28 02:48:10');
INSERT INTO Occupancies(RoomNo, Date, ResID) VALUES (304, '2020-07-05', 218);
#219
INSERT INTO Customers(Fname, Lname, Phone, Email) VALUES ("Allie", "Parisian", '249-324-8434', "Allie_Parisian@gmail.com");
INSERT INTO Reservations(ID, StartDate, EndDate, NumGuests, CustomerID, Source, BookedAt) VALUES(219, '2020-10-22', '2020-10-26', 3, 219, 'direct', '2020-12-28 02:48:10');
INSERT INTO Occupancies(RoomNo, Date, ResID) VALUES (403, '2020-10-22', 219);
INSERT INTO Occupancies(RoomNo, Date, ResID) VALUES (403, '2020-10-23', 219);
INSERT INTO Occupancies(RoomNo, Date, ResID) VALUES (403, '2020-10-24', 219);
INSERT INTO Occupancies(RoomNo, Date, ResID) VALUES (403, '2020-10-25', 219);
#220
INSERT INTO Customers(Fname, Lname, Phone, Email) VALUES ("Wilbert", "Keebler", '299-387-6925', "Wilbert_Keebler@gmail.com");
INSERT INTO Reservations(ID, StartDate, EndDate, NumGuests, CustomerID, Source, BookedAt) VALUES(220, '2020-11-29', '2020-11-30', 1, 220, 'agency', '2020-12-28 02:48:10');
INSERT INTO Occupancies(RoomNo, Date, ResID) VALUES (503, '2020-11-29', 220);
#221
INSERT INTO Customers(Fname, Lname, Phone, Email) VALUES ("Edwardo", "Heaney", '689-531-5595', "Edwardo_Heaney@gmail.com");
INSERT INTO Reservations(ID, StartDate, EndDate, NumGuests, CustomerID, Source, BookedAt) VALUES(221, '2020-12-15', '2020-12-17', 4, 221, 'corporate', '2020-12-28 02:48:10');
INSERT INTO Occupancies(RoomNo, Date, ResID) VALUES (302, '2020-12-15', 221);
INSERT INTO Occupancies(RoomNo, Date, ResID) VALUES (302, '2020-12-16', 221);
#222
INSERT INTO Customers(Fname, Lname, Phone, Email) VALUES ("Monica", "Mayer", '407-546-4899', "Monica_Mayer@gmail.com");
INSERT INTO Reservations(ID, StartDate, EndDate, NumGuests, CustomerID, Source, BookedAt) VALUES(222, '2021-06-09', '2021-06-13', 5, 222, 'OTA', '2020-12-28 02:48:10');
INSERT INTO Occupancies(RoomNo, Date, ResID) VALUES (103, '2021-06-09', 222);
INSERT INTO Occupancies(RoomNo, Date, ResID) VALUES (103, '2021-06-10', 222);
INSERT INTO Occupancies(RoomNo, Date, ResID) VALUES (103, '2021-06-11', 222);
INSERT INTO Occupancies(RoomNo, Date, ResID) VALUES (103, '2021-06-12', 222);
#223
INSERT INTO Customers(Fname, Lname, Phone, Email) VALUES ("Seth", "Murray", '368-797-2074', "Seth_Murray@gmail.com");
INSERT INTO Reservations(ID, StartDate, EndDate, NumGuests, CustomerID, Source, BookedAt) VALUES(223, '2021-10-02', '2021-10-03', 4, 223, 'direct', '2020-12-28 02:48:10');
INSERT INTO Occupancies(RoomNo, Date, ResID) VALUES (201, '2021-10-02', 223);
#224
INSERT INTO Customers(Fname, Lname, Phone, Email) VALUES ("Braden", "Schaefer", '527-832-6197', "Braden_Schaefer@gmail.com");
INSERT INTO Reservations(ID, StartDate, EndDate, NumGuests, CustomerID, Source, BookedAt) VALUES(224, '2020-01-26', '2020-01-28', 5, 224, 'direct', '2020-12-28 02:48:10');
INSERT INTO Occupancies(RoomNo, Date, ResID) VALUES (102, '2020-01-26', 224);
INSERT INTO Occupancies(RoomNo, Date, ResID) VALUES (102, '2020-01-27', 224);
#225
INSERT INTO Customers(Fname, Lname, Phone, Email) VALUES ("Duncan", "Morissette", '445-465-6405', "Duncan_Morissette@gmail.com");
INSERT INTO Reservations(ID, StartDate, EndDate, NumGuests, CustomerID, Source, BookedAt) VALUES(225, '2021-09-20', '2021-09-25', 5, 225, 'direct', '2020-12-28 02:48:10');
INSERT INTO Occupancies(RoomNo, Date, ResID) VALUES (206, '2021-09-20', 225);
INSERT INTO Occupancies(RoomNo, Date, ResID) VALUES (206, '2021-09-21', 225);
INSERT INTO Occupancies(RoomNo, Date, ResID) VALUES (206, '2021-09-22', 225);
INSERT INTO Occupancies(RoomNo, Date, ResID) VALUES (206, '2021-09-23', 225);
INSERT INTO Occupancies(RoomNo, Date, ResID) VALUES (206, '2021-09-24', 225);
#226
INSERT INTO Customers(Fname, Lname, Phone, Email) VALUES ("Gillian", "Murray", '783-789-2040', "Gillian_Murray@gmail.com");
INSERT INTO Reservations(ID, StartDate, EndDate, NumGuests, CustomerID, Source, BookedAt) VALUES(226, '2021-08-01', '2021-08-06', 2, 226, 'direct', '2020-12-28 02:48:10');
INSERT INTO Occupancies(RoomNo, Date, ResID) VALUES (302, '2021-08-01', 226);
INSERT INTO Occupancies(RoomNo, Date, ResID) VALUES (302, '2021-08-02', 226);
INSERT INTO Occupancies(RoomNo, Date, ResID) VALUES (302, '2021-08-03', 226);
INSERT INTO Occupancies(RoomNo, Date, ResID) VALUES (302, '2021-08-04', 226);
INSERT INTO Occupancies(RoomNo, Date, ResID) VALUES (302, '2021-08-05', 226);
#227
INSERT INTO Customers(Fname, Lname, Phone, Email) VALUES ("Ivy", "Ward", '607-607-9407', "Ivy_Ward@gmail.com");
INSERT INTO Reservations(ID, StartDate, EndDate, NumGuests, CustomerID, Source, BookedAt) VALUES(227, '2020-12-28', '2021-01-02', 3, 227, 'direct', '2020-12-28 02:48:10');
INSERT INTO Occupancies(RoomNo, Date, ResID) VALUES (304, '2020-12-28', 227);
INSERT INTO Occupancies(RoomNo, Date, ResID) VALUES (304, '2020-12-29', 227);
INSERT INTO Occupancies(RoomNo, Date, ResID) VALUES (304, '2020-12-30', 227);
INSERT INTO Occupancies(RoomNo, Date, ResID) VALUES (304, '2020-12-31', 227);
INSERT INTO Occupancies(RoomNo, Date, ResID) VALUES (304, '2021-01-01', 227);
#228
INSERT INTO Customers(Fname, Lname, Phone, Email) VALUES ("Sonny", "Thompson", '831-786-4063', "Sonny_Thompson@gmail.com");
INSERT INTO Reservations(ID, StartDate, EndDate, NumGuests, CustomerID, Source, BookedAt) VALUES(228, '2021-04-18', '2021-04-23', 3, 228, 'direct', '2020-12-28 02:48:10');
INSERT INTO Occupancies(RoomNo, Date, ResID) VALUES (502, '2021-04-18', 228);
INSERT INTO Occupancies(RoomNo, Date, ResID) VALUES (502, '2021-04-19', 228);
INSERT INTO Occupancies(RoomNo, Date, ResID) VALUES (502, '2021-04-20', 228);
INSERT INTO Occupancies(RoomNo, Date, ResID) VALUES (502, '2021-04-21', 228);
INSERT INTO Occupancies(RoomNo, Date, ResID) VALUES (502, '2021-04-22', 228);
#229
INSERT INTO Customers(Fname, Lname, Phone, Email) VALUES ("Caitlyn", "Grady", '687-697-7217', "Caitlyn_Grady@gmail.com");
INSERT INTO Reservations(ID, StartDate, EndDate, NumGuests, CustomerID, Source, BookedAt) VALUES(229, '2020-06-27', '2020-06-28', 4, 229, 'direct', '2020-12-28 02:48:10');
INSERT INTO Occupancies(RoomNo, Date, ResID) VALUES (305, '2020-06-27', 229);
#230
INSERT INTO Customers(Fname, Lname, Phone, Email) VALUES ("Kaelyn", "Stracke", '693-207-8217', "Kaelyn_Stracke@gmail.com");
INSERT INTO Reservations(ID, StartDate, EndDate, NumGuests, CustomerID, Source, BookedAt) VALUES(230, '2021-07-07', '2021-07-12', 3, 230, 'agency', '2020-12-28 02:48:10');
INSERT INTO Occupancies(RoomNo, Date, ResID) VALUES (405, '2021-07-07', 230);
INSERT INTO Occupancies(RoomNo, Date, ResID) VALUES (405, '2021-07-08', 230);
INSERT INTO Occupancies(RoomNo, Date, ResID) VALUES (405, '2021-07-09', 230);
INSERT INTO Occupancies(RoomNo, Date, ResID) VALUES (405, '2021-07-10', 230);
INSERT INTO Occupancies(RoomNo, Date, ResID) VALUES (405, '2021-07-11', 230);
#231
INSERT INTO Customers(Fname, Lname, Phone, Email) VALUES ("Eugenia", "Dietrich", '624-439-2939', "Eugenia_Dietrich@gmail.com");
INSERT INTO Reservations(ID, StartDate, EndDate, NumGuests, CustomerID, Source, BookedAt) VALUES(231, '2021-11-06', '2021-11-10', 3, 231, 'OTA', '2020-12-28 02:48:10');
INSERT INTO Occupancies(RoomNo, Date, ResID) VALUES (103, '2021-11-06', 231);
INSERT INTO Occupancies(RoomNo, Date, ResID) VALUES (103, '2021-11-07', 231);
INSERT INTO Occupancies(RoomNo, Date, ResID) VALUES (103, '2021-11-08', 231);
INSERT INTO Occupancies(RoomNo, Date, ResID) VALUES (103, '2021-11-09', 231);
#232
INSERT INTO Customers(Fname, Lname, Phone, Email) VALUES ("Julius", "Kozey", '746-536-7028', "Julius_Kozey@gmail.com");
INSERT INTO Reservations(ID, StartDate, EndDate, NumGuests, CustomerID, Source, BookedAt) VALUES(232, '2020-05-12', '2020-05-13', 4, 232, 'corporate', '2020-12-28 02:48:10');
INSERT INTO Occupancies(RoomNo, Date, ResID) VALUES (204, '2020-05-12', 232);
#233
INSERT INTO Customers(Fname, Lname, Phone, Email) VALUES ("Cortez", "Raynor", '479-838-5870', "Cortez_Raynor@gmail.com");
INSERT INTO Reservations(ID, StartDate, EndDate, NumGuests, CustomerID, Source, BookedAt) VALUES(233, '2020-10-28', '2020-10-30', 3, 233, 'OTA', '2020-12-28 02:48:10');
INSERT INTO Occupancies(RoomNo, Date, ResID) VALUES (504, '2020-10-28', 233);
INSERT INTO Occupancies(RoomNo, Date, ResID) VALUES (504, '2020-10-29', 233);
#234
INSERT INTO Customers(Fname, Lname, Phone, Email) VALUES ("Brice", "Spinka", '555-770-0267', "Brice_Spinka@gmail.com");
INSERT INTO Reservations(ID, StartDate, EndDate, NumGuests, CustomerID, Source, BookedAt) VALUES(234, '2020-02-04', '2020-02-09', 5, 234, 'OTA', '2020-12-28 02:48:10');
INSERT INTO Occupancies(RoomNo, Date, ResID) VALUES (505, '2020-02-04', 234);
INSERT INTO Occupancies(RoomNo, Date, ResID) VALUES (505, '2020-02-05', 234);
INSERT INTO Occupancies(RoomNo, Date, ResID) VALUES (505, '2020-02-06', 234);
INSERT INTO Occupancies(RoomNo, Date, ResID) VALUES (505, '2020-02-07', 234);
INSERT INTO Occupancies(RoomNo, Date, ResID) VALUES (505, '2020-02-08', 234);
#235
INSERT INTO Customers(Fname, Lname, Phone, Email) VALUES ("Addie", "Tremblay", '871-302-3217', "Addie_Tremblay@gmail.com");
INSERT INTO Reservations(ID, StartDate, EndDate, NumGuests, CustomerID, Source, BookedAt) VALUES(235, '2021-12-02', '2021-12-05', 5, 235, 'agency', '2020-12-28 02:48:10');
INSERT INTO Occupancies(RoomNo, Date, ResID) VALUES (102, '2021-12-02', 235);
INSERT INTO Occupancies(RoomNo, Date, ResID) VALUES (102, '2021-12-03', 235);
INSERT INTO Occupancies(RoomNo, Date, ResID) VALUES (102, '2021-12-04', 235);
#236
INSERT INTO Customers(Fname, Lname, Phone, Email) VALUES ("Benjamin", "Moen", '787-655-4476', "Benjamin_Moen@gmail.com");
INSERT INTO Reservations(ID, StartDate, EndDate, NumGuests, CustomerID, Source, BookedAt) VALUES(236, '2020-07-07', '2020-07-10', 4, 236, 'OTA', '2020-12-28 02:48:10');
INSERT INTO Occupancies(RoomNo, Date, ResID) VALUES (306, '2020-07-07', 236);
INSERT INTO Occupancies(RoomNo, Date, ResID) VALUES (306, '2020-07-08', 236);
INSERT INTO Occupancies(RoomNo, Date, ResID) VALUES (306, '2020-07-09', 236);
#237
INSERT INTO Customers(Fname, Lname, Phone, Email) VALUES ("Boyd", "Grant", '284-437-7945', "Boyd_Grant@gmail.com");
INSERT INTO Reservations(ID, StartDate, EndDate, NumGuests, CustomerID, Source, BookedAt) VALUES(237, '2020-04-07', '2020-04-08', 1, 237, 'OTA', '2020-12-28 02:48:10');
INSERT INTO Occupancies(RoomNo, Date, ResID) VALUES (102, '2020-04-07', 237);
#238
INSERT INTO Customers(Fname, Lname, Phone, Email) VALUES ("Judah", "Windler", '591-648-7978', "Judah_Windler@gmail.com");
INSERT INTO Reservations(ID, StartDate, EndDate, NumGuests, CustomerID, Source, BookedAt) VALUES(238, '2021-01-02', '2021-01-05', 3, 238, 'direct', '2020-12-28 02:48:10');
INSERT INTO Occupancies(RoomNo, Date, ResID) VALUES (505, '2021-01-02', 238);
INSERT INTO Occupancies(RoomNo, Date, ResID) VALUES (505, '2021-01-03', 238);
INSERT INTO Occupancies(RoomNo, Date, ResID) VALUES (505, '2021-01-04', 238);
#239
INSERT INTO Customers(Fname, Lname, Phone, Email) VALUES ("Magali", "Rolfson", '752-503-7935', "Magali_Rolfson@gmail.com");
INSERT INTO Reservations(ID, StartDate, EndDate, NumGuests, CustomerID, Source, BookedAt) VALUES(239, '2020-08-04', '2020-08-08', 5, 239, 'corporate', '2020-12-28 02:48:10');
INSERT INTO Occupancies(RoomNo, Date, ResID) VALUES (302, '2020-08-04', 239);
INSERT INTO Occupancies(RoomNo, Date, ResID) VALUES (302, '2020-08-05', 239);
INSERT INTO Occupancies(RoomNo, Date, ResID) VALUES (302, '2020-08-06', 239);
INSERT INTO Occupancies(RoomNo, Date, ResID) VALUES (302, '2020-08-07', 239);
#240
INSERT INTO Customers(Fname, Lname, Phone, Email) VALUES ("Josefa", "Botsford", '981-570-2344', "Josefa_Botsford@gmail.com");
INSERT INTO Reservations(ID, StartDate, EndDate, NumGuests, CustomerID, Source, BookedAt) VALUES(240, '2021-03-07', '2021-03-12', 1, 240, 'agency', '2020-12-28 02:48:10');
INSERT INTO Occupancies(RoomNo, Date, ResID) VALUES (506, '2021-03-07', 240);
INSERT INTO Occupancies(RoomNo, Date, ResID) VALUES (506, '2021-03-08', 240);
INSERT INTO Occupancies(RoomNo, Date, ResID) VALUES (506, '2021-03-09', 240);
INSERT INTO Occupancies(RoomNo, Date, ResID) VALUES (506, '2021-03-10', 240);
INSERT INTO Occupancies(RoomNo, Date, ResID) VALUES (506, '2021-03-11', 240);
#241
INSERT INTO Customers(Fname, Lname, Phone, Email) VALUES ("Maiya", "Carter", '938-299-8422', "Maiya_Carter@gmail.com");
INSERT INTO Reservations(ID, StartDate, EndDate, NumGuests, CustomerID, Source, BookedAt) VALUES(241, '2020-10-15', '2020-10-19', 5, 241, 'agency', '2020-12-28 02:48:10');
INSERT INTO Occupancies(RoomNo, Date, ResID) VALUES (306, '2020-10-15', 241);
INSERT INTO Occupancies(RoomNo, Date, ResID) VALUES (306, '2020-10-16', 241);
INSERT INTO Occupancies(RoomNo, Date, ResID) VALUES (306, '2020-10-17', 241);
INSERT INTO Occupancies(RoomNo, Date, ResID) VALUES (306, '2020-10-18', 241);
#242
INSERT INTO Customers(Fname, Lname, Phone, Email) VALUES ("Jaida", "Kuhic", '915-388-7302', "Jaida_Kuhic@gmail.com");
INSERT INTO Reservations(ID, StartDate, EndDate, NumGuests, CustomerID, Source, BookedAt) VALUES(242, '2020-02-16', '2020-02-20', 1, 242, 'OTA', '2020-12-28 02:48:10');
INSERT INTO Occupancies(RoomNo, Date, ResID) VALUES (405, '2020-02-16', 242);
INSERT INTO Occupancies(RoomNo, Date, ResID) VALUES (405, '2020-02-17', 242);
INSERT INTO Occupancies(RoomNo, Date, ResID) VALUES (405, '2020-02-18', 242);
INSERT INTO Occupancies(RoomNo, Date, ResID) VALUES (405, '2020-02-19', 242);
#243
INSERT INTO Customers(Fname, Lname, Phone, Email) VALUES ("Kellie", "Hegmann", '523-953-2347', "Kellie_Hegmann@gmail.com");
INSERT INTO Reservations(ID, StartDate, EndDate, NumGuests, CustomerID, Source, BookedAt) VALUES(243, '2020-12-12', '2020-12-15', 1, 243, 'direct', '2020-12-28 02:48:10');
INSERT INTO Occupancies(RoomNo, Date, ResID) VALUES (204, '2020-12-12', 243);
INSERT INTO Occupancies(RoomNo, Date, ResID) VALUES (204, '2020-12-13', 243);
INSERT INTO Occupancies(RoomNo, Date, ResID) VALUES (204, '2020-12-14', 243);
#244
INSERT INTO Customers(Fname, Lname, Phone, Email) VALUES ("Antonio", "Davis", '970-302-7778', "Antonio_Davis@gmail.com");
INSERT INTO Reservations(ID, StartDate, EndDate, NumGuests, CustomerID, Source, BookedAt) VALUES(244, '2021-09-06', '2021-09-11', 3, 244, 'OTA', '2020-12-28 02:48:10');
INSERT INTO Occupancies(RoomNo, Date, ResID) VALUES (101, '2021-09-06', 244);
INSERT INTO Occupancies(RoomNo, Date, ResID) VALUES (101, '2021-09-07', 244);
INSERT INTO Occupancies(RoomNo, Date, ResID) VALUES (101, '2021-09-08', 244);
INSERT INTO Occupancies(RoomNo, Date, ResID) VALUES (101, '2021-09-09', 244);
INSERT INTO Occupancies(RoomNo, Date, ResID) VALUES (101, '2021-09-10', 244);
#245
INSERT INTO Customers(Fname, Lname, Phone, Email) VALUES ("Layne", "Purdy", '284-302-1834', "Layne_Purdy@gmail.com");
INSERT INTO Reservations(ID, StartDate, EndDate, NumGuests, CustomerID, Source, BookedAt) VALUES(245, '2020-06-23', '2020-06-24', 4, 245, 'OTA', '2020-12-28 02:48:10');
INSERT INTO Occupancies(RoomNo, Date, ResID) VALUES (305, '2020-06-23', 245);
#246
INSERT INTO Customers(Fname, Lname, Phone, Email) VALUES ("Blair", "Ritchie", '220-809-4124', "Blair_Ritchie@gmail.com");
INSERT INTO Reservations(ID, StartDate, EndDate, NumGuests, CustomerID, Source, BookedAt) VALUES(246, '2020-07-18', '2020-07-20', 2, 246, 'direct', '2020-12-28 02:48:10');
INSERT INTO Occupancies(RoomNo, Date, ResID) VALUES (206, '2020-07-18', 246);
INSERT INTO Occupancies(RoomNo, Date, ResID) VALUES (206, '2020-07-19', 246);
#247
INSERT INTO Customers(Fname, Lname, Phone, Email) VALUES ("Orie", "Funk", '740-472-5402', "Orie_Funk@gmail.com");
INSERT INTO Reservations(ID, StartDate, EndDate, NumGuests, CustomerID, Source, BookedAt) VALUES(247, '2020-04-27', '2020-05-02', 1, 247, 'corporate', '2020-12-28 02:48:10');
INSERT INTO Occupancies(RoomNo, Date, ResID) VALUES (506, '2020-04-27', 247);
INSERT INTO Occupancies(RoomNo, Date, ResID) VALUES (506, '2020-04-28', 247);
INSERT INTO Occupancies(RoomNo, Date, ResID) VALUES (506, '2020-04-29', 247);
INSERT INTO Occupancies(RoomNo, Date, ResID) VALUES (506, '2020-04-30', 247);
INSERT INTO Occupancies(RoomNo, Date, ResID) VALUES (506, '2020-05-01', 247);
#248
INSERT INTO Customers(Fname, Lname, Phone, Email) VALUES ("Julia", "Mills", '822-219-3479', "Julia_Mills@gmail.com");
INSERT INTO Reservations(ID, StartDate, EndDate, NumGuests, CustomerID, Source, BookedAt) VALUES(248, '2020-11-13', '2020-11-18', 2, 248, 'OTA', '2020-12-28 02:48:10');
INSERT INTO Occupancies(RoomNo, Date, ResID) VALUES (101, '2020-11-13', 248);
INSERT INTO Occupancies(RoomNo, Date, ResID) VALUES (101, '2020-11-14', 248);
INSERT INTO Occupancies(RoomNo, Date, ResID) VALUES (101, '2020-11-15', 248);
INSERT INTO Occupancies(RoomNo, Date, ResID) VALUES (101, '2020-11-16', 248);
INSERT INTO Occupancies(RoomNo, Date, ResID) VALUES (101, '2020-11-17', 248);
#249
INSERT INTO Customers(Fname, Lname, Phone, Email) VALUES ("Ellen", "Emard", '307-574-5105', "Ellen_Emard@gmail.com");
INSERT INTO Reservations(ID, StartDate, EndDate, NumGuests, CustomerID, Source, BookedAt) VALUES(249, '2020-08-13', '2020-08-15', 1, 249, 'OTA', '2020-12-28 02:48:10');
INSERT INTO Occupancies(RoomNo, Date, ResID) VALUES (304, '2020-08-13', 249);
INSERT INTO Occupancies(RoomNo, Date, ResID) VALUES (304, '2020-08-14', 249);
#250
INSERT INTO Customers(Fname, Lname, Phone, Email) VALUES ("Raegan", "Parisian", '552-505-4724', "Raegan_Parisian@gmail.com");
INSERT INTO Reservations(ID, StartDate, EndDate, NumGuests, CustomerID, Source, BookedAt) VALUES(250, '2020-12-08', '2020-12-11', 2, 250, 'OTA', '2020-12-28 02:48:10');
INSERT INTO Occupancies(RoomNo, Date, ResID) VALUES (506, '2020-12-08', 250);
INSERT INTO Occupancies(RoomNo, Date, ResID) VALUES (506, '2020-12-09', 250);
INSERT INTO Occupancies(RoomNo, Date, ResID) VALUES (506, '2020-12-10', 250);
#251
INSERT INTO Customers(Fname, Lname, Phone, Email) VALUES ("Aron", "Shanahan", '641-206-4649', "Aron_Shanahan@gmail.com");
INSERT INTO Reservations(ID, StartDate, EndDate, NumGuests, CustomerID, Source, BookedAt) VALUES(251, '2020-09-13', '2020-09-14', 4, 251, 'agency', '2020-12-28 02:48:10');
INSERT INTO Occupancies(RoomNo, Date, ResID) VALUES (402, '2020-09-13', 251);
#252
INSERT INTO Customers(Fname, Lname, Phone, Email) VALUES ("Zena", "Zboncak", '842-669-7257', "Zena_Zboncak@gmail.com");
INSERT INTO Reservations(ID, StartDate, EndDate, NumGuests, CustomerID, Source, BookedAt) VALUES(252, '2021-11-24', '2021-11-25', 4, 252, 'OTA', '2020-12-28 02:48:10');
INSERT INTO Occupancies(RoomNo, Date, ResID) VALUES (501, '2021-11-24', 252);
#253
INSERT INTO Customers(Fname, Lname, Phone, Email) VALUES ("Giovanny", "Ebert", '683-346-5474', "Giovanny_Ebert@gmail.com");
INSERT INTO Reservations(ID, StartDate, EndDate, NumGuests, CustomerID, Source, BookedAt) VALUES(253, '2020-04-25', '2020-04-26', 4, 253, 'OTA', '2020-12-28 02:48:10');
INSERT INTO Occupancies(RoomNo, Date, ResID) VALUES (103, '2020-04-25', 253);
#254
INSERT INTO Customers(Fname, Lname, Phone, Email) VALUES ("Sid", "Lind", '683-303-2509', "Sid_Lind@gmail.com");
INSERT INTO Reservations(ID, StartDate, EndDate, NumGuests, CustomerID, Source, BookedAt) VALUES(254, '2021-02-26', '2021-03-01', 4, 254, 'direct', '2020-12-28 02:48:10');
INSERT INTO Occupancies(RoomNo, Date, ResID) VALUES (305, '2021-02-26', 254);
INSERT INTO Occupancies(RoomNo, Date, ResID) VALUES (305, '2021-02-27', 254);
INSERT INTO Occupancies(RoomNo, Date, ResID) VALUES (305, '2021-02-28', 254);
#255
INSERT INTO Customers(Fname, Lname, Phone, Email) VALUES ("Shakira", "Conroy", '255-547-7494', "Shakira_Conroy@gmail.com");
INSERT INTO Reservations(ID, StartDate, EndDate, NumGuests, CustomerID, Source, BookedAt) VALUES(255, '2020-09-06', '2020-09-08', 5, 255, 'agency', '2020-12-28 02:48:10');
INSERT INTO Occupancies(RoomNo, Date, ResID) VALUES (306, '2020-09-06', 255);
INSERT INTO Occupancies(RoomNo, Date, ResID) VALUES (306, '2020-09-07', 255);
#256
INSERT INTO Customers(Fname, Lname, Phone, Email) VALUES ("Chase", "Steuber", '352-893-3754', "Chase_Steuber@gmail.com");
INSERT INTO Reservations(ID, StartDate, EndDate, NumGuests, CustomerID, Source, BookedAt) VALUES(256, '2021-09-22', '2021-09-26', 3, 256, 'direct', '2020-12-28 02:48:10');
INSERT INTO Occupancies(RoomNo, Date, ResID) VALUES (501, '2021-09-22', 256);
INSERT INTO Occupancies(RoomNo, Date, ResID) VALUES (501, '2021-09-23', 256);
INSERT INTO Occupancies(RoomNo, Date, ResID) VALUES (501, '2021-09-24', 256);
INSERT INTO Occupancies(RoomNo, Date, ResID) VALUES (501, '2021-09-25', 256);
#257
INSERT INTO Customers(Fname, Lname, Phone, Email) VALUES ("Danny", "Kemmer", '913-945-9372', "Danny_Kemmer@gmail.com");
INSERT INTO Reservations(ID, StartDate, EndDate, NumGuests, CustomerID, Source, BookedAt) VALUES(257, '2020-12-11', '2020-12-14', 4, 257, 'direct', '2020-12-28 02:48:10');
INSERT INTO Occupancies(RoomNo, Date, ResID) VALUES (305, '2020-12-11', 257);
INSERT INTO Occupancies(RoomNo, Date, ResID) VALUES (305, '2020-12-12', 257);
INSERT INTO Occupancies(RoomNo, Date, ResID) VALUES (305, '2020-12-13', 257);
#258
INSERT INTO Customers(Fname, Lname, Phone, Email) VALUES ("Ramiro", "Pagac", '924-909-4632', "Ramiro_Pagac@gmail.com");
INSERT INTO Reservations(ID, StartDate, EndDate, NumGuests, CustomerID, Source, BookedAt) VALUES(258, '2020-12-14', '2020-12-18', 1, 258, 'direct', '2020-12-28 02:48:10');
INSERT INTO Occupancies(RoomNo, Date, ResID) VALUES (306, '2020-12-14', 258);
INSERT INTO Occupancies(RoomNo, Date, ResID) VALUES (306, '2020-12-15', 258);
INSERT INTO Occupancies(RoomNo, Date, ResID) VALUES (306, '2020-12-16', 258);
INSERT INTO Occupancies(RoomNo, Date, ResID) VALUES (306, '2020-12-17', 258);
#259
INSERT INTO Customers(Fname, Lname, Phone, Email) VALUES ("Philip", "Ondricka", '807-417-5483', "Philip_Ondricka@gmail.com");
INSERT INTO Reservations(ID, StartDate, EndDate, NumGuests, CustomerID, Source, BookedAt) VALUES(259, '2020-01-07', '2020-01-08', 2, 259, 'direct', '2020-12-28 02:48:10');
INSERT INTO Occupancies(RoomNo, Date, ResID) VALUES (205, '2020-01-07', 259);
#260
INSERT INTO Customers(Fname, Lname, Phone, Email) VALUES ("Casandra", "Weissnat", '534-657-0097', "Casandra_Weissnat@gmail.com");
INSERT INTO Reservations(ID, StartDate, EndDate, NumGuests, CustomerID, Source, BookedAt) VALUES(260, '2020-12-27', '2020-12-31', 2, 260, 'OTA', '2020-12-28 02:48:10');
INSERT INTO Occupancies(RoomNo, Date, ResID) VALUES (206, '2020-12-27', 260);
INSERT INTO Occupancies(RoomNo, Date, ResID) VALUES (206, '2020-12-28', 260);
INSERT INTO Occupancies(RoomNo, Date, ResID) VALUES (206, '2020-12-29', 260);
INSERT INTO Occupancies(RoomNo, Date, ResID) VALUES (206, '2020-12-30', 260);
#261
INSERT INTO Customers(Fname, Lname, Phone, Email) VALUES ("Kolby", "Collier", '583-549-7097', "Kolby_Collier@gmail.com");
INSERT INTO Reservations(ID, StartDate, EndDate, NumGuests, CustomerID, Source, BookedAt) VALUES(261, '2020-08-03', '2020-08-04', 5, 261, 'direct', '2020-12-28 02:48:10');
INSERT INTO Occupancies(RoomNo, Date, ResID) VALUES (404, '2020-08-03', 261);
#262
INSERT INTO Customers(Fname, Lname, Phone, Email) VALUES ("Noemy", "Cremin", '571-656-5437', "Noemy_Cremin@gmail.com");
INSERT INTO Reservations(ID, StartDate, EndDate, NumGuests, CustomerID, Source, BookedAt) VALUES(262, '2020-08-01', '2020-08-02', 4, 262, 'direct', '2020-12-28 02:48:10');
INSERT INTO Occupancies(RoomNo, Date, ResID) VALUES (305, '2020-08-01', 262);
#263
INSERT INTO Customers(Fname, Lname, Phone, Email) VALUES ("Tianna", "Gaylord", '692-908-2609', "Tianna_Gaylord@gmail.com");
INSERT INTO Reservations(ID, StartDate, EndDate, NumGuests, CustomerID, Source, BookedAt) VALUES(263, '2020-08-07', '2020-08-11', 4, 263, 'corporate', '2020-12-28 02:48:10');
INSERT INTO Occupancies(RoomNo, Date, ResID) VALUES (501, '2020-08-07', 263);
INSERT INTO Occupancies(RoomNo, Date, ResID) VALUES (501, '2020-08-08', 263);
INSERT INTO Occupancies(RoomNo, Date, ResID) VALUES (501, '2020-08-09', 263);
INSERT INTO Occupancies(RoomNo, Date, ResID) VALUES (501, '2020-08-10', 263);
#264
INSERT INTO Customers(Fname, Lname, Phone, Email) VALUES ("Christophe", "O'Connell", '662-456-5384', "Christophe_O'Connell@gmail.com");
INSERT INTO Reservations(ID, StartDate, EndDate, NumGuests, CustomerID, Source, BookedAt) VALUES(264, '2021-11-28', '2021-12-03', 5, 264, 'corporate', '2020-12-28 02:48:10');
INSERT INTO Occupancies(RoomNo, Date, ResID) VALUES (103, '2021-11-28', 264);
INSERT INTO Occupancies(RoomNo, Date, ResID) VALUES (103, '2021-11-29', 264);
INSERT INTO Occupancies(RoomNo, Date, ResID) VALUES (103, '2021-11-30', 264);
INSERT INTO Occupancies(RoomNo, Date, ResID) VALUES (103, '2021-12-01', 264);
INSERT INTO Occupancies(RoomNo, Date, ResID) VALUES (103, '2021-12-02', 264);
#265
INSERT INTO Customers(Fname, Lname, Phone, Email) VALUES ("Myah", "Kohler", '606-582-8874', "Myah_Kohler@gmail.com");
INSERT INTO Reservations(ID, StartDate, EndDate, NumGuests, CustomerID, Source, BookedAt) VALUES(265, '2020-01-17', '2020-01-19', 3, 265, 'corporate', '2020-12-28 02:48:10');
INSERT INTO Occupancies(RoomNo, Date, ResID) VALUES (104, '2020-01-17', 265);
INSERT INTO Occupancies(RoomNo, Date, ResID) VALUES (104, '2020-01-18', 265);
#266
INSERT INTO Customers(Fname, Lname, Phone, Email) VALUES ("Lottie", "Sporer", '476-713-2354', "Lottie_Sporer@gmail.com");
INSERT INTO Reservations(ID, StartDate, EndDate, NumGuests, CustomerID, Source, BookedAt) VALUES(266, '2021-06-10', '2021-06-14', 5, 266, 'agency', '2020-12-28 02:48:10');
INSERT INTO Occupancies(RoomNo, Date, ResID) VALUES (404, '2021-06-10', 266);
INSERT INTO Occupancies(RoomNo, Date, ResID) VALUES (404, '2021-06-11', 266);
INSERT INTO Occupancies(RoomNo, Date, ResID) VALUES (404, '2021-06-12', 266);
INSERT INTO Occupancies(RoomNo, Date, ResID) VALUES (404, '2021-06-13', 266);
#267
INSERT INTO Customers(Fname, Lname, Phone, Email) VALUES ("Susanna", "Stamm", '680-298-5088', "Susanna_Stamm@gmail.com");
INSERT INTO Reservations(ID, StartDate, EndDate, NumGuests, CustomerID, Source, BookedAt) VALUES(267, '2020-12-27', '2020-12-29', 1, 267, 'OTA', '2020-12-28 02:48:10');
INSERT INTO Occupancies(RoomNo, Date, ResID) VALUES (506, '2020-12-27', 267);
INSERT INTO Occupancies(RoomNo, Date, ResID) VALUES (506, '2020-12-28', 267);
#268
INSERT INTO Customers(Fname, Lname, Phone, Email) VALUES ("Johnnie", "Mosciski", '403-266-2276', "Johnnie_Mosciski@gmail.com");
INSERT INTO Reservations(ID, StartDate, EndDate, NumGuests, CustomerID, Source, BookedAt) VALUES(268, '2020-11-02', '2020-11-06', 3, 268, 'agency', '2020-12-28 02:48:10');
INSERT INTO Occupancies(RoomNo, Date, ResID) VALUES (301, '2020-11-02', 268);
INSERT INTO Occupancies(RoomNo, Date, ResID) VALUES (301, '2020-11-03', 268);
INSERT INTO Occupancies(RoomNo, Date, ResID) VALUES (301, '2020-11-04', 268);
INSERT INTO Occupancies(RoomNo, Date, ResID) VALUES (301, '2020-11-05', 268);
#269
INSERT INTO Customers(Fname, Lname, Phone, Email) VALUES ("Daphney", "Waters", '505-290-6695', "Daphney_Waters@gmail.com");
INSERT INTO Reservations(ID, StartDate, EndDate, NumGuests, CustomerID, Source, BookedAt) VALUES(269, '2020-01-26', '2020-01-31', 3, 269, 'direct', '2020-12-28 02:48:10');
INSERT INTO Occupancies(RoomNo, Date, ResID) VALUES (204, '2020-01-26', 269);
INSERT INTO Occupancies(RoomNo, Date, ResID) VALUES (204, '2020-01-27', 269);
INSERT INTO Occupancies(RoomNo, Date, ResID) VALUES (204, '2020-01-28', 269);
INSERT INTO Occupancies(RoomNo, Date, ResID) VALUES (204, '2020-01-29', 269);
INSERT INTO Occupancies(RoomNo, Date, ResID) VALUES (204, '2020-01-30', 269);
#270
INSERT INTO Customers(Fname, Lname, Phone, Email) VALUES ("Maximillian", "Heller", '881-855-9136', "Maximillian_Heller@gmail.com");
INSERT INTO Reservations(ID, StartDate, EndDate, NumGuests, CustomerID, Source, BookedAt) VALUES(270, '2020-10-14', '2020-10-17', 1, 270, 'corporate', '2020-12-28 02:48:10');
INSERT INTO Occupancies(RoomNo, Date, ResID) VALUES (303, '2020-10-14', 270);
INSERT INTO Occupancies(RoomNo, Date, ResID) VALUES (303, '2020-10-15', 270);
INSERT INTO Occupancies(RoomNo, Date, ResID) VALUES (303, '2020-10-16', 270);
#271
INSERT INTO Customers(Fname, Lname, Phone, Email) VALUES ("Kailyn", "Grady", '935-219-1566', "Kailyn_Grady@gmail.com");
INSERT INTO Reservations(ID, StartDate, EndDate, NumGuests, CustomerID, Source, BookedAt) VALUES(271, '2020-12-28', '2020-12-29', 3, 271, 'corporate', '2020-12-28 02:48:10');
INSERT INTO Occupancies(RoomNo, Date, ResID) VALUES (505, '2020-12-28', 271);
#272
INSERT INTO Customers(Fname, Lname, Phone, Email) VALUES ("Stephen", "Abbott", '368-391-1730', "Stephen_Abbott@gmail.com");
INSERT INTO Reservations(ID, StartDate, EndDate, NumGuests, CustomerID, Source, BookedAt) VALUES(272, '2020-09-03', '2020-09-08', 2, 272, 'agency', '2020-12-28 02:48:10');
INSERT INTO Occupancies(RoomNo, Date, ResID) VALUES (402, '2020-09-03', 272);
INSERT INTO Occupancies(RoomNo, Date, ResID) VALUES (402, '2020-09-04', 272);
INSERT INTO Occupancies(RoomNo, Date, ResID) VALUES (402, '2020-09-05', 272);
INSERT INTO Occupancies(RoomNo, Date, ResID) VALUES (402, '2020-09-06', 272);
INSERT INTO Occupancies(RoomNo, Date, ResID) VALUES (402, '2020-09-07', 272);
#273
INSERT INTO Customers(Fname, Lname, Phone, Email) VALUES ("Eula", "Kuhlman", '905-506-3938', "Eula_Kuhlman@gmail.com");
INSERT INTO Reservations(ID, StartDate, EndDate, NumGuests, CustomerID, Source, BookedAt) VALUES(273, '2020-07-14', '2020-07-16', 4, 273, 'direct', '2020-12-28 02:48:10');
INSERT INTO Occupancies(RoomNo, Date, ResID) VALUES (106, '2020-07-14', 273);
INSERT INTO Occupancies(RoomNo, Date, ResID) VALUES (106, '2020-07-15', 273);
#274
INSERT INTO Customers(Fname, Lname, Phone, Email) VALUES ("Ariel", "Witting", '912-630-9737', "Ariel_Witting@gmail.com");
INSERT INTO Reservations(ID, StartDate, EndDate, NumGuests, CustomerID, Source, BookedAt) VALUES(274, '2020-12-29', '2020-12-30', 1, 274, 'agency', '2020-12-28 02:48:10');
INSERT INTO Occupancies(RoomNo, Date, ResID) VALUES (503, '2020-12-29', 274);
#275
INSERT INTO Customers(Fname, Lname, Phone, Email) VALUES ("Triston", "Balistreri", '837-467-0579', "Triston_Balistreri@gmail.com");
INSERT INTO Reservations(ID, StartDate, EndDate, NumGuests, CustomerID, Source, BookedAt) VALUES(275, '2021-09-01', '2021-09-06', 1, 275, 'agency', '2020-12-28 02:48:10');
INSERT INTO Occupancies(RoomNo, Date, ResID) VALUES (303, '2021-09-01', 275);
INSERT INTO Occupancies(RoomNo, Date, ResID) VALUES (303, '2021-09-02', 275);
INSERT INTO Occupancies(RoomNo, Date, ResID) VALUES (303, '2021-09-03', 275);
INSERT INTO Occupancies(RoomNo, Date, ResID) VALUES (303, '2021-09-04', 275);
INSERT INTO Occupancies(RoomNo, Date, ResID) VALUES (303, '2021-09-05', 275);
#276
INSERT INTO Customers(Fname, Lname, Phone, Email) VALUES ("Jarvis", "Beatty", '314-521-8604', "Jarvis_Beatty@gmail.com");
INSERT INTO Reservations(ID, StartDate, EndDate, NumGuests, CustomerID, Source, BookedAt) VALUES(276, '2020-08-03', '2020-08-05', 5, 276, 'OTA', '2020-12-28 02:48:10');
INSERT INTO Occupancies(RoomNo, Date, ResID) VALUES (104, '2020-08-03', 276);
INSERT INTO Occupancies(RoomNo, Date, ResID) VALUES (104, '2020-08-04', 276);
#277
INSERT INTO Customers(Fname, Lname, Phone, Email) VALUES ("Ford", "Kerluke", '978-415-7541', "Ford_Kerluke@gmail.com");
INSERT INTO Reservations(ID, StartDate, EndDate, NumGuests, CustomerID, Source, BookedAt) VALUES(277, '2020-12-20', '2020-12-25', 4, 277, 'direct', '2020-12-28 02:48:10');
INSERT INTO Occupancies(RoomNo, Date, ResID) VALUES (303, '2020-12-20', 277);
INSERT INTO Occupancies(RoomNo, Date, ResID) VALUES (303, '2020-12-21', 277);
INSERT INTO Occupancies(RoomNo, Date, ResID) VALUES (303, '2020-12-22', 277);
INSERT INTO Occupancies(RoomNo, Date, ResID) VALUES (303, '2020-12-23', 277);
INSERT INTO Occupancies(RoomNo, Date, ResID) VALUES (303, '2020-12-24', 277);
#278
INSERT INTO Customers(Fname, Lname, Phone, Email) VALUES ("Devante", "Schowalter", '363-664-2182', "Devante_Schowalter@gmail.com");
INSERT INTO Reservations(ID, StartDate, EndDate, NumGuests, CustomerID, Source, BookedAt) VALUES(278, '2021-07-10', '2021-07-15', 1, 278, 'OTA', '2020-12-28 02:48:10');
INSERT INTO Occupancies(RoomNo, Date, ResID) VALUES (406, '2021-07-10', 278);
INSERT INTO Occupancies(RoomNo, Date, ResID) VALUES (406, '2021-07-11', 278);
INSERT INTO Occupancies(RoomNo, Date, ResID) VALUES (406, '2021-07-12', 278);
INSERT INTO Occupancies(RoomNo, Date, ResID) VALUES (406, '2021-07-13', 278);
INSERT INTO Occupancies(RoomNo, Date, ResID) VALUES (406, '2021-07-14', 278);
#279
INSERT INTO Customers(Fname, Lname, Phone, Email) VALUES ("Madelynn", "Predovic", '253-377-1413', "Madelynn_Predovic@gmail.com");
INSERT INTO Reservations(ID, StartDate, EndDate, NumGuests, CustomerID, Source, BookedAt) VALUES(279, '2020-05-13', '2020-05-17', 3, 279, 'OTA', '2020-12-28 02:48:10');
INSERT INTO Occupancies(RoomNo, Date, ResID) VALUES (204, '2020-05-13', 279);
INSERT INTO Occupancies(RoomNo, Date, ResID) VALUES (204, '2020-05-14', 279);
INSERT INTO Occupancies(RoomNo, Date, ResID) VALUES (204, '2020-05-15', 279);
INSERT INTO Occupancies(RoomNo, Date, ResID) VALUES (204, '2020-05-16', 279);
#280
INSERT INTO Customers(Fname, Lname, Phone, Email) VALUES ("Chadrick", "Goldner", '308-424-7044', "Chadrick_Goldner@gmail.com");
INSERT INTO Reservations(ID, StartDate, EndDate, NumGuests, CustomerID, Source, BookedAt) VALUES(280, '2020-12-15', '2020-12-17', 2, 280, 'agency', '2020-12-28 02:48:10');
INSERT INTO Occupancies(RoomNo, Date, ResID) VALUES (101, '2020-12-15', 280);
INSERT INTO Occupancies(RoomNo, Date, ResID) VALUES (101, '2020-12-16', 280);
#281
INSERT INTO Customers(Fname, Lname, Phone, Email) VALUES ("Gerhard", "Gibson", '514-359-6159', "Gerhard_Gibson@gmail.com");
INSERT INTO Reservations(ID, StartDate, EndDate, NumGuests, CustomerID, Source, BookedAt) VALUES(281, '2020-03-12', '2020-03-14', 4, 281, 'corporate', '2020-12-28 02:48:10');
INSERT INTO Occupancies(RoomNo, Date, ResID) VALUES (203, '2020-03-12', 281);
INSERT INTO Occupancies(RoomNo, Date, ResID) VALUES (203, '2020-03-13', 281);
#282
INSERT INTO Customers(Fname, Lname, Phone, Email) VALUES ("Carter", "Stanton", '615-289-4736', "Carter_Stanton@gmail.com");
INSERT INTO Reservations(ID, StartDate, EndDate, NumGuests, CustomerID, Source, BookedAt) VALUES(282, '2020-01-03', '2020-01-04', 2, 282, 'direct', '2020-12-28 02:48:10');
INSERT INTO Occupancies(RoomNo, Date, ResID) VALUES (206, '2020-01-03', 282);
#283
INSERT INTO Customers(Fname, Lname, Phone, Email) VALUES ("Shayna", "Tremblay", '306-513-8257', "Shayna_Tremblay@gmail.com");
INSERT INTO Reservations(ID, StartDate, EndDate, NumGuests, CustomerID, Source, BookedAt) VALUES(283, '2020-02-08', '2020-02-12', 1, 283, 'OTA', '2020-12-28 02:48:10');
INSERT INTO Occupancies(RoomNo, Date, ResID) VALUES (202, '2020-02-08', 283);
INSERT INTO Occupancies(RoomNo, Date, ResID) VALUES (202, '2020-02-09', 283);
INSERT INTO Occupancies(RoomNo, Date, ResID) VALUES (202, '2020-02-10', 283);
INSERT INTO Occupancies(RoomNo, Date, ResID) VALUES (202, '2020-02-11', 283);
#284
INSERT INTO Customers(Fname, Lname, Phone, Email) VALUES ("Grady", "Huel", '994-604-0136', "Grady_Huel@gmail.com");
INSERT INTO Reservations(ID, StartDate, EndDate, NumGuests, CustomerID, Source, BookedAt) VALUES(284, '2020-06-10', '2020-06-15', 5, 284, 'OTA', '2020-12-28 02:48:10');
INSERT INTO Occupancies(RoomNo, Date, ResID) VALUES (202, '2020-06-10', 284);
INSERT INTO Occupancies(RoomNo, Date, ResID) VALUES (202, '2020-06-11', 284);
INSERT INTO Occupancies(RoomNo, Date, ResID) VALUES (202, '2020-06-12', 284);
INSERT INTO Occupancies(RoomNo, Date, ResID) VALUES (202, '2020-06-13', 284);
INSERT INTO Occupancies(RoomNo, Date, ResID) VALUES (202, '2020-06-14', 284);
#285
INSERT INTO Customers(Fname, Lname, Phone, Email) VALUES ("Geraldine", "Gutkowski", '879-949-7069', "Geraldine_Gutkowski@gmail.com");
INSERT INTO Reservations(ID, StartDate, EndDate, NumGuests, CustomerID, Source, BookedAt) VALUES(285, '2020-07-13', '2020-07-17', 3, 285, 'agency', '2020-12-28 02:48:10');
INSERT INTO Occupancies(RoomNo, Date, ResID) VALUES (506, '2020-07-13', 285);
INSERT INTO Occupancies(RoomNo, Date, ResID) VALUES (506, '2020-07-14', 285);
INSERT INTO Occupancies(RoomNo, Date, ResID) VALUES (506, '2020-07-15', 285);
INSERT INTO Occupancies(RoomNo, Date, ResID) VALUES (506, '2020-07-16', 285);
#286
INSERT INTO Customers(Fname, Lname, Phone, Email) VALUES ("Roscoe", "Johnston", '416-862-1251', "Roscoe_Johnston@gmail.com");
INSERT INTO Reservations(ID, StartDate, EndDate, NumGuests, CustomerID, Source, BookedAt) VALUES(286, '2021-08-11', '2021-08-14', 5, 286, 'direct', '2020-12-28 02:48:10');
INSERT INTO Occupancies(RoomNo, Date, ResID) VALUES (506, '2021-08-11', 286);
INSERT INTO Occupancies(RoomNo, Date, ResID) VALUES (506, '2021-08-12', 286);
INSERT INTO Occupancies(RoomNo, Date, ResID) VALUES (506, '2021-08-13', 286);
#287
INSERT INTO Customers(Fname, Lname, Phone, Email) VALUES ("Theodora", "Bins", '402-399-1740', "Theodora_Bins@gmail.com");
INSERT INTO Reservations(ID, StartDate, EndDate, NumGuests, CustomerID, Source, BookedAt) VALUES(287, '2020-04-04', '2020-04-07', 1, 287, 'OTA', '2020-12-28 02:48:10');
INSERT INTO Occupancies(RoomNo, Date, ResID) VALUES (206, '2020-04-04', 287);
INSERT INTO Occupancies(RoomNo, Date, ResID) VALUES (206, '2020-04-05', 287);
INSERT INTO Occupancies(RoomNo, Date, ResID) VALUES (206, '2020-04-06', 287);
#288
INSERT INTO Customers(Fname, Lname, Phone, Email) VALUES ("Rubie", "Cormier", '873-520-4483', "Rubie_Cormier@gmail.com");
INSERT INTO Reservations(ID, StartDate, EndDate, NumGuests, CustomerID, Source, BookedAt) VALUES(288, '2021-12-14', '2021-12-17', 4, 288, 'corporate', '2020-12-28 02:48:10');
INSERT INTO Occupancies(RoomNo, Date, ResID) VALUES (205, '2021-12-14', 288);
INSERT INTO Occupancies(RoomNo, Date, ResID) VALUES (205, '2021-12-15', 288);
INSERT INTO Occupancies(RoomNo, Date, ResID) VALUES (205, '2021-12-16', 288);
#289
INSERT INTO Customers(Fname, Lname, Phone, Email) VALUES ("Richie", "Kunze", '523-286-1816', "Richie_Kunze@gmail.com");
INSERT INTO Reservations(ID, StartDate, EndDate, NumGuests, CustomerID, Source, BookedAt) VALUES(289, '2020-07-16', '2020-07-18', 5, 289, 'direct', '2020-12-28 02:48:10');
INSERT INTO Occupancies(RoomNo, Date, ResID) VALUES (501, '2020-07-16', 289);
INSERT INTO Occupancies(RoomNo, Date, ResID) VALUES (501, '2020-07-17', 289);
#290
INSERT INTO Customers(Fname, Lname, Phone, Email) VALUES ("Anthony", "Kautzer", '863-504-4420', "Anthony_Kautzer@gmail.com");
INSERT INTO Reservations(ID, StartDate, EndDate, NumGuests, CustomerID, Source, BookedAt) VALUES(290, '2020-08-30', '2020-08-31', 4, 290, 'direct', '2020-12-28 02:48:10');
INSERT INTO Occupancies(RoomNo, Date, ResID) VALUES (106, '2020-08-30', 290);
#291
INSERT INTO Customers(Fname, Lname, Phone, Email) VALUES ("Stephen", "Dickinson", '566-916-3548', "Stephen_Dickinson@gmail.com");
INSERT INTO Reservations(ID, StartDate, EndDate, NumGuests, CustomerID, Source, BookedAt) VALUES(291, '2020-05-29', '2020-05-31', 3, 291, 'direct', '2020-12-28 02:48:10');
INSERT INTO Occupancies(RoomNo, Date, ResID) VALUES (504, '2020-05-29', 291);
INSERT INTO Occupancies(RoomNo, Date, ResID) VALUES (504, '2020-05-30', 291);
#292
INSERT INTO Customers(Fname, Lname, Phone, Email) VALUES ("Stanley", "Toy", '505-416-8650', "Stanley_Toy@gmail.com");
INSERT INTO Reservations(ID, StartDate, EndDate, NumGuests, CustomerID, Source, BookedAt) VALUES(292, '2020-07-14', '2020-07-15', 2, 292, 'agency', '2020-12-28 02:48:10');
INSERT INTO Occupancies(RoomNo, Date, ResID) VALUES (402, '2020-07-14', 292);
#293
INSERT INTO Customers(Fname, Lname, Phone, Email) VALUES ("Leanne", "D'Amore", '583-694-2866', "Leanne_D'Amore@gmail.com");
INSERT INTO Reservations(ID, StartDate, EndDate, NumGuests, CustomerID, Source, BookedAt) VALUES(293, '2020-08-11', '2020-08-13', 2, 293, 'direct', '2020-12-28 02:48:10');
INSERT INTO Occupancies(RoomNo, Date, ResID) VALUES (104, '2020-08-11', 293);
INSERT INTO Occupancies(RoomNo, Date, ResID) VALUES (104, '2020-08-12', 293);
#294
INSERT INTO Customers(Fname, Lname, Phone, Email) VALUES ("Jerel", "Kautzer", '367-473-8231', "Jerel_Kautzer@gmail.com");
INSERT INTO Reservations(ID, StartDate, EndDate, NumGuests, CustomerID, Source, BookedAt) VALUES(294, '2020-10-27', '2020-10-29', 4, 294, 'corporate', '2020-12-28 02:48:10');
INSERT INTO Occupancies(RoomNo, Date, ResID) VALUES (303, '2020-10-27', 294);
INSERT INTO Occupancies(RoomNo, Date, ResID) VALUES (303, '2020-10-28', 294);
#295
INSERT INTO Customers(Fname, Lname, Phone, Email) VALUES ("Helene", "Stamm", '914-349-2578', "Helene_Stamm@gmail.com");
INSERT INTO Reservations(ID, StartDate, EndDate, NumGuests, CustomerID, Source, BookedAt) VALUES(295, '2020-07-04', '2020-07-07', 5, 295, 'agency', '2020-12-28 02:48:10');
INSERT INTO Occupancies(RoomNo, Date, ResID) VALUES (505, '2020-07-04', 295);
INSERT INTO Occupancies(RoomNo, Date, ResID) VALUES (505, '2020-07-05', 295);
INSERT INTO Occupancies(RoomNo, Date, ResID) VALUES (505, '2020-07-06', 295);
#296
INSERT INTO Customers(Fname, Lname, Phone, Email) VALUES ("Vivianne", "Lemke", '294-418-2936', "Vivianne_Lemke@gmail.com");
INSERT INTO Reservations(ID, StartDate, EndDate, NumGuests, CustomerID, Source, BookedAt) VALUES(296, '2020-06-21', '2020-06-25', 4, 296, 'agency', '2020-12-28 02:48:10');
INSERT INTO Occupancies(RoomNo, Date, ResID) VALUES (201, '2020-06-21', 296);
INSERT INTO Occupancies(RoomNo, Date, ResID) VALUES (201, '2020-06-22', 296);
INSERT INTO Occupancies(RoomNo, Date, ResID) VALUES (201, '2020-06-23', 296);
INSERT INTO Occupancies(RoomNo, Date, ResID) VALUES (201, '2020-06-24', 296);
#297
INSERT INTO Customers(Fname, Lname, Phone, Email) VALUES ("Waylon", "Lind", '474-499-5242', "Waylon_Lind@gmail.com");
INSERT INTO Reservations(ID, StartDate, EndDate, NumGuests, CustomerID, Source, BookedAt) VALUES(297, '2020-08-21', '2020-08-26', 3, 297, 'OTA', '2020-12-28 02:48:10');
INSERT INTO Occupancies(RoomNo, Date, ResID) VALUES (301, '2020-08-21', 297);
INSERT INTO Occupancies(RoomNo, Date, ResID) VALUES (301, '2020-08-22', 297);
INSERT INTO Occupancies(RoomNo, Date, ResID) VALUES (301, '2020-08-23', 297);
INSERT INTO Occupancies(RoomNo, Date, ResID) VALUES (301, '2020-08-24', 297);
INSERT INTO Occupancies(RoomNo, Date, ResID) VALUES (301, '2020-08-25', 297);
#298
INSERT INTO Customers(Fname, Lname, Phone, Email) VALUES ("Michaela", "Ward", '407-567-8878', "Michaela_Ward@gmail.com");
INSERT INTO Reservations(ID, StartDate, EndDate, NumGuests, CustomerID, Source, BookedAt) VALUES(298, '2020-12-04', '2020-12-06', 3, 298, 'OTA', '2020-12-28 02:48:10');
INSERT INTO Occupancies(RoomNo, Date, ResID) VALUES (505, '2020-12-04', 298);
INSERT INTO Occupancies(RoomNo, Date, ResID) VALUES (505, '2020-12-05', 298);
#299
INSERT INTO Customers(Fname, Lname, Phone, Email) VALUES ("Tracy", "Homenick", '807-455-8597', "Tracy_Homenick@gmail.com");
INSERT INTO Reservations(ID, StartDate, EndDate, NumGuests, CustomerID, Source, BookedAt) VALUES(299, '2020-08-03', '2020-08-07', 3, 299, 'direct', '2020-12-28 02:48:10');
INSERT INTO Occupancies(RoomNo, Date, ResID) VALUES (102, '2020-08-03', 299);
INSERT INTO Occupancies(RoomNo, Date, ResID) VALUES (102, '2020-08-04', 299);
INSERT INTO Occupancies(RoomNo, Date, ResID) VALUES (102, '2020-08-05', 299);
INSERT INTO Occupancies(RoomNo, Date, ResID) VALUES (102, '2020-08-06', 299);
#300
INSERT INTO Customers(Fname, Lname, Phone, Email) VALUES ("Meghan", "Pouros", '491-628-4818', "Meghan_Pouros@gmail.com");
INSERT INTO Reservations(ID, StartDate, EndDate, NumGuests, CustomerID, Source, BookedAt) VALUES(300, '2020-04-14', '2020-04-15', 4, 300, 'direct', '2020-12-28 02:48:10');
INSERT INTO Occupancies(RoomNo, Date, ResID) VALUES (403, '2020-04-14', 300);
#301
INSERT INTO Customers(Fname, Lname, Phone, Email) VALUES ("Karine", "Friesen", '829-640-7285', "Karine_Friesen@gmail.com");
INSERT INTO Reservations(ID, StartDate, EndDate, NumGuests, CustomerID, Source, BookedAt) VALUES(301, '2020-07-25', '2020-07-29', 5, 301, 'agency', '2020-12-28 02:48:10');
INSERT INTO Occupancies(RoomNo, Date, ResID) VALUES (505, '2020-07-25', 301);
INSERT INTO Occupancies(RoomNo, Date, ResID) VALUES (505, '2020-07-26', 301);
INSERT INTO Occupancies(RoomNo, Date, ResID) VALUES (505, '2020-07-27', 301);
INSERT INTO Occupancies(RoomNo, Date, ResID) VALUES (505, '2020-07-28', 301);
#302
INSERT INTO Customers(Fname, Lname, Phone, Email) VALUES ("Bobbie", "Thompson", '728-817-5045', "Bobbie_Thompson@gmail.com");
INSERT INTO Reservations(ID, StartDate, EndDate, NumGuests, CustomerID, Source, BookedAt) VALUES(302, '2021-11-12', '2021-11-17', 3, 302, 'OTA', '2020-12-28 02:48:10');
INSERT INTO Occupancies(RoomNo, Date, ResID) VALUES (504, '2021-11-12', 302);
INSERT INTO Occupancies(RoomNo, Date, ResID) VALUES (504, '2021-11-13', 302);
INSERT INTO Occupancies(RoomNo, Date, ResID) VALUES (504, '2021-11-14', 302);
INSERT INTO Occupancies(RoomNo, Date, ResID) VALUES (504, '2021-11-15', 302);
INSERT INTO Occupancies(RoomNo, Date, ResID) VALUES (504, '2021-11-16', 302);
#303
INSERT INTO Customers(Fname, Lname, Phone, Email) VALUES ("Adriana", "Mueller", '588-737-7603', "Adriana_Mueller@gmail.com");
INSERT INTO Reservations(ID, StartDate, EndDate, NumGuests, CustomerID, Source, BookedAt) VALUES(303, '2020-02-28', '2020-03-02', 2, 303, 'direct', '2020-12-28 02:48:10');
INSERT INTO Occupancies(RoomNo, Date, ResID) VALUES (403, '2020-02-28', 303);
INSERT INTO Occupancies(RoomNo, Date, ResID) VALUES (403, '2020-02-29', 303);
INSERT INTO Occupancies(RoomNo, Date, ResID) VALUES (403, '2020-03-01', 303);
#304
INSERT INTO Customers(Fname, Lname, Phone, Email) VALUES ("Celestine", "Feeney", '926-243-2155', "Celestine_Feeney@gmail.com");
INSERT INTO Reservations(ID, StartDate, EndDate, NumGuests, CustomerID, Source, BookedAt) VALUES(304, '2020-01-15', '2020-01-17', 5, 304, 'direct', '2020-12-28 02:48:10');
INSERT INTO Occupancies(RoomNo, Date, ResID) VALUES (105, '2020-01-15', 304);
INSERT INTO Occupancies(RoomNo, Date, ResID) VALUES (105, '2020-01-16', 304);
#305
INSERT INTO Customers(Fname, Lname, Phone, Email) VALUES ("Gage", "Terry", '678-549-7361', "Gage_Terry@gmail.com");
INSERT INTO Reservations(ID, StartDate, EndDate, NumGuests, CustomerID, Source, BookedAt) VALUES(305, '2020-01-14', '2020-01-15', 1, 305, 'OTA', '2020-12-28 02:48:10');
INSERT INTO Occupancies(RoomNo, Date, ResID) VALUES (203, '2020-01-14', 305);
#306
INSERT INTO Customers(Fname, Lname, Phone, Email) VALUES ("Colleen", "Spencer", '339-281-0683', "Colleen_Spencer@gmail.com");
INSERT INTO Reservations(ID, StartDate, EndDate, NumGuests, CustomerID, Source, BookedAt) VALUES(306, '2020-10-03', '2020-10-08', 4, 306, 'agency', '2020-12-28 02:48:10');
INSERT INTO Occupancies(RoomNo, Date, ResID) VALUES (403, '2020-10-03', 306);
INSERT INTO Occupancies(RoomNo, Date, ResID) VALUES (403, '2020-10-04', 306);
INSERT INTO Occupancies(RoomNo, Date, ResID) VALUES (403, '2020-10-05', 306);
INSERT INTO Occupancies(RoomNo, Date, ResID) VALUES (403, '2020-10-06', 306);
INSERT INTO Occupancies(RoomNo, Date, ResID) VALUES (403, '2020-10-07', 306);
#307
INSERT INTO Customers(Fname, Lname, Phone, Email) VALUES ("Sierra", "Armstrong", '791-261-5945', "Sierra_Armstrong@gmail.com");
INSERT INTO Reservations(ID, StartDate, EndDate, NumGuests, CustomerID, Source, BookedAt) VALUES(307, '2020-07-21', '2020-07-24', 3, 307, 'direct', '2020-12-28 02:48:10');
INSERT INTO Occupancies(RoomNo, Date, ResID) VALUES (104, '2020-07-21', 307);
INSERT INTO Occupancies(RoomNo, Date, ResID) VALUES (104, '2020-07-22', 307);
INSERT INTO Occupancies(RoomNo, Date, ResID) VALUES (104, '2020-07-23', 307);
#308
INSERT INTO Customers(Fname, Lname, Phone, Email) VALUES ("Elissa", "Murray", '627-605-6379', "Elissa_Murray@gmail.com");
INSERT INTO Reservations(ID, StartDate, EndDate, NumGuests, CustomerID, Source, BookedAt) VALUES(308, '2020-12-08', '2020-12-12', 1, 308, 'agency', '2020-12-28 02:48:10');
INSERT INTO Occupancies(RoomNo, Date, ResID) VALUES (106, '2020-12-08', 308);
INSERT INTO Occupancies(RoomNo, Date, ResID) VALUES (106, '2020-12-09', 308);
INSERT INTO Occupancies(RoomNo, Date, ResID) VALUES (106, '2020-12-10', 308);
INSERT INTO Occupancies(RoomNo, Date, ResID) VALUES (106, '2020-12-11', 308);
#309
INSERT INTO Customers(Fname, Lname, Phone, Email) VALUES ("Erwin", "Braun", '305-786-8309', "Erwin_Braun@gmail.com");
INSERT INTO Reservations(ID, StartDate, EndDate, NumGuests, CustomerID, Source, BookedAt) VALUES(309, '2020-05-10', '2020-05-14', 2, 309, 'agency', '2020-12-28 02:48:10');
INSERT INTO Occupancies(RoomNo, Date, ResID) VALUES (102, '2020-05-10', 309);
INSERT INTO Occupancies(RoomNo, Date, ResID) VALUES (102, '2020-05-11', 309);
INSERT INTO Occupancies(RoomNo, Date, ResID) VALUES (102, '2020-05-12', 309);
INSERT INTO Occupancies(RoomNo, Date, ResID) VALUES (102, '2020-05-13', 309);
#310
INSERT INTO Customers(Fname, Lname, Phone, Email) VALUES ("Roel", "Skiles", '727-602-8780', "Roel_Skiles@gmail.com");
INSERT INTO Reservations(ID, StartDate, EndDate, NumGuests, CustomerID, Source, BookedAt) VALUES(310, '2020-02-12', '2020-02-13', 3, 310, 'OTA', '2020-12-28 02:48:10');
INSERT INTO Occupancies(RoomNo, Date, ResID) VALUES (102, '2020-02-12', 310);
#311
INSERT INTO Customers(Fname, Lname, Phone, Email) VALUES ("Jade", "Friesen", '314-674-5534', "Jade_Friesen@gmail.com");
INSERT INTO Reservations(ID, StartDate, EndDate, NumGuests, CustomerID, Source, BookedAt) VALUES(311, '2020-06-03', '2020-06-04', 4, 311, 'direct', '2020-12-28 02:48:10');
INSERT INTO Occupancies(RoomNo, Date, ResID) VALUES (305, '2020-06-03', 311);
#312
INSERT INTO Customers(Fname, Lname, Phone, Email) VALUES ("Rosina", "Mayert", '338-797-5483', "Rosina_Mayert@gmail.com");
INSERT INTO Reservations(ID, StartDate, EndDate, NumGuests, CustomerID, Source, BookedAt) VALUES(312, '2020-05-04', '2020-05-06', 3, 312, 'agency', '2020-12-28 02:48:10');
INSERT INTO Occupancies(RoomNo, Date, ResID) VALUES (105, '2020-05-04', 312);
INSERT INTO Occupancies(RoomNo, Date, ResID) VALUES (105, '2020-05-05', 312);
#313
INSERT INTO Customers(Fname, Lname, Phone, Email) VALUES ("River", "Welch", '274-425-8590', "River_Welch@gmail.com");
INSERT INTO Reservations(ID, StartDate, EndDate, NumGuests, CustomerID, Source, BookedAt) VALUES(313, '2020-11-24', '2020-11-27', 3, 313, 'direct', '2020-12-28 02:48:10');
INSERT INTO Occupancies(RoomNo, Date, ResID) VALUES (504, '2020-11-24', 313);
INSERT INTO Occupancies(RoomNo, Date, ResID) VALUES (504, '2020-11-25', 313);
INSERT INTO Occupancies(RoomNo, Date, ResID) VALUES (504, '2020-11-26', 313);
#314
INSERT INTO Customers(Fname, Lname, Phone, Email) VALUES ("Micah", "Durgan", '352-218-9998', "Micah_Durgan@gmail.com");
INSERT INTO Reservations(ID, StartDate, EndDate, NumGuests, CustomerID, Source, BookedAt) VALUES(314, '2020-04-24', '2020-04-25', 5, 314, 'OTA', '2020-12-28 02:48:10');
INSERT INTO Occupancies(RoomNo, Date, ResID) VALUES (501, '2020-04-24', 314);
#315
INSERT INTO Customers(Fname, Lname, Phone, Email) VALUES ("Callie", "Nader", '889-889-7754', "Callie_Nader@gmail.com");
INSERT INTO Reservations(ID, StartDate, EndDate, NumGuests, CustomerID, Source, BookedAt) VALUES(315, '2020-06-08', '2020-06-11', 1, 315, 'direct', '2020-12-28 02:48:10');
INSERT INTO Occupancies(RoomNo, Date, ResID) VALUES (101, '2020-06-08', 315);
INSERT INTO Occupancies(RoomNo, Date, ResID) VALUES (101, '2020-06-09', 315);
INSERT INTO Occupancies(RoomNo, Date, ResID) VALUES (101, '2020-06-10', 315);
#316
INSERT INTO Customers(Fname, Lname, Phone, Email) VALUES ("Crawford", "Moore", '486-954-1786', "Crawford_Moore@gmail.com");
INSERT INTO Reservations(ID, StartDate, EndDate, NumGuests, CustomerID, Source, BookedAt) VALUES(316, '2020-04-18', '2020-04-21', 2, 316, 'corporate', '2020-12-28 02:48:10');
INSERT INTO Occupancies(RoomNo, Date, ResID) VALUES (204, '2020-04-18', 316);
INSERT INTO Occupancies(RoomNo, Date, ResID) VALUES (204, '2020-04-19', 316);
INSERT INTO Occupancies(RoomNo, Date, ResID) VALUES (204, '2020-04-20', 316);
#317
INSERT INTO Customers(Fname, Lname, Phone, Email) VALUES ("Amparo", "Gerlach", '837-860-1929', "Amparo_Gerlach@gmail.com");
INSERT INTO Reservations(ID, StartDate, EndDate, NumGuests, CustomerID, Source, BookedAt) VALUES(317, '2020-04-18', '2020-04-19', 3, 317, 'OTA', '2020-12-28 02:48:10');
INSERT INTO Occupancies(RoomNo, Date, ResID) VALUES (406, '2020-04-18', 317);
#318
INSERT INTO Customers(Fname, Lname, Phone, Email) VALUES ("Kristina", "Hintz", '786-866-5869', "Kristina_Hintz@gmail.com");
INSERT INTO Reservations(ID, StartDate, EndDate, NumGuests, CustomerID, Source, BookedAt) VALUES(318, '2020-04-05', '2020-04-07', 1, 318, 'corporate', '2020-12-28 02:48:10');
INSERT INTO Occupancies(RoomNo, Date, ResID) VALUES (501, '2020-04-05', 318);
INSERT INTO Occupancies(RoomNo, Date, ResID) VALUES (501, '2020-04-06', 318);
#319
INSERT INTO Customers(Fname, Lname, Phone, Email) VALUES ("Georgiana", "Franecki", '415-638-3443', "Georgiana_Franecki@gmail.com");
INSERT INTO Reservations(ID, StartDate, EndDate, NumGuests, CustomerID, Source, BookedAt) VALUES(319, '2020-09-30', '2020-10-04', 4, 319, 'direct', '2020-12-28 02:48:10');
INSERT INTO Occupancies(RoomNo, Date, ResID) VALUES (201, '2020-09-30', 319);
INSERT INTO Occupancies(RoomNo, Date, ResID) VALUES (201, '2020-10-01', 319);
INSERT INTO Occupancies(RoomNo, Date, ResID) VALUES (201, '2020-10-02', 319);
INSERT INTO Occupancies(RoomNo, Date, ResID) VALUES (201, '2020-10-03', 319);
#320
INSERT INTO Customers(Fname, Lname, Phone, Email) VALUES ("Amina", "Zieme", '764-285-0782', "Amina_Zieme@gmail.com");
INSERT INTO Reservations(ID, StartDate, EndDate, NumGuests, CustomerID, Source, BookedAt) VALUES(320, '2020-12-17', '2020-12-20', 1, 320, 'agency', '2020-12-28 02:48:10');
INSERT INTO Occupancies(RoomNo, Date, ResID) VALUES (501, '2020-12-17', 320);
INSERT INTO Occupancies(RoomNo, Date, ResID) VALUES (501, '2020-12-18', 320);
INSERT INTO Occupancies(RoomNo, Date, ResID) VALUES (501, '2020-12-19', 320);
#321
INSERT INTO Customers(Fname, Lname, Phone, Email) VALUES ("Laisha", "Mante", '219-304-0426', "Laisha_Mante@gmail.com");
INSERT INTO Reservations(ID, StartDate, EndDate, NumGuests, CustomerID, Source, BookedAt) VALUES(321, '2020-03-09', '2020-03-11', 2, 321, 'agency', '2020-12-28 02:48:10');
INSERT INTO Occupancies(RoomNo, Date, ResID) VALUES (505, '2020-03-09', 321);
INSERT INTO Occupancies(RoomNo, Date, ResID) VALUES (505, '2020-03-10', 321);
#322
INSERT INTO Customers(Fname, Lname, Phone, Email) VALUES ("Terrell", "Rippin", '702-407-1746', "Terrell_Rippin@gmail.com");
INSERT INTO Reservations(ID, StartDate, EndDate, NumGuests, CustomerID, Source, BookedAt) VALUES(322, '2020-04-07', '2020-04-11', 3, 322, 'OTA', '2020-12-28 02:48:10');
INSERT INTO Occupancies(RoomNo, Date, ResID) VALUES (305, '2020-04-07', 322);
INSERT INTO Occupancies(RoomNo, Date, ResID) VALUES (305, '2020-04-08', 322);
INSERT INTO Occupancies(RoomNo, Date, ResID) VALUES (305, '2020-04-09', 322);
INSERT INTO Occupancies(RoomNo, Date, ResID) VALUES (305, '2020-04-10', 322);
#323
INSERT INTO Customers(Fname, Lname, Phone, Email) VALUES ("Solon", "Predovic", '862-811-8003', "Solon_Predovic@gmail.com");
INSERT INTO Reservations(ID, StartDate, EndDate, NumGuests, CustomerID, Source, BookedAt) VALUES(323, '2020-10-09', '2020-10-13', 3, 323, 'direct', '2020-12-28 02:48:10');
INSERT INTO Occupancies(RoomNo, Date, ResID) VALUES (105, '2020-10-09', 323);
INSERT INTO Occupancies(RoomNo, Date, ResID) VALUES (105, '2020-10-10', 323);
INSERT INTO Occupancies(RoomNo, Date, ResID) VALUES (105, '2020-10-11', 323);
INSERT INTO Occupancies(RoomNo, Date, ResID) VALUES (105, '2020-10-12', 323);
#324
INSERT INTO Customers(Fname, Lname, Phone, Email) VALUES ("Marcos", "Wolf", '909-752-6442', "Marcos_Wolf@gmail.com");
INSERT INTO Reservations(ID, StartDate, EndDate, NumGuests, CustomerID, Source, BookedAt) VALUES(324, '2020-09-12', '2020-09-16', 2, 324, 'agency', '2020-12-28 02:48:10');
INSERT INTO Occupancies(RoomNo, Date, ResID) VALUES (406, '2020-09-12', 324);
INSERT INTO Occupancies(RoomNo, Date, ResID) VALUES (406, '2020-09-13', 324);
INSERT INTO Occupancies(RoomNo, Date, ResID) VALUES (406, '2020-09-14', 324);
INSERT INTO Occupancies(RoomNo, Date, ResID) VALUES (406, '2020-09-15', 324);
#325
INSERT INTO Customers(Fname, Lname, Phone, Email) VALUES ("Karli", "Johns", '908-254-7616', "Karli_Johns@gmail.com");
INSERT INTO Reservations(ID, StartDate, EndDate, NumGuests, CustomerID, Source, BookedAt) VALUES(325, '2019-12-30', '2020-01-02', 4, 325, 'corporate', '2020-12-28 02:48:10');
INSERT INTO Occupancies(RoomNo, Date, ResID) VALUES (304, '2019-12-30', 325);
INSERT INTO Occupancies(RoomNo, Date, ResID) VALUES (304, '2019-12-31', 325);
INSERT INTO Occupancies(RoomNo, Date, ResID) VALUES (304, '2020-01-01', 325);
#326
INSERT INTO Customers(Fname, Lname, Phone, Email) VALUES ("Jamie", "Bechtelar", '879-620-6901', "Jamie_Bechtelar@gmail.com");
INSERT INTO Reservations(ID, StartDate, EndDate, NumGuests, CustomerID, Source, BookedAt) VALUES(326, '2021-05-08', '2021-05-12', 5, 326, 'corporate', '2020-12-28 02:48:10');
INSERT INTO Occupancies(RoomNo, Date, ResID) VALUES (303, '2021-05-08', 326);
INSERT INTO Occupancies(RoomNo, Date, ResID) VALUES (303, '2021-05-09', 326);
INSERT INTO Occupancies(RoomNo, Date, ResID) VALUES (303, '2021-05-10', 326);
INSERT INTO Occupancies(RoomNo, Date, ResID) VALUES (303, '2021-05-11', 326);
#327
INSERT INTO Customers(Fname, Lname, Phone, Email) VALUES ("Melba", "Lindgren", '678-451-5006', "Melba_Lindgren@gmail.com");
INSERT INTO Reservations(ID, StartDate, EndDate, NumGuests, CustomerID, Source, BookedAt) VALUES(327, '2020-07-27', '2020-07-28', 3, 327, 'OTA', '2020-12-28 02:48:10');
INSERT INTO Occupancies(RoomNo, Date, ResID) VALUES (202, '2020-07-27', 327);
#328
INSERT INTO Customers(Fname, Lname, Phone, Email) VALUES ("Delfina", "Ondricka", '987-829-4493', "Delfina_Ondricka@gmail.com");
INSERT INTO Reservations(ID, StartDate, EndDate, NumGuests, CustomerID, Source, BookedAt) VALUES(328, '2020-07-24', '2020-07-26', 2, 328, 'direct', '2020-12-28 02:48:10');
INSERT INTO Occupancies(RoomNo, Date, ResID) VALUES (205, '2020-07-24', 328);
INSERT INTO Occupancies(RoomNo, Date, ResID) VALUES (205, '2020-07-25', 328);
#329
INSERT INTO Customers(Fname, Lname, Phone, Email) VALUES ("Davon", "Schaden", '731-668-7591', "Davon_Schaden@gmail.com");
INSERT INTO Reservations(ID, StartDate, EndDate, NumGuests, CustomerID, Source, BookedAt) VALUES(329, '2020-10-17', '2020-10-22', 1, 329, 'corporate', '2020-12-28 02:48:10');
INSERT INTO Occupancies(RoomNo, Date, ResID) VALUES (202, '2020-10-17', 329);
INSERT INTO Occupancies(RoomNo, Date, ResID) VALUES (202, '2020-10-18', 329);
INSERT INTO Occupancies(RoomNo, Date, ResID) VALUES (202, '2020-10-19', 329);
INSERT INTO Occupancies(RoomNo, Date, ResID) VALUES (202, '2020-10-20', 329);
INSERT INTO Occupancies(RoomNo, Date, ResID) VALUES (202, '2020-10-21', 329);
#330
INSERT INTO Customers(Fname, Lname, Phone, Email) VALUES ("Molly", "Weber", '343-311-9660', "Molly_Weber@gmail.com");
INSERT INTO Reservations(ID, StartDate, EndDate, NumGuests, CustomerID, Source, BookedAt) VALUES(330, '2020-06-15', '2020-06-20', 4, 330, 'agency', '2020-12-28 02:48:10');
INSERT INTO Occupancies(RoomNo, Date, ResID) VALUES (302, '2020-06-15', 330);
INSERT INTO Occupancies(RoomNo, Date, ResID) VALUES (302, '2020-06-16', 330);
INSERT INTO Occupancies(RoomNo, Date, ResID) VALUES (302, '2020-06-17', 330);
INSERT INTO Occupancies(RoomNo, Date, ResID) VALUES (302, '2020-06-18', 330);
INSERT INTO Occupancies(RoomNo, Date, ResID) VALUES (302, '2020-06-19', 330);
#331
INSERT INTO Customers(Fname, Lname, Phone, Email) VALUES ("Retta", "Flatley", '803-784-5823', "Retta_Flatley@gmail.com");
INSERT INTO Reservations(ID, StartDate, EndDate, NumGuests, CustomerID, Source, BookedAt) VALUES(331, '2020-03-20', '2020-03-22', 2, 331, 'corporate', '2020-12-28 02:48:10');
INSERT INTO Occupancies(RoomNo, Date, ResID) VALUES (101, '2020-03-20', 331);
INSERT INTO Occupancies(RoomNo, Date, ResID) VALUES (101, '2020-03-21', 331);
#332
INSERT INTO Customers(Fname, Lname, Phone, Email) VALUES ("Bill", "Conroy", '984-417-8733', "Bill_Conroy@gmail.com");
INSERT INTO Reservations(ID, StartDate, EndDate, NumGuests, CustomerID, Source, BookedAt) VALUES(332, '2020-08-12', '2020-08-16', 1, 332, 'direct', '2020-12-28 02:48:10');
INSERT INTO Occupancies(RoomNo, Date, ResID) VALUES (103, '2020-08-12', 332);
INSERT INTO Occupancies(RoomNo, Date, ResID) VALUES (103, '2020-08-13', 332);
INSERT INTO Occupancies(RoomNo, Date, ResID) VALUES (103, '2020-08-14', 332);
INSERT INTO Occupancies(RoomNo, Date, ResID) VALUES (103, '2020-08-15', 332);
#333
INSERT INTO Customers(Fname, Lname, Phone, Email) VALUES ("Malvina", "Price", '972-319-5459', "Malvina_Price@gmail.com");
INSERT INTO Reservations(ID, StartDate, EndDate, NumGuests, CustomerID, Source, BookedAt) VALUES(333, '2021-12-20', '2021-12-21', 4, 333, 'direct', '2020-12-28 02:48:10');
INSERT INTO Occupancies(RoomNo, Date, ResID) VALUES (502, '2021-12-20', 333);
#334
INSERT INTO Customers(Fname, Lname, Phone, Email) VALUES ("Fanny", "Sipes", '255-466-9190', "Fanny_Sipes@gmail.com");
INSERT INTO Reservations(ID, StartDate, EndDate, NumGuests, CustomerID, Source, BookedAt) VALUES(334, '2021-05-08', '2021-05-13', 4, 334, 'direct', '2020-12-28 02:48:10');
INSERT INTO Occupancies(RoomNo, Date, ResID) VALUES (502, '2021-05-08', 334);
INSERT INTO Occupancies(RoomNo, Date, ResID) VALUES (502, '2021-05-09', 334);
INSERT INTO Occupancies(RoomNo, Date, ResID) VALUES (502, '2021-05-10', 334);
INSERT INTO Occupancies(RoomNo, Date, ResID) VALUES (502, '2021-05-11', 334);
INSERT INTO Occupancies(RoomNo, Date, ResID) VALUES (502, '2021-05-12', 334);
#335
INSERT INTO Customers(Fname, Lname, Phone, Email) VALUES ("Maxie", "Rempel", '279-853-7618', "Maxie_Rempel@gmail.com");
INSERT INTO Reservations(ID, StartDate, EndDate, NumGuests, CustomerID, Source, BookedAt) VALUES(335, '2020-06-25', '2020-06-28', 3, 335, 'corporate', '2020-12-28 02:48:10');
INSERT INTO Occupancies(RoomNo, Date, ResID) VALUES (404, '2020-06-25', 335);
INSERT INTO Occupancies(RoomNo, Date, ResID) VALUES (404, '2020-06-26', 335);
INSERT INTO Occupancies(RoomNo, Date, ResID) VALUES (404, '2020-06-27', 335);
#336
INSERT INTO Customers(Fname, Lname, Phone, Email) VALUES ("Elliot", "Bednar", '599-633-7467', "Elliot_Bednar@gmail.com");
INSERT INTO Reservations(ID, StartDate, EndDate, NumGuests, CustomerID, Source, BookedAt) VALUES(336, '2020-05-24', '2020-05-26', 4, 336, 'OTA', '2020-12-28 02:48:10');
INSERT INTO Occupancies(RoomNo, Date, ResID) VALUES (206, '2020-05-24', 336);
INSERT INTO Occupancies(RoomNo, Date, ResID) VALUES (206, '2020-05-25', 336);
#337
INSERT INTO Customers(Fname, Lname, Phone, Email) VALUES ("Gus", "Thompson", '764-557-5606', "Gus_Thompson@gmail.com");
INSERT INTO Reservations(ID, StartDate, EndDate, NumGuests, CustomerID, Source, BookedAt) VALUES(337, '2020-01-01', '2020-01-06', 5, 337, 'direct', '2020-12-28 02:48:10');
INSERT INTO Occupancies(RoomNo, Date, ResID) VALUES (205, '2020-01-01', 337);
INSERT INTO Occupancies(RoomNo, Date, ResID) VALUES (205, '2020-01-02', 337);
INSERT INTO Occupancies(RoomNo, Date, ResID) VALUES (205, '2020-01-03', 337);
INSERT INTO Occupancies(RoomNo, Date, ResID) VALUES (205, '2020-01-04', 337);
INSERT INTO Occupancies(RoomNo, Date, ResID) VALUES (205, '2020-01-05', 337);
#338
INSERT INTO Customers(Fname, Lname, Phone, Email) VALUES ("Laury", "Becker", '661-675-5786', "Laury_Becker@gmail.com");
INSERT INTO Reservations(ID, StartDate, EndDate, NumGuests, CustomerID, Source, BookedAt) VALUES(338, '2020-08-20', '2020-08-21', 5, 338, 'corporate', '2020-12-28 02:48:10');
INSERT INTO Occupancies(RoomNo, Date, ResID) VALUES (105, '2020-08-20', 338);
#339
INSERT INTO Customers(Fname, Lname, Phone, Email) VALUES ("Erwin", "Murray", '912-856-0409', "Erwin_Murray@gmail.com");
INSERT INTO Reservations(ID, StartDate, EndDate, NumGuests, CustomerID, Source, BookedAt) VALUES(339, '2020-01-17', '2020-01-18', 5, 339, 'OTA', '2020-12-28 02:48:10');
INSERT INTO Occupancies(RoomNo, Date, ResID) VALUES (406, '2020-01-17', 339);
#340
INSERT INTO Customers(Fname, Lname, Phone, Email) VALUES ("Keyshawn", "Hammes", '792-928-3526', "Keyshawn_Hammes@gmail.com");
INSERT INTO Reservations(ID, StartDate, EndDate, NumGuests, CustomerID, Source, BookedAt) VALUES(340, '2020-11-27', '2020-11-28', 2, 340, 'OTA', '2020-12-28 02:48:10');
INSERT INTO Occupancies(RoomNo, Date, ResID) VALUES (201, '2020-11-27', 340);
#341
INSERT INTO Customers(Fname, Lname, Phone, Email) VALUES ("Christopher", "Wilkinson", '573-652-3807', "Christopher_Wilkinson@gmail.com");
INSERT INTO Reservations(ID, StartDate, EndDate, NumGuests, CustomerID, Source, BookedAt) VALUES(341, '2020-05-02', '2020-05-03', 5, 341, 'direct', '2020-12-28 02:48:10');
INSERT INTO Occupancies(RoomNo, Date, ResID) VALUES (406, '2020-05-02', 341);
#342
INSERT INTO Customers(Fname, Lname, Phone, Email) VALUES ("Laury", "Connelly", '967-424-3821', "Laury_Connelly@gmail.com");
INSERT INTO Reservations(ID, StartDate, EndDate, NumGuests, CustomerID, Source, BookedAt) VALUES(342, '2020-03-10', '2020-03-11', 1, 342, 'direct', '2020-12-28 02:48:10');
INSERT INTO Occupancies(RoomNo, Date, ResID) VALUES (102, '2020-03-10', 342);
#343
INSERT INTO Customers(Fname, Lname, Phone, Email) VALUES ("Destiney", "Herzog", '268-494-8540', "Destiney_Herzog@gmail.com");
INSERT INTO Reservations(ID, StartDate, EndDate, NumGuests, CustomerID, Source, BookedAt) VALUES(343, '2020-08-30', '2020-09-03', 4, 343, 'corporate', '2020-12-28 02:48:10');
INSERT INTO Occupancies(RoomNo, Date, ResID) VALUES (404, '2020-08-30', 343);
INSERT INTO Occupancies(RoomNo, Date, ResID) VALUES (404, '2020-08-31', 343);
INSERT INTO Occupancies(RoomNo, Date, ResID) VALUES (404, '2020-09-01', 343);
INSERT INTO Occupancies(RoomNo, Date, ResID) VALUES (404, '2020-09-02', 343);
#344
INSERT INTO Customers(Fname, Lname, Phone, Email) VALUES ("Jeremie", "Labadie", '644-492-2952', "Jeremie_Labadie@gmail.com");
INSERT INTO Reservations(ID, StartDate, EndDate, NumGuests, CustomerID, Source, BookedAt) VALUES(344, '2020-08-16', '2020-08-20', 1, 344, 'direct', '2020-12-28 02:48:10');
INSERT INTO Occupancies(RoomNo, Date, ResID) VALUES (202, '2020-08-16', 344);
INSERT INTO Occupancies(RoomNo, Date, ResID) VALUES (202, '2020-08-17', 344);
INSERT INTO Occupancies(RoomNo, Date, ResID) VALUES (202, '2020-08-18', 344);
INSERT INTO Occupancies(RoomNo, Date, ResID) VALUES (202, '2020-08-19', 344);
#345
INSERT INTO Customers(Fname, Lname, Phone, Email) VALUES ("Ethan", "Stiedemann", '321-653-1269', "Ethan_Stiedemann@gmail.com");
INSERT INTO Reservations(ID, StartDate, EndDate, NumGuests, CustomerID, Source, BookedAt) VALUES(345, '2020-07-24', '2020-07-27', 1, 345, 'direct', '2020-12-28 02:48:10');
INSERT INTO Occupancies(RoomNo, Date, ResID) VALUES (305, '2020-07-24', 345);
INSERT INTO Occupancies(RoomNo, Date, ResID) VALUES (305, '2020-07-25', 345);
INSERT INTO Occupancies(RoomNo, Date, ResID) VALUES (305, '2020-07-26', 345);
#346
INSERT INTO Customers(Fname, Lname, Phone, Email) VALUES ("Columbus", "Schulist", '410-928-1126', "Columbus_Schulist@gmail.com");
INSERT INTO Reservations(ID, StartDate, EndDate, NumGuests, CustomerID, Source, BookedAt) VALUES(346, '2020-12-28', '2020-12-30', 1, 346, 'OTA', '2020-12-28 02:48:10');
INSERT INTO Occupancies(RoomNo, Date, ResID) VALUES (102, '2020-12-28', 346);
INSERT INTO Occupancies(RoomNo, Date, ResID) VALUES (102, '2020-12-29', 346);
#347
INSERT INTO Customers(Fname, Lname, Phone, Email) VALUES ("Sage", "Hoeger", '338-249-6269', "Sage_Hoeger@gmail.com");
INSERT INTO Reservations(ID, StartDate, EndDate, NumGuests, CustomerID, Source, BookedAt) VALUES(347, '2020-07-27', '2020-08-01', 3, 347, 'agency', '2020-12-28 02:48:10');
INSERT INTO Occupancies(RoomNo, Date, ResID) VALUES (405, '2020-07-27', 347);
INSERT INTO Occupancies(RoomNo, Date, ResID) VALUES (405, '2020-07-28', 347);
INSERT INTO Occupancies(RoomNo, Date, ResID) VALUES (405, '2020-07-29', 347);
INSERT INTO Occupancies(RoomNo, Date, ResID) VALUES (405, '2020-07-30', 347);
INSERT INTO Occupancies(RoomNo, Date, ResID) VALUES (405, '2020-07-31', 347);
#348
INSERT INTO Customers(Fname, Lname, Phone, Email) VALUES ("Colten", "Zboncak", '825-613-0400', "Colten_Zboncak@gmail.com");
INSERT INTO Reservations(ID, StartDate, EndDate, NumGuests, CustomerID, Source, BookedAt) VALUES(348, '2020-02-27', '2020-02-29', 4, 348, 'direct', '2020-12-28 02:48:10');
INSERT INTO Occupancies(RoomNo, Date, ResID) VALUES (504, '2020-02-27', 348);
INSERT INTO Occupancies(RoomNo, Date, ResID) VALUES (504, '2020-02-28', 348);
#349
INSERT INTO Customers(Fname, Lname, Phone, Email) VALUES ("Anabel", "Johnson", '985-723-0595', "Anabel_Johnson@gmail.com");
INSERT INTO Reservations(ID, StartDate, EndDate, NumGuests, CustomerID, Source, BookedAt) VALUES(349, '2020-02-15', '2020-02-20', 2, 349, 'OTA', '2020-12-28 02:48:10');
INSERT INTO Occupancies(RoomNo, Date, ResID) VALUES (305, '2020-02-15', 349);
INSERT INTO Occupancies(RoomNo, Date, ResID) VALUES (305, '2020-02-16', 349);
INSERT INTO Occupancies(RoomNo, Date, ResID) VALUES (305, '2020-02-17', 349);
INSERT INTO Occupancies(RoomNo, Date, ResID) VALUES (305, '2020-02-18', 349);
INSERT INTO Occupancies(RoomNo, Date, ResID) VALUES (305, '2020-02-19', 349);
#350
INSERT INTO Customers(Fname, Lname, Phone, Email) VALUES ("Cletus", "Kerluke", '787-390-3470', "Cletus_Kerluke@gmail.com");
INSERT INTO Reservations(ID, StartDate, EndDate, NumGuests, CustomerID, Source, BookedAt) VALUES(350, '2021-06-15', '2021-06-20', 3, 350, 'corporate', '2020-12-28 02:48:10');
INSERT INTO Occupancies(RoomNo, Date, ResID) VALUES (402, '2021-06-15', 350);
INSERT INTO Occupancies(RoomNo, Date, ResID) VALUES (402, '2021-06-16', 350);
INSERT INTO Occupancies(RoomNo, Date, ResID) VALUES (402, '2021-06-17', 350);
INSERT INTO Occupancies(RoomNo, Date, ResID) VALUES (402, '2021-06-18', 350);
INSERT INTO Occupancies(RoomNo, Date, ResID) VALUES (402, '2021-06-19', 350);
#351
INSERT INTO Customers(Fname, Lname, Phone, Email) VALUES ("Elmore", "Daniel", '739-857-6487', "Elmore_Daniel@gmail.com");
INSERT INTO Reservations(ID, StartDate, EndDate, NumGuests, CustomerID, Source, BookedAt) VALUES(351, '2020-05-09', '2020-05-14', 2, 351, 'OTA', '2020-12-28 02:48:10');
INSERT INTO Occupancies(RoomNo, Date, ResID) VALUES (104, '2020-05-09', 351);
INSERT INTO Occupancies(RoomNo, Date, ResID) VALUES (104, '2020-05-10', 351);
INSERT INTO Occupancies(RoomNo, Date, ResID) VALUES (104, '2020-05-11', 351);
INSERT INTO Occupancies(RoomNo, Date, ResID) VALUES (104, '2020-05-12', 351);
INSERT INTO Occupancies(RoomNo, Date, ResID) VALUES (104, '2020-05-13', 351);
#352
INSERT INTO Customers(Fname, Lname, Phone, Email) VALUES ("Loraine", "Runolfsdottir", '542-440-4818', "Loraine_Runolfsdottir@gmail.com");
INSERT INTO Reservations(ID, StartDate, EndDate, NumGuests, CustomerID, Source, BookedAt) VALUES(352, '2020-12-27', '2020-12-29', 4, 352, 'OTA', '2020-12-28 02:48:10');
INSERT INTO Occupancies(RoomNo, Date, ResID) VALUES (103, '2020-12-27', 352);
INSERT INTO Occupancies(RoomNo, Date, ResID) VALUES (103, '2020-12-28', 352);
#353
INSERT INTO Customers(Fname, Lname, Phone, Email) VALUES ("Bernadette", "Terry", '896-357-7112', "Bernadette_Terry@gmail.com");
INSERT INTO Reservations(ID, StartDate, EndDate, NumGuests, CustomerID, Source, BookedAt) VALUES(353, '2020-07-06', '2020-07-09', 3, 353, 'OTA', '2020-12-28 02:48:10');
INSERT INTO Occupancies(RoomNo, Date, ResID) VALUES (506, '2020-07-06', 353);
INSERT INTO Occupancies(RoomNo, Date, ResID) VALUES (506, '2020-07-07', 353);
INSERT INTO Occupancies(RoomNo, Date, ResID) VALUES (506, '2020-07-08', 353);
#354
INSERT INTO Customers(Fname, Lname, Phone, Email) VALUES ("Miracle", "Dooley", '451-269-8024', "Miracle_Dooley@gmail.com");
INSERT INTO Reservations(ID, StartDate, EndDate, NumGuests, CustomerID, Source, BookedAt) VALUES(354, '2020-02-03', '2020-02-04', 4, 354, 'direct', '2020-12-28 02:48:10');
INSERT INTO Occupancies(RoomNo, Date, ResID) VALUES (505, '2020-02-03', 354);
#355
INSERT INTO Customers(Fname, Lname, Phone, Email) VALUES ("Warren", "Wehner", '707-842-2088', "Warren_Wehner@gmail.com");
INSERT INTO Reservations(ID, StartDate, EndDate, NumGuests, CustomerID, Source, BookedAt) VALUES(355, '2020-01-20', '2020-01-23', 1, 355, 'OTA', '2020-12-28 02:48:10');
INSERT INTO Occupancies(RoomNo, Date, ResID) VALUES (404, '2020-01-20', 355);
INSERT INTO Occupancies(RoomNo, Date, ResID) VALUES (404, '2020-01-21', 355);
INSERT INTO Occupancies(RoomNo, Date, ResID) VALUES (404, '2020-01-22', 355);
#356
INSERT INTO Customers(Fname, Lname, Phone, Email) VALUES ("Annabelle", "Bednar", '221-500-2771', "Annabelle_Bednar@gmail.com");
INSERT INTO Reservations(ID, StartDate, EndDate, NumGuests, CustomerID, Source, BookedAt) VALUES(356, '2021-08-15', '2021-08-19', 5, 356, 'OTA', '2020-12-28 02:48:10');
INSERT INTO Occupancies(RoomNo, Date, ResID) VALUES (504, '2021-08-15', 356);
INSERT INTO Occupancies(RoomNo, Date, ResID) VALUES (504, '2021-08-16', 356);
INSERT INTO Occupancies(RoomNo, Date, ResID) VALUES (504, '2021-08-17', 356);
INSERT INTO Occupancies(RoomNo, Date, ResID) VALUES (504, '2021-08-18', 356);
#357
INSERT INTO Customers(Fname, Lname, Phone, Email) VALUES ("Clifford", "Kohler", '460-569-7207', "Clifford_Kohler@gmail.com");
INSERT INTO Reservations(ID, StartDate, EndDate, NumGuests, CustomerID, Source, BookedAt) VALUES(357, '2020-12-27', '2020-12-28', 2, 357, 'OTA', '2020-12-28 02:48:10');
INSERT INTO Occupancies(RoomNo, Date, ResID) VALUES (304, '2020-12-27', 357);
#358
INSERT INTO Customers(Fname, Lname, Phone, Email) VALUES ("Michele", "Connelly", '465-745-3416', "Michele_Connelly@gmail.com");
INSERT INTO Reservations(ID, StartDate, EndDate, NumGuests, CustomerID, Source, BookedAt) VALUES(358, '2020-05-27', '2020-06-01', 1, 358, 'direct', '2020-12-28 02:48:10');
INSERT INTO Occupancies(RoomNo, Date, ResID) VALUES (105, '2020-05-27', 358);
INSERT INTO Occupancies(RoomNo, Date, ResID) VALUES (105, '2020-05-28', 358);
INSERT INTO Occupancies(RoomNo, Date, ResID) VALUES (105, '2020-05-29', 358);
INSERT INTO Occupancies(RoomNo, Date, ResID) VALUES (105, '2020-05-30', 358);
INSERT INTO Occupancies(RoomNo, Date, ResID) VALUES (105, '2020-05-31', 358);
#359
INSERT INTO Customers(Fname, Lname, Phone, Email) VALUES ("Jayme", "Jacobi", '603-799-5135', "Jayme_Jacobi@gmail.com");
INSERT INTO Reservations(ID, StartDate, EndDate, NumGuests, CustomerID, Source, BookedAt) VALUES(359, '2021-01-26', '2021-01-31', 3, 359, 'agency', '2020-12-28 02:48:10');
INSERT INTO Occupancies(RoomNo, Date, ResID) VALUES (306, '2021-01-26', 359);
INSERT INTO Occupancies(RoomNo, Date, ResID) VALUES (306, '2021-01-27', 359);
INSERT INTO Occupancies(RoomNo, Date, ResID) VALUES (306, '2021-01-28', 359);
INSERT INTO Occupancies(RoomNo, Date, ResID) VALUES (306, '2021-01-29', 359);
INSERT INTO Occupancies(RoomNo, Date, ResID) VALUES (306, '2021-01-30', 359);
#360
INSERT INTO Customers(Fname, Lname, Phone, Email) VALUES ("Remington", "Mueller", '724-902-6572', "Remington_Mueller@gmail.com");
INSERT INTO Reservations(ID, StartDate, EndDate, NumGuests, CustomerID, Source, BookedAt) VALUES(360, '2020-08-02', '2020-08-03', 3, 360, 'OTA', '2020-12-28 02:48:10');
INSERT INTO Occupancies(RoomNo, Date, ResID) VALUES (305, '2020-08-02', 360);
#361
INSERT INTO Customers(Fname, Lname, Phone, Email) VALUES ("Miracle", "VonRueden", '939-459-4224', "Miracle_VonRueden@gmail.com");
INSERT INTO Reservations(ID, StartDate, EndDate, NumGuests, CustomerID, Source, BookedAt) VALUES(361, '2020-12-03', '2020-12-04', 3, 361, 'direct', '2020-12-28 02:48:10');
INSERT INTO Occupancies(RoomNo, Date, ResID) VALUES (206, '2020-12-03', 361);
#362
INSERT INTO Customers(Fname, Lname, Phone, Email) VALUES ("Filiberto", "Cartwright", '448-577-1661', "Filiberto_Cartwright@gmail.com");
INSERT INTO Reservations(ID, StartDate, EndDate, NumGuests, CustomerID, Source, BookedAt) VALUES(362, '2020-10-24', '2020-10-25', 5, 362, 'direct', '2020-12-28 02:48:10');
INSERT INTO Occupancies(RoomNo, Date, ResID) VALUES (102, '2020-10-24', 362);
#363
INSERT INTO Customers(Fname, Lname, Phone, Email) VALUES ("Eryn", "Osinski", '488-811-3548', "Eryn_Osinski@gmail.com");
INSERT INTO Reservations(ID, StartDate, EndDate, NumGuests, CustomerID, Source, BookedAt) VALUES(363, '2020-09-20', '2020-09-21', 2, 363, 'OTA', '2020-12-28 02:48:10');
INSERT INTO Occupancies(RoomNo, Date, ResID) VALUES (401, '2020-09-20', 363);
#364
INSERT INTO Customers(Fname, Lname, Phone, Email) VALUES ("Alivia", "Hermann", '405-796-8976', "Alivia_Hermann@gmail.com");
INSERT INTO Reservations(ID, StartDate, EndDate, NumGuests, CustomerID, Source, BookedAt) VALUES(364, '2020-02-04', '2020-02-08', 1, 364, 'OTA', '2020-12-28 02:48:10');
INSERT INTO Occupancies(RoomNo, Date, ResID) VALUES (105, '2020-02-04', 364);
INSERT INTO Occupancies(RoomNo, Date, ResID) VALUES (105, '2020-02-05', 364);
INSERT INTO Occupancies(RoomNo, Date, ResID) VALUES (105, '2020-02-06', 364);
INSERT INTO Occupancies(RoomNo, Date, ResID) VALUES (105, '2020-02-07', 364);
#365
INSERT INTO Customers(Fname, Lname, Phone, Email) VALUES ("Micah", "Metz", '278-720-9992', "Micah_Metz@gmail.com");
INSERT INTO Reservations(ID, StartDate, EndDate, NumGuests, CustomerID, Source, BookedAt) VALUES(365, '2021-12-04', '2021-12-09', 5, 365, 'corporate', '2020-12-28 02:48:10');
INSERT INTO Occupancies(RoomNo, Date, ResID) VALUES (105, '2021-12-04', 365);
INSERT INTO Occupancies(RoomNo, Date, ResID) VALUES (105, '2021-12-05', 365);
INSERT INTO Occupancies(RoomNo, Date, ResID) VALUES (105, '2021-12-06', 365);
INSERT INTO Occupancies(RoomNo, Date, ResID) VALUES (105, '2021-12-07', 365);
INSERT INTO Occupancies(RoomNo, Date, ResID) VALUES (105, '2021-12-08', 365);
#366
INSERT INTO Customers(Fname, Lname, Phone, Email) VALUES ("Marcelo", "Kirlin", '380-950-8090', "Marcelo_Kirlin@gmail.com");
INSERT INTO Reservations(ID, StartDate, EndDate, NumGuests, CustomerID, Source, BookedAt) VALUES(366, '2020-06-29', '2020-07-01', 5, 366, 'OTA', '2020-12-28 02:48:10');
INSERT INTO Occupancies(RoomNo, Date, ResID) VALUES (401, '2020-06-29', 366);
INSERT INTO Occupancies(RoomNo, Date, ResID) VALUES (401, '2020-06-30', 366);
#367
INSERT INTO Customers(Fname, Lname, Phone, Email) VALUES ("Rodrigo", "McGlynn", '531-329-8988', "Rodrigo_McGlynn@gmail.com");
INSERT INTO Reservations(ID, StartDate, EndDate, NumGuests, CustomerID, Source, BookedAt) VALUES(367, '2020-10-23', '2020-10-28', 1, 367, 'direct', '2020-12-28 02:48:10');
INSERT INTO Occupancies(RoomNo, Date, ResID) VALUES (104, '2020-10-23', 367);
INSERT INTO Occupancies(RoomNo, Date, ResID) VALUES (104, '2020-10-24', 367);
INSERT INTO Occupancies(RoomNo, Date, ResID) VALUES (104, '2020-10-25', 367);
INSERT INTO Occupancies(RoomNo, Date, ResID) VALUES (104, '2020-10-26', 367);
INSERT INTO Occupancies(RoomNo, Date, ResID) VALUES (104, '2020-10-27', 367);
#368
INSERT INTO Customers(Fname, Lname, Phone, Email) VALUES ("Norbert", "Wilderman", '347-608-3816', "Norbert_Wilderman@gmail.com");
INSERT INTO Reservations(ID, StartDate, EndDate, NumGuests, CustomerID, Source, BookedAt) VALUES(368, '2020-01-09', '2020-01-11', 5, 368, 'corporate', '2020-12-28 02:48:10');
INSERT INTO Occupancies(RoomNo, Date, ResID) VALUES (402, '2020-01-09', 368);
INSERT INTO Occupancies(RoomNo, Date, ResID) VALUES (402, '2020-01-10', 368);
#369
INSERT INTO Customers(Fname, Lname, Phone, Email) VALUES ("Juwan", "Hessel", '382-273-8236', "Juwan_Hessel@gmail.com");
INSERT INTO Reservations(ID, StartDate, EndDate, NumGuests, CustomerID, Source, BookedAt) VALUES(369, '2020-06-18', '2020-06-22', 4, 369, 'OTA', '2020-12-28 02:48:10');
INSERT INTO Occupancies(RoomNo, Date, ResID) VALUES (304, '2020-06-18', 369);
INSERT INTO Occupancies(RoomNo, Date, ResID) VALUES (304, '2020-06-19', 369);
INSERT INTO Occupancies(RoomNo, Date, ResID) VALUES (304, '2020-06-20', 369);
INSERT INTO Occupancies(RoomNo, Date, ResID) VALUES (304, '2020-06-21', 369);
#370
INSERT INTO Customers(Fname, Lname, Phone, Email) VALUES ("Cordelia", "Spinka", '687-430-9147', "Cordelia_Spinka@gmail.com");
INSERT INTO Reservations(ID, StartDate, EndDate, NumGuests, CustomerID, Source, BookedAt) VALUES(370, '2020-03-20', '2020-03-24', 5, 370, 'OTA', '2020-12-28 02:48:10');
INSERT INTO Occupancies(RoomNo, Date, ResID) VALUES (106, '2020-03-20', 370);
INSERT INTO Occupancies(RoomNo, Date, ResID) VALUES (106, '2020-03-21', 370);
INSERT INTO Occupancies(RoomNo, Date, ResID) VALUES (106, '2020-03-22', 370);
INSERT INTO Occupancies(RoomNo, Date, ResID) VALUES (106, '2020-03-23', 370);
#371
INSERT INTO Customers(Fname, Lname, Phone, Email) VALUES ("Kayla", "Bradtke", '535-865-1187', "Kayla_Bradtke@gmail.com");
INSERT INTO Reservations(ID, StartDate, EndDate, NumGuests, CustomerID, Source, BookedAt) VALUES(371, '2021-10-30', '2021-10-31', 1, 371, 'corporate', '2020-12-28 02:48:10');
INSERT INTO Occupancies(RoomNo, Date, ResID) VALUES (402, '2021-10-30', 371);
#372
INSERT INTO Customers(Fname, Lname, Phone, Email) VALUES ("Lilliana", "McCullough", '575-813-6887', "Lilliana_McCullough@gmail.com");
INSERT INTO Reservations(ID, StartDate, EndDate, NumGuests, CustomerID, Source, BookedAt) VALUES(372, '2020-05-14', '2020-05-17', 1, 372, 'corporate', '2020-12-28 02:48:10');
INSERT INTO Occupancies(RoomNo, Date, ResID) VALUES (101, '2020-05-14', 372);
INSERT INTO Occupancies(RoomNo, Date, ResID) VALUES (101, '2020-05-15', 372);
INSERT INTO Occupancies(RoomNo, Date, ResID) VALUES (101, '2020-05-16', 372);
#373
INSERT INTO Customers(Fname, Lname, Phone, Email) VALUES ("Wilber", "Stamm", '886-364-8372', "Wilber_Stamm@gmail.com");
INSERT INTO Reservations(ID, StartDate, EndDate, NumGuests, CustomerID, Source, BookedAt) VALUES(373, '2020-09-02', '2020-09-04', 2, 373, 'agency', '2020-12-28 02:48:10');
INSERT INTO Occupancies(RoomNo, Date, ResID) VALUES (406, '2020-09-02', 373);
INSERT INTO Occupancies(RoomNo, Date, ResID) VALUES (406, '2020-09-03', 373);
#374
INSERT INTO Customers(Fname, Lname, Phone, Email) VALUES ("Cornell", "Littel", '227-950-9326', "Cornell_Littel@gmail.com");
INSERT INTO Reservations(ID, StartDate, EndDate, NumGuests, CustomerID, Source, BookedAt) VALUES(374, '2020-11-23', '2020-11-25', 5, 374, 'OTA', '2020-12-28 02:48:10');
INSERT INTO Occupancies(RoomNo, Date, ResID) VALUES (101, '2020-11-23', 374);
INSERT INTO Occupancies(RoomNo, Date, ResID) VALUES (101, '2020-11-24', 374);
#375
INSERT INTO Customers(Fname, Lname, Phone, Email) VALUES ("Hortense", "Hane", '653-264-7493', "Hortense_Hane@gmail.com");
INSERT INTO Reservations(ID, StartDate, EndDate, NumGuests, CustomerID, Source, BookedAt) VALUES(375, '2020-02-24', '2020-02-25', 5, 375, 'direct', '2020-12-28 02:48:10');
INSERT INTO Occupancies(RoomNo, Date, ResID) VALUES (204, '2020-02-24', 375);
#376
INSERT INTO Customers(Fname, Lname, Phone, Email) VALUES ("Jo", "Lesch", '783-318-3444', "Jo_Lesch@gmail.com");
INSERT INTO Reservations(ID, StartDate, EndDate, NumGuests, CustomerID, Source, BookedAt) VALUES(376, '2020-07-08', '2020-07-09', 4, 376, 'agency', '2020-12-28 02:48:10');
INSERT INTO Occupancies(RoomNo, Date, ResID) VALUES (205, '2020-07-08', 376);
#377
INSERT INTO Customers(Fname, Lname, Phone, Email) VALUES ("Weston", "Bartell", '821-600-0407', "Weston_Bartell@gmail.com");
INSERT INTO Reservations(ID, StartDate, EndDate, NumGuests, CustomerID, Source, BookedAt) VALUES(377, '2021-12-22', '2021-12-25', 5, 377, 'OTA', '2020-12-28 02:48:10');
INSERT INTO Occupancies(RoomNo, Date, ResID) VALUES (503, '2021-12-22', 377);
INSERT INTO Occupancies(RoomNo, Date, ResID) VALUES (503, '2021-12-23', 377);
INSERT INTO Occupancies(RoomNo, Date, ResID) VALUES (503, '2021-12-24', 377);
#378
INSERT INTO Customers(Fname, Lname, Phone, Email) VALUES ("Maida", "Roob", '209-646-2788', "Maida_Roob@gmail.com");
INSERT INTO Reservations(ID, StartDate, EndDate, NumGuests, CustomerID, Source, BookedAt) VALUES(378, '2020-06-21', '2020-06-24', 5, 378, 'OTA', '2020-12-28 02:48:10');
INSERT INTO Occupancies(RoomNo, Date, ResID) VALUES (404, '2020-06-21', 378);
INSERT INTO Occupancies(RoomNo, Date, ResID) VALUES (404, '2020-06-22', 378);
INSERT INTO Occupancies(RoomNo, Date, ResID) VALUES (404, '2020-06-23', 378);
#379
INSERT INTO Customers(Fname, Lname, Phone, Email) VALUES ("Rosie", "Maggio", '632-536-1462', "Rosie_Maggio@gmail.com");
INSERT INTO Reservations(ID, StartDate, EndDate, NumGuests, CustomerID, Source, BookedAt) VALUES(379, '2020-05-05', '2020-05-07', 4, 379, 'OTA', '2020-12-28 02:48:10');
INSERT INTO Occupancies(RoomNo, Date, ResID) VALUES (303, '2020-05-05', 379);
INSERT INTO Occupancies(RoomNo, Date, ResID) VALUES (303, '2020-05-06', 379);
#380
INSERT INTO Customers(Fname, Lname, Phone, Email) VALUES ("Timothy", "Kuvalis", '710-547-0871', "Timothy_Kuvalis@gmail.com");
INSERT INTO Reservations(ID, StartDate, EndDate, NumGuests, CustomerID, Source, BookedAt) VALUES(380, '2021-04-09', '2021-04-11', 2, 380, 'agency', '2020-12-28 02:48:10');
INSERT INTO Occupancies(RoomNo, Date, ResID) VALUES (302, '2021-04-09', 380);
INSERT INTO Occupancies(RoomNo, Date, ResID) VALUES (302, '2021-04-10', 380);
#381
INSERT INTO Customers(Fname, Lname, Phone, Email) VALUES ("Christy", "Bins", '779-845-2835', "Christy_Bins@gmail.com");
INSERT INTO Reservations(ID, StartDate, EndDate, NumGuests, CustomerID, Source, BookedAt) VALUES(381, '2020-02-12', '2020-02-14', 5, 381, 'OTA', '2020-12-28 02:48:10');
INSERT INTO Occupancies(RoomNo, Date, ResID) VALUES (505, '2020-02-12', 381);
INSERT INTO Occupancies(RoomNo, Date, ResID) VALUES (505, '2020-02-13', 381);
#382
INSERT INTO Customers(Fname, Lname, Phone, Email) VALUES ("Albertha", "Greenholt", '400-732-0624', "Albertha_Greenholt@gmail.com");
INSERT INTO Reservations(ID, StartDate, EndDate, NumGuests, CustomerID, Source, BookedAt) VALUES(382, '2019-12-29', '2020-01-01', 3, 382, 'OTA', '2020-12-28 02:48:10');
INSERT INTO Occupancies(RoomNo, Date, ResID) VALUES (401, '2019-12-29', 382);
INSERT INTO Occupancies(RoomNo, Date, ResID) VALUES (401, '2019-12-30', 382);
INSERT INTO Occupancies(RoomNo, Date, ResID) VALUES (401, '2019-12-31', 382);
#383
INSERT INTO Customers(Fname, Lname, Phone, Email) VALUES ("Trevor", "Kovacek", '828-248-5947', "Trevor_Kovacek@gmail.com");
INSERT INTO Reservations(ID, StartDate, EndDate, NumGuests, CustomerID, Source, BookedAt) VALUES(383, '2020-12-12', '2020-12-16', 1, 383, 'direct', '2020-12-28 02:48:10');
INSERT INTO Occupancies(RoomNo, Date, ResID) VALUES (503, '2020-12-12', 383);
INSERT INTO Occupancies(RoomNo, Date, ResID) VALUES (503, '2020-12-13', 383);
INSERT INTO Occupancies(RoomNo, Date, ResID) VALUES (503, '2020-12-14', 383);
INSERT INTO Occupancies(RoomNo, Date, ResID) VALUES (503, '2020-12-15', 383);
#384
INSERT INTO Customers(Fname, Lname, Phone, Email) VALUES ("Annabel", "Schimmel", '910-438-7054', "Annabel_Schimmel@gmail.com");
INSERT INTO Reservations(ID, StartDate, EndDate, NumGuests, CustomerID, Source, BookedAt) VALUES(384, '2020-02-24', '2020-02-29', 1, 384, 'corporate', '2020-12-28 02:48:10');
INSERT INTO Occupancies(RoomNo, Date, ResID) VALUES (505, '2020-02-24', 384);
INSERT INTO Occupancies(RoomNo, Date, ResID) VALUES (505, '2020-02-25', 384);
INSERT INTO Occupancies(RoomNo, Date, ResID) VALUES (505, '2020-02-26', 384);
INSERT INTO Occupancies(RoomNo, Date, ResID) VALUES (505, '2020-02-27', 384);
INSERT INTO Occupancies(RoomNo, Date, ResID) VALUES (505, '2020-02-28', 384);
#385
INSERT INTO Customers(Fname, Lname, Phone, Email) VALUES ("Lorena", "Bernier", '510-859-5312', "Lorena_Bernier@gmail.com");
INSERT INTO Reservations(ID, StartDate, EndDate, NumGuests, CustomerID, Source, BookedAt) VALUES(385, '2021-02-09', '2021-02-11', 2, 385, 'OTA', '2020-12-28 02:48:10');
INSERT INTO Occupancies(RoomNo, Date, ResID) VALUES (505, '2021-02-09', 385);
INSERT INTO Occupancies(RoomNo, Date, ResID) VALUES (505, '2021-02-10', 385);
#386
INSERT INTO Customers(Fname, Lname, Phone, Email) VALUES ("Euna", "Conroy", '343-645-5384', "Euna_Conroy@gmail.com");
INSERT INTO Reservations(ID, StartDate, EndDate, NumGuests, CustomerID, Source, BookedAt) VALUES(386, '2020-10-05', '2020-10-08', 1, 386, 'agency', '2020-12-28 02:48:10');
INSERT INTO Occupancies(RoomNo, Date, ResID) VALUES (504, '2020-10-05', 386);
INSERT INTO Occupancies(RoomNo, Date, ResID) VALUES (504, '2020-10-06', 386);
INSERT INTO Occupancies(RoomNo, Date, ResID) VALUES (504, '2020-10-07', 386);
#387
INSERT INTO Customers(Fname, Lname, Phone, Email) VALUES ("Columbus", "Tromp", '741-815-9344', "Columbus_Tromp@gmail.com");
INSERT INTO Reservations(ID, StartDate, EndDate, NumGuests, CustomerID, Source, BookedAt) VALUES(387, '2020-09-28', '2020-09-30', 2, 387, 'OTA', '2020-12-28 02:48:10');
INSERT INTO Occupancies(RoomNo, Date, ResID) VALUES (504, '2020-09-28', 387);
INSERT INTO Occupancies(RoomNo, Date, ResID) VALUES (504, '2020-09-29', 387);
#388
INSERT INTO Customers(Fname, Lname, Phone, Email) VALUES ("Liana", "Romaguera", '725-201-8560', "Liana_Romaguera@gmail.com");
INSERT INTO Reservations(ID, StartDate, EndDate, NumGuests, CustomerID, Source, BookedAt) VALUES(388, '2020-12-04', '2020-12-08', 3, 388, 'direct', '2020-12-28 02:48:10');
INSERT INTO Occupancies(RoomNo, Date, ResID) VALUES (201, '2020-12-04', 388);
INSERT INTO Occupancies(RoomNo, Date, ResID) VALUES (201, '2020-12-05', 388);
INSERT INTO Occupancies(RoomNo, Date, ResID) VALUES (201, '2020-12-06', 388);
INSERT INTO Occupancies(RoomNo, Date, ResID) VALUES (201, '2020-12-07', 388);
#389
INSERT INTO Customers(Fname, Lname, Phone, Email) VALUES ("Leann", "Stokes", '856-697-4132', "Leann_Stokes@gmail.com");
INSERT INTO Reservations(ID, StartDate, EndDate, NumGuests, CustomerID, Source, BookedAt) VALUES(389, '2020-08-18', '2020-08-21', 1, 389, 'direct', '2020-12-28 02:48:10');
INSERT INTO Occupancies(RoomNo, Date, ResID) VALUES (405, '2020-08-18', 389);
INSERT INTO Occupancies(RoomNo, Date, ResID) VALUES (405, '2020-08-19', 389);
INSERT INTO Occupancies(RoomNo, Date, ResID) VALUES (405, '2020-08-20', 389);
#390
INSERT INTO Customers(Fname, Lname, Phone, Email) VALUES ("Dortha", "Fahey", '641-533-8057', "Dortha_Fahey@gmail.com");
INSERT INTO Reservations(ID, StartDate, EndDate, NumGuests, CustomerID, Source, BookedAt) VALUES(390, '2020-10-09', '2020-10-12', 1, 390, 'direct', '2020-12-28 02:48:10');
INSERT INTO Occupancies(RoomNo, Date, ResID) VALUES (405, '2020-10-09', 390);
INSERT INTO Occupancies(RoomNo, Date, ResID) VALUES (405, '2020-10-10', 390);
INSERT INTO Occupancies(RoomNo, Date, ResID) VALUES (405, '2020-10-11', 390);
#391
INSERT INTO Customers(Fname, Lname, Phone, Email) VALUES ("Xander", "Balistreri", '383-987-0913', "Xander_Balistreri@gmail.com");
INSERT INTO Reservations(ID, StartDate, EndDate, NumGuests, CustomerID, Source, BookedAt) VALUES(391, '2020-01-16', '2020-01-20', 2, 391, 'direct', '2020-12-28 02:48:10');
INSERT INTO Occupancies(RoomNo, Date, ResID) VALUES (201, '2020-01-16', 391);
INSERT INTO Occupancies(RoomNo, Date, ResID) VALUES (201, '2020-01-17', 391);
INSERT INTO Occupancies(RoomNo, Date, ResID) VALUES (201, '2020-01-18', 391);
INSERT INTO Occupancies(RoomNo, Date, ResID) VALUES (201, '2020-01-19', 391);
#392
INSERT INTO Customers(Fname, Lname, Phone, Email) VALUES ("Eva", "Willms", '723-531-6088', "Eva_Willms@gmail.com");
INSERT INTO Reservations(ID, StartDate, EndDate, NumGuests, CustomerID, Source, BookedAt) VALUES(392, '2020-07-17', '2020-07-21', 5, 392, 'OTA', '2020-12-28 02:48:10');
INSERT INTO Occupancies(RoomNo, Date, ResID) VALUES (401, '2020-07-17', 392);
INSERT INTO Occupancies(RoomNo, Date, ResID) VALUES (401, '2020-07-18', 392);
INSERT INTO Occupancies(RoomNo, Date, ResID) VALUES (401, '2020-07-19', 392);
INSERT INTO Occupancies(RoomNo, Date, ResID) VALUES (401, '2020-07-20', 392);
#393
INSERT INTO Customers(Fname, Lname, Phone, Email) VALUES ("Ashlee", "Schulist", '445-417-0390', "Ashlee_Schulist@gmail.com");
INSERT INTO Reservations(ID, StartDate, EndDate, NumGuests, CustomerID, Source, BookedAt) VALUES(393, '2020-10-15', '2020-10-17', 5, 393, 'direct', '2020-12-28 02:48:10');
INSERT INTO Occupancies(RoomNo, Date, ResID) VALUES (304, '2020-10-15', 393);
INSERT INTO Occupancies(RoomNo, Date, ResID) VALUES (304, '2020-10-16', 393);
#394
INSERT INTO Customers(Fname, Lname, Phone, Email) VALUES ("Ethyl", "Ullrich", '540-538-7810', "Ethyl_Ullrich@gmail.com");
INSERT INTO Reservations(ID, StartDate, EndDate, NumGuests, CustomerID, Source, BookedAt) VALUES(394, '2020-03-21', '2020-03-22', 5, 394, 'OTA', '2020-12-28 02:48:10');
INSERT INTO Occupancies(RoomNo, Date, ResID) VALUES (306, '2020-03-21', 394);
#395
INSERT INTO Customers(Fname, Lname, Phone, Email) VALUES ("Barton", "Kreiger", '761-602-2220', "Barton_Kreiger@gmail.com");
INSERT INTO Reservations(ID, StartDate, EndDate, NumGuests, CustomerID, Source, BookedAt) VALUES(395, '2020-07-19', '2020-07-21', 2, 395, 'direct', '2020-12-28 02:48:10');
INSERT INTO Occupancies(RoomNo, Date, ResID) VALUES (204, '2020-07-19', 395);
INSERT INTO Occupancies(RoomNo, Date, ResID) VALUES (204, '2020-07-20', 395);
#396
INSERT INTO Customers(Fname, Lname, Phone, Email) VALUES ("Anabel", "Wisoky", '376-872-2693', "Anabel_Wisoky@gmail.com");
INSERT INTO Reservations(ID, StartDate, EndDate, NumGuests, CustomerID, Source, BookedAt) VALUES(396, '2020-12-27', '2020-12-28', 1, 396, 'agency', '2020-12-28 02:48:10');
INSERT INTO Occupancies(RoomNo, Date, ResID) VALUES (301, '2020-12-27', 396);
#397
INSERT INTO Customers(Fname, Lname, Phone, Email) VALUES ("Joey", "Steuber", '553-483-6992', "Joey_Steuber@gmail.com");
INSERT INTO Reservations(ID, StartDate, EndDate, NumGuests, CustomerID, Source, BookedAt) VALUES(397, '2020-04-25', '2020-04-26', 2, 397, 'direct', '2020-12-28 02:48:10');
INSERT INTO Occupancies(RoomNo, Date, ResID) VALUES (402, '2020-04-25', 397);
#398
INSERT INTO Customers(Fname, Lname, Phone, Email) VALUES ("Isabelle", "Ratke", '311-531-2993', "Isabelle_Ratke@gmail.com");
INSERT INTO Reservations(ID, StartDate, EndDate, NumGuests, CustomerID, Source, BookedAt) VALUES(398, '2020-02-04', '2020-02-07', 2, 398, 'OTA', '2020-12-28 02:48:10');
INSERT INTO Occupancies(RoomNo, Date, ResID) VALUES (402, '2020-02-04', 398);
INSERT INTO Occupancies(RoomNo, Date, ResID) VALUES (402, '2020-02-05', 398);
INSERT INTO Occupancies(RoomNo, Date, ResID) VALUES (402, '2020-02-06', 398);
#399
INSERT INTO Customers(Fname, Lname, Phone, Email) VALUES ("Micaela", "Feeney", '788-761-9088', "Micaela_Feeney@gmail.com");
INSERT INTO Reservations(ID, StartDate, EndDate, NumGuests, CustomerID, Source, BookedAt) VALUES(399, '2020-05-16', '2020-05-19', 4, 399, 'direct', '2020-12-28 02:48:10');
INSERT INTO Occupancies(RoomNo, Date, ResID) VALUES (305, '2020-05-16', 399);
INSERT INTO Occupancies(RoomNo, Date, ResID) VALUES (305, '2020-05-17', 399);
INSERT INTO Occupancies(RoomNo, Date, ResID) VALUES (305, '2020-05-18', 399);
#400
INSERT INTO Customers(Fname, Lname, Phone, Email) VALUES ("Favian", "Windler", '570-436-9152', "Favian_Windler@gmail.com");
INSERT INTO Reservations(ID, StartDate, EndDate, NumGuests, CustomerID, Source, BookedAt) VALUES(400, '2021-05-13', '2021-05-17', 1, 400, 'OTA', '2020-12-28 02:48:10');
INSERT INTO Occupancies(RoomNo, Date, ResID) VALUES (405, '2021-05-13', 400);
INSERT INTO Occupancies(RoomNo, Date, ResID) VALUES (405, '2021-05-14', 400);
INSERT INTO Occupancies(RoomNo, Date, ResID) VALUES (405, '2021-05-15', 400);
INSERT INTO Occupancies(RoomNo, Date, ResID) VALUES (405, '2021-05-16', 400);
#401
INSERT INTO Customers(Fname, Lname, Phone, Email) VALUES ("Rosina", "Harber", '821-222-1675', "Rosina_Harber@gmail.com");
INSERT INTO Reservations(ID, StartDate, EndDate, NumGuests, CustomerID, Source, BookedAt) VALUES(401, '2021-10-04', '2021-10-09', 1, 401, 'OTA', '2020-12-28 02:48:10');
INSERT INTO Occupancies(RoomNo, Date, ResID) VALUES (102, '2021-10-04', 401);
INSERT INTO Occupancies(RoomNo, Date, ResID) VALUES (102, '2021-10-05', 401);
INSERT INTO Occupancies(RoomNo, Date, ResID) VALUES (102, '2021-10-06', 401);
INSERT INTO Occupancies(RoomNo, Date, ResID) VALUES (102, '2021-10-07', 401);
INSERT INTO Occupancies(RoomNo, Date, ResID) VALUES (102, '2021-10-08', 401);
#402
INSERT INTO Customers(Fname, Lname, Phone, Email) VALUES ("Adela", "Parisian", '991-674-0940', "Adela_Parisian@gmail.com");
INSERT INTO Reservations(ID, StartDate, EndDate, NumGuests, CustomerID, Source, BookedAt) VALUES(402, '2020-12-27', '2020-12-28', 1, 402, 'corporate', '2020-12-28 02:48:10');
INSERT INTO Occupancies(RoomNo, Date, ResID) VALUES (104, '2020-12-27', 402);
#403
INSERT INTO Customers(Fname, Lname, Phone, Email) VALUES ("Pamela", "Bailey", '629-513-6402', "Pamela_Bailey@gmail.com");
INSERT INTO Reservations(ID, StartDate, EndDate, NumGuests, CustomerID, Source, BookedAt) VALUES(403, '2021-11-16', '2021-11-21', 4, 403, 'direct', '2020-12-28 02:48:10');
INSERT INTO Occupancies(RoomNo, Date, ResID) VALUES (304, '2021-11-16', 403);
INSERT INTO Occupancies(RoomNo, Date, ResID) VALUES (304, '2021-11-17', 403);
INSERT INTO Occupancies(RoomNo, Date, ResID) VALUES (304, '2021-11-18', 403);
INSERT INTO Occupancies(RoomNo, Date, ResID) VALUES (304, '2021-11-19', 403);
INSERT INTO Occupancies(RoomNo, Date, ResID) VALUES (304, '2021-11-20', 403);
#404
INSERT INTO Customers(Fname, Lname, Phone, Email) VALUES ("Gabriella", "Funk", '776-431-4851', "Gabriella_Funk@gmail.com");
INSERT INTO Reservations(ID, StartDate, EndDate, NumGuests, CustomerID, Source, BookedAt) VALUES(404, '2020-09-12', '2020-09-13', 4, 404, 'OTA', '2020-12-28 02:48:10');
INSERT INTO Occupancies(RoomNo, Date, ResID) VALUES (404, '2020-09-12', 404);
#405
INSERT INTO Customers(Fname, Lname, Phone, Email) VALUES ("Willa", "Abshire", '543-984-9041', "Willa_Abshire@gmail.com");
INSERT INTO Reservations(ID, StartDate, EndDate, NumGuests, CustomerID, Source, BookedAt) VALUES(405, '2020-05-05', '2020-05-09', 4, 405, 'OTA', '2020-12-28 02:48:10');
INSERT INTO Occupancies(RoomNo, Date, ResID) VALUES (404, '2020-05-05', 405);
INSERT INTO Occupancies(RoomNo, Date, ResID) VALUES (404, '2020-05-06', 405);
INSERT INTO Occupancies(RoomNo, Date, ResID) VALUES (404, '2020-05-07', 405);
INSERT INTO Occupancies(RoomNo, Date, ResID) VALUES (404, '2020-05-08', 405);
#406
INSERT INTO Customers(Fname, Lname, Phone, Email) VALUES ("Keaton", "Langworth", '413-735-2622', "Keaton_Langworth@gmail.com");
INSERT INTO Reservations(ID, StartDate, EndDate, NumGuests, CustomerID, Source, BookedAt) VALUES(406, '2020-03-29', '2020-03-30', 2, 406, 'direct', '2020-12-28 02:48:10');
INSERT INTO Occupancies(RoomNo, Date, ResID) VALUES (206, '2020-03-29', 406);
#407
INSERT INTO Customers(Fname, Lname, Phone, Email) VALUES ("Margarete", "Volkman", '279-482-7066', "Margarete_Volkman@gmail.com");
INSERT INTO Reservations(ID, StartDate, EndDate, NumGuests, CustomerID, Source, BookedAt) VALUES(407, '2020-08-28', '2020-09-02', 4, 407, 'corporate', '2020-12-28 02:48:10');
INSERT INTO Occupancies(RoomNo, Date, ResID) VALUES (206, '2020-08-28', 407);
INSERT INTO Occupancies(RoomNo, Date, ResID) VALUES (206, '2020-08-29', 407);
INSERT INTO Occupancies(RoomNo, Date, ResID) VALUES (206, '2020-08-30', 407);
INSERT INTO Occupancies(RoomNo, Date, ResID) VALUES (206, '2020-08-31', 407);
INSERT INTO Occupancies(RoomNo, Date, ResID) VALUES (206, '2020-09-01', 407);
#408
INSERT INTO Customers(Fname, Lname, Phone, Email) VALUES ("Jefferey", "Kuhn", '481-704-2914', "Jefferey_Kuhn@gmail.com");
INSERT INTO Reservations(ID, StartDate, EndDate, NumGuests, CustomerID, Source, BookedAt) VALUES(408, '2020-12-20', '2020-12-25', 1, 408, 'OTA', '2020-12-28 02:48:10');
INSERT INTO Occupancies(RoomNo, Date, ResID) VALUES (304, '2020-12-20', 408);
INSERT INTO Occupancies(RoomNo, Date, ResID) VALUES (304, '2020-12-21', 408);
INSERT INTO Occupancies(RoomNo, Date, ResID) VALUES (304, '2020-12-22', 408);
INSERT INTO Occupancies(RoomNo, Date, ResID) VALUES (304, '2020-12-23', 408);
INSERT INTO Occupancies(RoomNo, Date, ResID) VALUES (304, '2020-12-24', 408);
#409
INSERT INTO Customers(Fname, Lname, Phone, Email) VALUES ("Melisa", "Jacobs", '800-499-8203', "Melisa_Jacobs@gmail.com");
INSERT INTO Reservations(ID, StartDate, EndDate, NumGuests, CustomerID, Source, BookedAt) VALUES(409, '2020-01-22', '2020-01-26', 2, 409, 'agency', '2020-12-28 02:48:10');
INSERT INTO Occupancies(RoomNo, Date, ResID) VALUES (204, '2020-01-22', 409);
INSERT INTO Occupancies(RoomNo, Date, ResID) VALUES (204, '2020-01-23', 409);
INSERT INTO Occupancies(RoomNo, Date, ResID) VALUES (204, '2020-01-24', 409);
INSERT INTO Occupancies(RoomNo, Date, ResID) VALUES (204, '2020-01-25', 409);
#410
INSERT INTO Customers(Fname, Lname, Phone, Email) VALUES ("Dorris", "Paucek", '787-659-8024', "Dorris_Paucek@gmail.com");
INSERT INTO Reservations(ID, StartDate, EndDate, NumGuests, CustomerID, Source, BookedAt) VALUES(410, '2020-09-06', '2020-09-11', 1, 410, 'OTA', '2020-12-28 02:48:10');
INSERT INTO Occupancies(RoomNo, Date, ResID) VALUES (304, '2020-09-06', 410);
INSERT INTO Occupancies(RoomNo, Date, ResID) VALUES (304, '2020-09-07', 410);
INSERT INTO Occupancies(RoomNo, Date, ResID) VALUES (304, '2020-09-08', 410);
INSERT INTO Occupancies(RoomNo, Date, ResID) VALUES (304, '2020-09-09', 410);
INSERT INTO Occupancies(RoomNo, Date, ResID) VALUES (304, '2020-09-10', 410);
#411
INSERT INTO Customers(Fname, Lname, Phone, Email) VALUES ("Ardella", "White", '392-864-8350', "Ardella_White@gmail.com");
INSERT INTO Reservations(ID, StartDate, EndDate, NumGuests, CustomerID, Source, BookedAt) VALUES(411, '2020-01-13', '2020-01-18', 2, 411, 'corporate', '2020-12-28 02:48:10');
INSERT INTO Occupancies(RoomNo, Date, ResID) VALUES (302, '2020-01-13', 411);
INSERT INTO Occupancies(RoomNo, Date, ResID) VALUES (302, '2020-01-14', 411);
INSERT INTO Occupancies(RoomNo, Date, ResID) VALUES (302, '2020-01-15', 411);
INSERT INTO Occupancies(RoomNo, Date, ResID) VALUES (302, '2020-01-16', 411);
INSERT INTO Occupancies(RoomNo, Date, ResID) VALUES (302, '2020-01-17', 411);
#412
INSERT INTO Customers(Fname, Lname, Phone, Email) VALUES ("Anabel", "Kunde", '961-563-6127', "Anabel_Kunde@gmail.com");
INSERT INTO Reservations(ID, StartDate, EndDate, NumGuests, CustomerID, Source, BookedAt) VALUES(412, '2020-08-03', '2020-08-07', 5, 412, 'direct', '2020-12-28 02:48:10');
INSERT INTO Occupancies(RoomNo, Date, ResID) VALUES (106, '2020-08-03', 412);
INSERT INTO Occupancies(RoomNo, Date, ResID) VALUES (106, '2020-08-04', 412);
INSERT INTO Occupancies(RoomNo, Date, ResID) VALUES (106, '2020-08-05', 412);
INSERT INTO Occupancies(RoomNo, Date, ResID) VALUES (106, '2020-08-06', 412);
#413
INSERT INTO Customers(Fname, Lname, Phone, Email) VALUES ("Declan", "Emmerich", '743-544-2856', "Declan_Emmerich@gmail.com");
INSERT INTO Reservations(ID, StartDate, EndDate, NumGuests, CustomerID, Source, BookedAt) VALUES(413, '2020-09-25', '2020-09-29', 5, 413, 'direct', '2020-12-28 02:48:10');
INSERT INTO Occupancies(RoomNo, Date, ResID) VALUES (403, '2020-09-25', 413);
INSERT INTO Occupancies(RoomNo, Date, ResID) VALUES (403, '2020-09-26', 413);
INSERT INTO Occupancies(RoomNo, Date, ResID) VALUES (403, '2020-09-27', 413);
INSERT INTO Occupancies(RoomNo, Date, ResID) VALUES (403, '2020-09-28', 413);
#414
INSERT INTO Customers(Fname, Lname, Phone, Email) VALUES ("Jeremy", "Davis", '333-771-7396', "Jeremy_Davis@gmail.com");
INSERT INTO Reservations(ID, StartDate, EndDate, NumGuests, CustomerID, Source, BookedAt) VALUES(414, '2021-12-01', '2021-12-06', 4, 414, 'direct', '2020-12-28 02:48:10');
INSERT INTO Occupancies(RoomNo, Date, ResID) VALUES (202, '2021-12-01', 414);
INSERT INTO Occupancies(RoomNo, Date, ResID) VALUES (202, '2021-12-02', 414);
INSERT INTO Occupancies(RoomNo, Date, ResID) VALUES (202, '2021-12-03', 414);
INSERT INTO Occupancies(RoomNo, Date, ResID) VALUES (202, '2021-12-04', 414);
INSERT INTO Occupancies(RoomNo, Date, ResID) VALUES (202, '2021-12-05', 414);
#415
INSERT INTO Customers(Fname, Lname, Phone, Email) VALUES ("Naomie", "Rosenbaum", '572-590-3678', "Naomie_Rosenbaum@gmail.com");
INSERT INTO Reservations(ID, StartDate, EndDate, NumGuests, CustomerID, Source, BookedAt) VALUES(415, '2020-12-19', '2020-12-24', 1, 415, 'direct', '2020-12-28 02:48:10');
INSERT INTO Occupancies(RoomNo, Date, ResID) VALUES (105, '2020-12-19', 415);
INSERT INTO Occupancies(RoomNo, Date, ResID) VALUES (105, '2020-12-20', 415);
INSERT INTO Occupancies(RoomNo, Date, ResID) VALUES (105, '2020-12-21', 415);
INSERT INTO Occupancies(RoomNo, Date, ResID) VALUES (105, '2020-12-22', 415);
INSERT INTO Occupancies(RoomNo, Date, ResID) VALUES (105, '2020-12-23', 415);
#416
INSERT INTO Customers(Fname, Lname, Phone, Email) VALUES ("Lori", "Wisoky", '374-854-3738', "Lori_Wisoky@gmail.com");
INSERT INTO Reservations(ID, StartDate, EndDate, NumGuests, CustomerID, Source, BookedAt) VALUES(416, '2020-03-01', '2020-03-02', 3, 416, 'OTA', '2020-12-28 02:48:10');
INSERT INTO Occupancies(RoomNo, Date, ResID) VALUES (103, '2020-03-01', 416);
#417
INSERT INTO Customers(Fname, Lname, Phone, Email) VALUES ("Loren", "Baumbach", '921-783-5394', "Loren_Baumbach@gmail.com");
INSERT INTO Reservations(ID, StartDate, EndDate, NumGuests, CustomerID, Source, BookedAt) VALUES(417, '2020-01-11', '2020-01-15', 2, 417, 'OTA', '2020-12-28 02:48:10');
INSERT INTO Occupancies(RoomNo, Date, ResID) VALUES (305, '2020-01-11', 417);
INSERT INTO Occupancies(RoomNo, Date, ResID) VALUES (305, '2020-01-12', 417);
INSERT INTO Occupancies(RoomNo, Date, ResID) VALUES (305, '2020-01-13', 417);
INSERT INTO Occupancies(RoomNo, Date, ResID) VALUES (305, '2020-01-14', 417);
#418
INSERT INTO Customers(Fname, Lname, Phone, Email) VALUES ("Era", "Torp", '263-779-7249', "Era_Torp@gmail.com");
INSERT INTO Reservations(ID, StartDate, EndDate, NumGuests, CustomerID, Source, BookedAt) VALUES(418, '2021-06-24', '2021-06-28', 4, 418, 'direct', '2020-12-28 02:48:10');
INSERT INTO Occupancies(RoomNo, Date, ResID) VALUES (304, '2021-06-24', 418);
INSERT INTO Occupancies(RoomNo, Date, ResID) VALUES (304, '2021-06-25', 418);
INSERT INTO Occupancies(RoomNo, Date, ResID) VALUES (304, '2021-06-26', 418);
INSERT INTO Occupancies(RoomNo, Date, ResID) VALUES (304, '2021-06-27', 418);
#419
INSERT INTO Customers(Fname, Lname, Phone, Email) VALUES ("Coralie", "Gusikowski", '810-506-4934', "Coralie_Gusikowski@gmail.com");
INSERT INTO Reservations(ID, StartDate, EndDate, NumGuests, CustomerID, Source, BookedAt) VALUES(419, '2020-04-15', '2020-04-16', 2, 419, 'direct', '2020-12-28 02:48:10');
INSERT INTO Occupancies(RoomNo, Date, ResID) VALUES (405, '2020-04-15', 419);
#420
INSERT INTO Customers(Fname, Lname, Phone, Email) VALUES ("Timmothy", "Kub", '666-243-6989', "Timmothy_Kub@gmail.com");
INSERT INTO Reservations(ID, StartDate, EndDate, NumGuests, CustomerID, Source, BookedAt) VALUES(420, '2020-02-13', '2020-02-16', 4, 420, 'OTA', '2020-12-28 02:48:10');
INSERT INTO Occupancies(RoomNo, Date, ResID) VALUES (302, '2020-02-13', 420);
INSERT INTO Occupancies(RoomNo, Date, ResID) VALUES (302, '2020-02-14', 420);
INSERT INTO Occupancies(RoomNo, Date, ResID) VALUES (302, '2020-02-15', 420);
#421
INSERT INTO Customers(Fname, Lname, Phone, Email) VALUES ("Orpha", "Rice", '286-443-0744', "Orpha_Rice@gmail.com");
INSERT INTO Reservations(ID, StartDate, EndDate, NumGuests, CustomerID, Source, BookedAt) VALUES(421, '2020-08-10', '2020-08-14', 2, 421, 'direct', '2020-12-28 02:48:10');
INSERT INTO Occupancies(RoomNo, Date, ResID) VALUES (101, '2020-08-10', 421);
INSERT INTO Occupancies(RoomNo, Date, ResID) VALUES (101, '2020-08-11', 421);
INSERT INTO Occupancies(RoomNo, Date, ResID) VALUES (101, '2020-08-12', 421);
INSERT INTO Occupancies(RoomNo, Date, ResID) VALUES (101, '2020-08-13', 421);
#422
INSERT INTO Customers(Fname, Lname, Phone, Email) VALUES ("Madeline", "Barrows", '820-381-6121', "Madeline_Barrows@gmail.com");
INSERT INTO Reservations(ID, StartDate, EndDate, NumGuests, CustomerID, Source, BookedAt) VALUES(422, '2021-04-10', '2021-04-11', 5, 422, 'agency', '2020-12-28 02:48:10');
INSERT INTO Occupancies(RoomNo, Date, ResID) VALUES (102, '2021-04-10', 422);
#423
INSERT INTO Customers(Fname, Lname, Phone, Email) VALUES ("Silas", "Leannon", '597-912-3910', "Silas_Leannon@gmail.com");
INSERT INTO Reservations(ID, StartDate, EndDate, NumGuests, CustomerID, Source, BookedAt) VALUES(423, '2020-01-07', '2020-01-12', 1, 423, 'corporate', '2020-12-28 02:48:10');
INSERT INTO Occupancies(RoomNo, Date, ResID) VALUES (203, '2020-01-07', 423);
INSERT INTO Occupancies(RoomNo, Date, ResID) VALUES (203, '2020-01-08', 423);
INSERT INTO Occupancies(RoomNo, Date, ResID) VALUES (203, '2020-01-09', 423);
INSERT INTO Occupancies(RoomNo, Date, ResID) VALUES (203, '2020-01-10', 423);
INSERT INTO Occupancies(RoomNo, Date, ResID) VALUES (203, '2020-01-11', 423);
#424
INSERT INTO Customers(Fname, Lname, Phone, Email) VALUES ("Terrance", "McClure", '421-589-8478', "Terrance_McClure@gmail.com");
INSERT INTO Reservations(ID, StartDate, EndDate, NumGuests, CustomerID, Source, BookedAt) VALUES(424, '2020-03-20', '2020-03-22', 5, 424, 'direct', '2020-12-28 02:48:10');
INSERT INTO Occupancies(RoomNo, Date, ResID) VALUES (402, '2020-03-20', 424);
INSERT INTO Occupancies(RoomNo, Date, ResID) VALUES (402, '2020-03-21', 424);
#425
INSERT INTO Customers(Fname, Lname, Phone, Email) VALUES ("Jaquelin", "Lesch", '780-451-4735', "Jaquelin_Lesch@gmail.com");
INSERT INTO Reservations(ID, StartDate, EndDate, NumGuests, CustomerID, Source, BookedAt) VALUES(425, '2020-04-16', '2020-04-17', 2, 425, 'OTA', '2020-12-28 02:48:10');
INSERT INTO Occupancies(RoomNo, Date, ResID) VALUES (103, '2020-04-16', 425);
#426
INSERT INTO Customers(Fname, Lname, Phone, Email) VALUES ("Maxie", "McDermott", '304-267-9251', "Maxie_McDermott@gmail.com");
INSERT INTO Reservations(ID, StartDate, EndDate, NumGuests, CustomerID, Source, BookedAt) VALUES(426, '2020-03-27', '2020-03-29', 4, 426, 'OTA', '2020-12-28 02:48:10');
INSERT INTO Occupancies(RoomNo, Date, ResID) VALUES (201, '2020-03-27', 426);
INSERT INTO Occupancies(RoomNo, Date, ResID) VALUES (201, '2020-03-28', 426);
#427
INSERT INTO Customers(Fname, Lname, Phone, Email) VALUES ("Garrick", "Botsford", '247-795-2225', "Garrick_Botsford@gmail.com");
INSERT INTO Reservations(ID, StartDate, EndDate, NumGuests, CustomerID, Source, BookedAt) VALUES(427, '2021-10-21', '2021-10-24', 5, 427, 'OTA', '2020-12-28 02:48:10');
INSERT INTO Occupancies(RoomNo, Date, ResID) VALUES (105, '2021-10-21', 427);
INSERT INTO Occupancies(RoomNo, Date, ResID) VALUES (105, '2021-10-22', 427);
INSERT INTO Occupancies(RoomNo, Date, ResID) VALUES (105, '2021-10-23', 427);
#428
INSERT INTO Customers(Fname, Lname, Phone, Email) VALUES ("Abdul", "Nader", '669-339-9114', "Abdul_Nader@gmail.com");
INSERT INTO Reservations(ID, StartDate, EndDate, NumGuests, CustomerID, Source, BookedAt) VALUES(428, '2020-09-24', '2020-09-27', 2, 428, 'OTA', '2020-12-28 02:48:10');
INSERT INTO Occupancies(RoomNo, Date, ResID) VALUES (104, '2020-09-24', 428);
INSERT INTO Occupancies(RoomNo, Date, ResID) VALUES (104, '2020-09-25', 428);
INSERT INTO Occupancies(RoomNo, Date, ResID) VALUES (104, '2020-09-26', 428);
#429
INSERT INTO Customers(Fname, Lname, Phone, Email) VALUES ("Jordon", "Koepp", '280-868-9595', "Jordon_Koepp@gmail.com");
INSERT INTO Reservations(ID, StartDate, EndDate, NumGuests, CustomerID, Source, BookedAt) VALUES(429, '2020-02-05', '2020-02-09', 1, 429, 'direct', '2020-12-28 02:48:10');
INSERT INTO Occupancies(RoomNo, Date, ResID) VALUES (301, '2020-02-05', 429);
INSERT INTO Occupancies(RoomNo, Date, ResID) VALUES (301, '2020-02-06', 429);
INSERT INTO Occupancies(RoomNo, Date, ResID) VALUES (301, '2020-02-07', 429);
INSERT INTO Occupancies(RoomNo, Date, ResID) VALUES (301, '2020-02-08', 429);
#430
INSERT INTO Customers(Fname, Lname, Phone, Email) VALUES ("Andre", "Kertzmann", '293-329-3797', "Andre_Kertzmann@gmail.com");
INSERT INTO Reservations(ID, StartDate, EndDate, NumGuests, CustomerID, Source, BookedAt) VALUES(430, '2020-08-01', '2020-08-06', 5, 430, 'direct', '2020-12-28 02:48:10');
INSERT INTO Occupancies(RoomNo, Date, ResID) VALUES (204, '2020-08-01', 430);
INSERT INTO Occupancies(RoomNo, Date, ResID) VALUES (204, '2020-08-02', 430);
INSERT INTO Occupancies(RoomNo, Date, ResID) VALUES (204, '2020-08-03', 430);
INSERT INTO Occupancies(RoomNo, Date, ResID) VALUES (204, '2020-08-04', 430);
INSERT INTO Occupancies(RoomNo, Date, ResID) VALUES (204, '2020-08-05', 430);
#431
INSERT INTO Customers(Fname, Lname, Phone, Email) VALUES ("Maiya", "Bartoletti", '625-339-1311', "Maiya_Bartoletti@gmail.com");
INSERT INTO Reservations(ID, StartDate, EndDate, NumGuests, CustomerID, Source, BookedAt) VALUES(431, '2020-07-22', '2020-07-23', 2, 431, 'direct', '2020-12-28 02:48:10');
INSERT INTO Occupancies(RoomNo, Date, ResID) VALUES (306, '2020-07-22', 431);
#432
INSERT INTO Customers(Fname, Lname, Phone, Email) VALUES ("Jacey", "Moen", '875-292-6996', "Jacey_Moen@gmail.com");
INSERT INTO Reservations(ID, StartDate, EndDate, NumGuests, CustomerID, Source, BookedAt) VALUES(432, '2020-05-15', '2020-05-18', 5, 432, 'agency', '2020-12-28 02:48:10');
INSERT INTO Occupancies(RoomNo, Date, ResID) VALUES (503, '2020-05-15', 432);
INSERT INTO Occupancies(RoomNo, Date, ResID) VALUES (503, '2020-05-16', 432);
INSERT INTO Occupancies(RoomNo, Date, ResID) VALUES (503, '2020-05-17', 432);
#433
INSERT INTO Customers(Fname, Lname, Phone, Email) VALUES ("Julianne", "Schroeder", '300-350-4390', "Julianne_Schroeder@gmail.com");
INSERT INTO Reservations(ID, StartDate, EndDate, NumGuests, CustomerID, Source, BookedAt) VALUES(433, '2020-07-21', '2020-07-23', 1, 433, 'direct', '2020-12-28 02:48:10');
INSERT INTO Occupancies(RoomNo, Date, ResID) VALUES (504, '2020-07-21', 433);
INSERT INTO Occupancies(RoomNo, Date, ResID) VALUES (504, '2020-07-22', 433);
#434
INSERT INTO Customers(Fname, Lname, Phone, Email) VALUES ("Dallas", "Swift", '341-776-2273', "Dallas_Swift@gmail.com");
INSERT INTO Reservations(ID, StartDate, EndDate, NumGuests, CustomerID, Source, BookedAt) VALUES(434, '2020-02-23', '2020-02-25', 1, 434, 'agency', '2020-12-28 02:48:10');
INSERT INTO Occupancies(RoomNo, Date, ResID) VALUES (202, '2020-02-23', 434);
INSERT INTO Occupancies(RoomNo, Date, ResID) VALUES (202, '2020-02-24', 434);
#435
INSERT INTO Customers(Fname, Lname, Phone, Email) VALUES ("Kathleen", "Brakus", '602-951-2777', "Kathleen_Brakus@gmail.com");
INSERT INTO Reservations(ID, StartDate, EndDate, NumGuests, CustomerID, Source, BookedAt) VALUES(435, '2020-09-22', '2020-09-24', 3, 435, 'OTA', '2020-12-28 02:48:10');
INSERT INTO Occupancies(RoomNo, Date, ResID) VALUES (306, '2020-09-22', 435);
INSERT INTO Occupancies(RoomNo, Date, ResID) VALUES (306, '2020-09-23', 435);
#436
INSERT INTO Customers(Fname, Lname, Phone, Email) VALUES ("Allene", "Oberbrunner", '392-895-4862', "Allene_Oberbrunner@gmail.com");
INSERT INTO Reservations(ID, StartDate, EndDate, NumGuests, CustomerID, Source, BookedAt) VALUES(436, '2020-02-21', '2020-02-26', 5, 436, 'OTA', '2020-12-28 02:48:10');
INSERT INTO Occupancies(RoomNo, Date, ResID) VALUES (404, '2020-02-21', 436);
INSERT INTO Occupancies(RoomNo, Date, ResID) VALUES (404, '2020-02-22', 436);
INSERT INTO Occupancies(RoomNo, Date, ResID) VALUES (404, '2020-02-23', 436);
INSERT INTO Occupancies(RoomNo, Date, ResID) VALUES (404, '2020-02-24', 436);
INSERT INTO Occupancies(RoomNo, Date, ResID) VALUES (404, '2020-02-25', 436);
#437
INSERT INTO Customers(Fname, Lname, Phone, Email) VALUES ("Dejah", "Jast", '942-469-2338', "Dejah_Jast@gmail.com");
INSERT INTO Reservations(ID, StartDate, EndDate, NumGuests, CustomerID, Source, BookedAt) VALUES(437, '2020-09-10', '2020-09-14', 4, 437, 'OTA', '2020-12-28 02:48:10');
INSERT INTO Occupancies(RoomNo, Date, ResID) VALUES (302, '2020-09-10', 437);
INSERT INTO Occupancies(RoomNo, Date, ResID) VALUES (302, '2020-09-11', 437);
INSERT INTO Occupancies(RoomNo, Date, ResID) VALUES (302, '2020-09-12', 437);
INSERT INTO Occupancies(RoomNo, Date, ResID) VALUES (302, '2020-09-13', 437);
#438
INSERT INTO Customers(Fname, Lname, Phone, Email) VALUES ("Claudie", "Mertz", '682-357-0705', "Claudie_Mertz@gmail.com");
INSERT INTO Reservations(ID, StartDate, EndDate, NumGuests, CustomerID, Source, BookedAt) VALUES(438, '2020-05-25', '2020-05-29', 5, 438, 'direct', '2020-12-28 02:48:10');
INSERT INTO Occupancies(RoomNo, Date, ResID) VALUES (501, '2020-05-25', 438);
INSERT INTO Occupancies(RoomNo, Date, ResID) VALUES (501, '2020-05-26', 438);
INSERT INTO Occupancies(RoomNo, Date, ResID) VALUES (501, '2020-05-27', 438);
INSERT INTO Occupancies(RoomNo, Date, ResID) VALUES (501, '2020-05-28', 438);
#439
INSERT INTO Customers(Fname, Lname, Phone, Email) VALUES ("Jessyca", "Treutel", '910-248-8263', "Jessyca_Treutel@gmail.com");
INSERT INTO Reservations(ID, StartDate, EndDate, NumGuests, CustomerID, Source, BookedAt) VALUES(439, '2020-02-18', '2020-02-19', 2, 439, 'agency', '2020-12-28 02:48:10');
INSERT INTO Occupancies(RoomNo, Date, ResID) VALUES (506, '2020-02-18', 439);
#440
INSERT INTO Customers(Fname, Lname, Phone, Email) VALUES ("Arnulfo", "Mann", '842-490-8042', "Arnulfo_Mann@gmail.com");
INSERT INTO Reservations(ID, StartDate, EndDate, NumGuests, CustomerID, Source, BookedAt) VALUES(440, '2020-03-24', '2020-03-28', 5, 440, 'direct', '2020-12-28 02:48:10');
INSERT INTO Occupancies(RoomNo, Date, ResID) VALUES (501, '2020-03-24', 440);
INSERT INTO Occupancies(RoomNo, Date, ResID) VALUES (501, '2020-03-25', 440);
INSERT INTO Occupancies(RoomNo, Date, ResID) VALUES (501, '2020-03-26', 440);
INSERT INTO Occupancies(RoomNo, Date, ResID) VALUES (501, '2020-03-27', 440);
#441
INSERT INTO Customers(Fname, Lname, Phone, Email) VALUES ("Emiliano", "Pouros", '454-400-8362', "Emiliano_Pouros@gmail.com");
INSERT INTO Reservations(ID, StartDate, EndDate, NumGuests, CustomerID, Source, BookedAt) VALUES(441, '2020-08-05', '2020-08-09', 1, 441, 'OTA', '2020-12-28 02:48:10');
INSERT INTO Occupancies(RoomNo, Date, ResID) VALUES (404, '2020-08-05', 441);
INSERT INTO Occupancies(RoomNo, Date, ResID) VALUES (404, '2020-08-06', 441);
INSERT INTO Occupancies(RoomNo, Date, ResID) VALUES (404, '2020-08-07', 441);
INSERT INTO Occupancies(RoomNo, Date, ResID) VALUES (404, '2020-08-08', 441);
#442
INSERT INTO Customers(Fname, Lname, Phone, Email) VALUES ("Agustina", "Adams", '325-296-2268', "Agustina_Adams@gmail.com");
INSERT INTO Reservations(ID, StartDate, EndDate, NumGuests, CustomerID, Source, BookedAt) VALUES(442, '2020-03-11', '2020-03-16', 2, 442, 'OTA', '2020-12-28 02:48:10');
INSERT INTO Occupancies(RoomNo, Date, ResID) VALUES (204, '2020-03-11', 442);
INSERT INTO Occupancies(RoomNo, Date, ResID) VALUES (204, '2020-03-12', 442);
INSERT INTO Occupancies(RoomNo, Date, ResID) VALUES (204, '2020-03-13', 442);
INSERT INTO Occupancies(RoomNo, Date, ResID) VALUES (204, '2020-03-14', 442);
INSERT INTO Occupancies(RoomNo, Date, ResID) VALUES (204, '2020-03-15', 442);
#443
INSERT INTO Customers(Fname, Lname, Phone, Email) VALUES ("Noe", "Mertz", '525-507-3202', "Noe_Mertz@gmail.com");
INSERT INTO Reservations(ID, StartDate, EndDate, NumGuests, CustomerID, Source, BookedAt) VALUES(443, '2021-04-24', '2021-04-29', 2, 443, 'agency', '2020-12-28 02:48:10');
INSERT INTO Occupancies(RoomNo, Date, ResID) VALUES (302, '2021-04-24', 443);
INSERT INTO Occupancies(RoomNo, Date, ResID) VALUES (302, '2021-04-25', 443);
INSERT INTO Occupancies(RoomNo, Date, ResID) VALUES (302, '2021-04-26', 443);
INSERT INTO Occupancies(RoomNo, Date, ResID) VALUES (302, '2021-04-27', 443);
INSERT INTO Occupancies(RoomNo, Date, ResID) VALUES (302, '2021-04-28', 443);
#444
INSERT INTO Customers(Fname, Lname, Phone, Email) VALUES ("Phoebe", "Hermann", '255-812-9209', "Phoebe_Hermann@gmail.com");
INSERT INTO Reservations(ID, StartDate, EndDate, NumGuests, CustomerID, Source, BookedAt) VALUES(444, '2021-12-10', '2021-12-13', 2, 444, 'agency', '2020-12-28 02:48:10');
INSERT INTO Occupancies(RoomNo, Date, ResID) VALUES (206, '2021-12-10', 444);
INSERT INTO Occupancies(RoomNo, Date, ResID) VALUES (206, '2021-12-11', 444);
INSERT INTO Occupancies(RoomNo, Date, ResID) VALUES (206, '2021-12-12', 444);
#445
INSERT INTO Customers(Fname, Lname, Phone, Email) VALUES ("Enos", "Miller", '377-251-2082', "Enos_Miller@gmail.com");
INSERT INTO Reservations(ID, StartDate, EndDate, NumGuests, CustomerID, Source, BookedAt) VALUES(445, '2021-03-10', '2021-03-11', 3, 445, 'direct', '2020-12-28 02:48:10');
INSERT INTO Occupancies(RoomNo, Date, ResID) VALUES (504, '2021-03-10', 445);
#446
INSERT INTO Customers(Fname, Lname, Phone, Email) VALUES ("Paula", "Dietrich", '972-916-3716', "Paula_Dietrich@gmail.com");
INSERT INTO Reservations(ID, StartDate, EndDate, NumGuests, CustomerID, Source, BookedAt) VALUES(446, '2020-05-23', '2020-05-26', 1, 446, 'direct', '2020-12-28 02:48:10');
INSERT INTO Occupancies(RoomNo, Date, ResID) VALUES (204, '2020-05-23', 446);
INSERT INTO Occupancies(RoomNo, Date, ResID) VALUES (204, '2020-05-24', 446);
INSERT INTO Occupancies(RoomNo, Date, ResID) VALUES (204, '2020-05-25', 446);
#447
INSERT INTO Customers(Fname, Lname, Phone, Email) VALUES ("Lizzie", "Grant", '921-508-0364', "Lizzie_Grant@gmail.com");
INSERT INTO Reservations(ID, StartDate, EndDate, NumGuests, CustomerID, Source, BookedAt) VALUES(447, '2021-10-10', '2021-10-15', 3, 447, 'corporate', '2020-12-28 02:48:10');
INSERT INTO Occupancies(RoomNo, Date, ResID) VALUES (306, '2021-10-10', 447);
INSERT INTO Occupancies(RoomNo, Date, ResID) VALUES (306, '2021-10-11', 447);
INSERT INTO Occupancies(RoomNo, Date, ResID) VALUES (306, '2021-10-12', 447);
INSERT INTO Occupancies(RoomNo, Date, ResID) VALUES (306, '2021-10-13', 447);
INSERT INTO Occupancies(RoomNo, Date, ResID) VALUES (306, '2021-10-14', 447);
#448
INSERT INTO Customers(Fname, Lname, Phone, Email) VALUES ("Declan", "Borer", '376-343-3452', "Declan_Borer@gmail.com");
INSERT INTO Reservations(ID, StartDate, EndDate, NumGuests, CustomerID, Source, BookedAt) VALUES(448, '2021-08-01', '2021-08-05', 4, 448, 'corporate', '2020-12-28 02:48:10');
INSERT INTO Occupancies(RoomNo, Date, ResID) VALUES (306, '2021-08-01', 448);
INSERT INTO Occupancies(RoomNo, Date, ResID) VALUES (306, '2021-08-02', 448);
INSERT INTO Occupancies(RoomNo, Date, ResID) VALUES (306, '2021-08-03', 448);
INSERT INTO Occupancies(RoomNo, Date, ResID) VALUES (306, '2021-08-04', 448);
#449
INSERT INTO Customers(Fname, Lname, Phone, Email) VALUES ("Charles", "Bayer", '690-539-7377', "Charles_Bayer@gmail.com");
INSERT INTO Reservations(ID, StartDate, EndDate, NumGuests, CustomerID, Source, BookedAt) VALUES(449, '2020-01-14', '2020-01-19', 1, 449, 'OTA', '2020-12-28 02:48:10');
INSERT INTO Occupancies(RoomNo, Date, ResID) VALUES (505, '2020-01-14', 449);
INSERT INTO Occupancies(RoomNo, Date, ResID) VALUES (505, '2020-01-15', 449);
INSERT INTO Occupancies(RoomNo, Date, ResID) VALUES (505, '2020-01-16', 449);
INSERT INTO Occupancies(RoomNo, Date, ResID) VALUES (505, '2020-01-17', 449);
INSERT INTO Occupancies(RoomNo, Date, ResID) VALUES (505, '2020-01-18', 449);
#450
INSERT INTO Customers(Fname, Lname, Phone, Email) VALUES ("Bobby", "Harber", '520-541-1429', "Bobby_Harber@gmail.com");
INSERT INTO Reservations(ID, StartDate, EndDate, NumGuests, CustomerID, Source, BookedAt) VALUES(450, '2021-10-10', '2021-10-13', 1, 450, 'corporate', '2020-12-28 02:48:10');
INSERT INTO Occupancies(RoomNo, Date, ResID) VALUES (204, '2021-10-10', 450);
INSERT INTO Occupancies(RoomNo, Date, ResID) VALUES (204, '2021-10-11', 450);
INSERT INTO Occupancies(RoomNo, Date, ResID) VALUES (204, '2021-10-12', 450);
#451
INSERT INTO Customers(Fname, Lname, Phone, Email) VALUES ("Monty", "Legros", '225-924-1214', "Monty_Legros@gmail.com");
INSERT INTO Reservations(ID, StartDate, EndDate, NumGuests, CustomerID, Source, BookedAt) VALUES(451, '2020-05-19', '2020-05-23', 5, 451, 'direct', '2020-12-28 02:48:10');
INSERT INTO Occupancies(RoomNo, Date, ResID) VALUES (102, '2020-05-19', 451);
INSERT INTO Occupancies(RoomNo, Date, ResID) VALUES (102, '2020-05-20', 451);
INSERT INTO Occupancies(RoomNo, Date, ResID) VALUES (102, '2020-05-21', 451);
INSERT INTO Occupancies(RoomNo, Date, ResID) VALUES (102, '2020-05-22', 451);
#452
INSERT INTO Customers(Fname, Lname, Phone, Email) VALUES ("Enrique", "Weissnat", '824-954-6152', "Enrique_Weissnat@gmail.com");
INSERT INTO Reservations(ID, StartDate, EndDate, NumGuests, CustomerID, Source, BookedAt) VALUES(452, '2020-01-30', '2020-02-02', 2, 452, 'OTA', '2020-12-28 02:48:10');
INSERT INTO Occupancies(RoomNo, Date, ResID) VALUES (303, '2020-01-30', 452);
INSERT INTO Occupancies(RoomNo, Date, ResID) VALUES (303, '2020-01-31', 452);
INSERT INTO Occupancies(RoomNo, Date, ResID) VALUES (303, '2020-02-01', 452);
#453
INSERT INTO Customers(Fname, Lname, Phone, Email) VALUES ("Hobart", "Rowe", '813-627-8896', "Hobart_Rowe@gmail.com");
INSERT INTO Reservations(ID, StartDate, EndDate, NumGuests, CustomerID, Source, BookedAt) VALUES(453, '2020-12-03', '2020-12-08', 1, 453, 'direct', '2020-12-28 02:48:10');
INSERT INTO Occupancies(RoomNo, Date, ResID) VALUES (302, '2020-12-03', 453);
INSERT INTO Occupancies(RoomNo, Date, ResID) VALUES (302, '2020-12-04', 453);
INSERT INTO Occupancies(RoomNo, Date, ResID) VALUES (302, '2020-12-05', 453);
INSERT INTO Occupancies(RoomNo, Date, ResID) VALUES (302, '2020-12-06', 453);
INSERT INTO Occupancies(RoomNo, Date, ResID) VALUES (302, '2020-12-07', 453);
#454
INSERT INTO Customers(Fname, Lname, Phone, Email) VALUES ("Willie", "MacGyver", '661-389-4778', "Willie_MacGyver@gmail.com");
INSERT INTO Reservations(ID, StartDate, EndDate, NumGuests, CustomerID, Source, BookedAt) VALUES(454, '2021-12-01', '2021-12-04', 5, 454, 'agency', '2020-12-28 02:48:10');
INSERT INTO Occupancies(RoomNo, Date, ResID) VALUES (501, '2021-12-01', 454);
INSERT INTO Occupancies(RoomNo, Date, ResID) VALUES (501, '2021-12-02', 454);
INSERT INTO Occupancies(RoomNo, Date, ResID) VALUES (501, '2021-12-03', 454);
#455
INSERT INTO Customers(Fname, Lname, Phone, Email) VALUES ("Melissa", "Kulas", '681-285-8672', "Melissa_Kulas@gmail.com");
INSERT INTO Reservations(ID, StartDate, EndDate, NumGuests, CustomerID, Source, BookedAt) VALUES(455, '2020-06-19', '2020-06-22', 3, 455, 'direct', '2020-12-28 02:48:10');
INSERT INTO Occupancies(RoomNo, Date, ResID) VALUES (102, '2020-06-19', 455);
INSERT INTO Occupancies(RoomNo, Date, ResID) VALUES (102, '2020-06-20', 455);
INSERT INTO Occupancies(RoomNo, Date, ResID) VALUES (102, '2020-06-21', 455);
#456
INSERT INTO Customers(Fname, Lname, Phone, Email) VALUES ("Alexzander", "Mertz", '281-684-1011', "Alexzander_Mertz@gmail.com");
INSERT INTO Reservations(ID, StartDate, EndDate, NumGuests, CustomerID, Source, BookedAt) VALUES(456, '2021-09-15', '2021-09-20', 1, 456, 'direct', '2020-12-28 02:48:10');
INSERT INTO Occupancies(RoomNo, Date, ResID) VALUES (203, '2021-09-15', 456);
INSERT INTO Occupancies(RoomNo, Date, ResID) VALUES (203, '2021-09-16', 456);
INSERT INTO Occupancies(RoomNo, Date, ResID) VALUES (203, '2021-09-17', 456);
INSERT INTO Occupancies(RoomNo, Date, ResID) VALUES (203, '2021-09-18', 456);
INSERT INTO Occupancies(RoomNo, Date, ResID) VALUES (203, '2021-09-19', 456);
#457
INSERT INTO Customers(Fname, Lname, Phone, Email) VALUES ("Darrel", "Schuster", '456-901-1057', "Darrel_Schuster@gmail.com");
INSERT INTO Reservations(ID, StartDate, EndDate, NumGuests, CustomerID, Source, BookedAt) VALUES(457, '2021-11-09', '2021-11-13', 1, 457, 'OTA', '2020-12-28 02:48:10');
INSERT INTO Occupancies(RoomNo, Date, ResID) VALUES (104, '2021-11-09', 457);
INSERT INTO Occupancies(RoomNo, Date, ResID) VALUES (104, '2021-11-10', 457);
INSERT INTO Occupancies(RoomNo, Date, ResID) VALUES (104, '2021-11-11', 457);
INSERT INTO Occupancies(RoomNo, Date, ResID) VALUES (104, '2021-11-12', 457);
#458
INSERT INTO Customers(Fname, Lname, Phone, Email) VALUES ("Frederick", "Goyette", '448-710-9882', "Frederick_Goyette@gmail.com");
INSERT INTO Reservations(ID, StartDate, EndDate, NumGuests, CustomerID, Source, BookedAt) VALUES(458, '2020-11-11', '2020-11-13', 5, 458, 'OTA', '2020-12-28 02:48:10');
INSERT INTO Occupancies(RoomNo, Date, ResID) VALUES (106, '2020-11-11', 458);
INSERT INTO Occupancies(RoomNo, Date, ResID) VALUES (106, '2020-11-12', 458);
#459
INSERT INTO Customers(Fname, Lname, Phone, Email) VALUES ("Jovani", "Bradtke", '901-651-6000', "Jovani_Bradtke@gmail.com");
INSERT INTO Reservations(ID, StartDate, EndDate, NumGuests, CustomerID, Source, BookedAt) VALUES(459, '2020-11-24', '2020-11-25', 4, 459, 'direct', '2020-12-28 02:48:10');
INSERT INTO Occupancies(RoomNo, Date, ResID) VALUES (506, '2020-11-24', 459);
#460
INSERT INTO Customers(Fname, Lname, Phone, Email) VALUES ("Keanu", "Parisian", '235-921-2760', "Keanu_Parisian@gmail.com");
INSERT INTO Reservations(ID, StartDate, EndDate, NumGuests, CustomerID, Source, BookedAt) VALUES(460, '2020-12-01', '2020-12-06', 5, 460, 'agency', '2020-12-28 02:48:10');
INSERT INTO Occupancies(RoomNo, Date, ResID) VALUES (204, '2020-12-01', 460);
INSERT INTO Occupancies(RoomNo, Date, ResID) VALUES (204, '2020-12-02', 460);
INSERT INTO Occupancies(RoomNo, Date, ResID) VALUES (204, '2020-12-03', 460);
INSERT INTO Occupancies(RoomNo, Date, ResID) VALUES (204, '2020-12-04', 460);
INSERT INTO Occupancies(RoomNo, Date, ResID) VALUES (204, '2020-12-05', 460);
#461
INSERT INTO Customers(Fname, Lname, Phone, Email) VALUES ("Oran", "Koch", '809-484-0443', "Oran_Koch@gmail.com");
INSERT INTO Reservations(ID, StartDate, EndDate, NumGuests, CustomerID, Source, BookedAt) VALUES(461, '2020-10-14', '2020-10-17', 4, 461, 'agency', '2020-12-28 02:48:10');
INSERT INTO Occupancies(RoomNo, Date, ResID) VALUES (301, '2020-10-14', 461);
INSERT INTO Occupancies(RoomNo, Date, ResID) VALUES (301, '2020-10-15', 461);
INSERT INTO Occupancies(RoomNo, Date, ResID) VALUES (301, '2020-10-16', 461);
#462
INSERT INTO Customers(Fname, Lname, Phone, Email) VALUES ("Elliott", "Raynor", '250-354-0617', "Elliott_Raynor@gmail.com");
INSERT INTO Reservations(ID, StartDate, EndDate, NumGuests, CustomerID, Source, BookedAt) VALUES(462, '2020-08-11', '2020-08-15', 4, 462, 'direct', '2020-12-28 02:48:10');
INSERT INTO Occupancies(RoomNo, Date, ResID) VALUES (504, '2020-08-11', 462);
INSERT INTO Occupancies(RoomNo, Date, ResID) VALUES (504, '2020-08-12', 462);
INSERT INTO Occupancies(RoomNo, Date, ResID) VALUES (504, '2020-08-13', 462);
INSERT INTO Occupancies(RoomNo, Date, ResID) VALUES (504, '2020-08-14', 462);
#463
INSERT INTO Customers(Fname, Lname, Phone, Email) VALUES ("Mathew", "Hyatt", '449-889-8578', "Mathew_Hyatt@gmail.com");
INSERT INTO Reservations(ID, StartDate, EndDate, NumGuests, CustomerID, Source, BookedAt) VALUES(463, '2021-07-11', '2021-07-13', 5, 463, 'agency', '2020-12-28 02:48:10');
INSERT INTO Occupancies(RoomNo, Date, ResID) VALUES (401, '2021-07-11', 463);
INSERT INTO Occupancies(RoomNo, Date, ResID) VALUES (401, '2021-07-12', 463);
#464
INSERT INTO Customers(Fname, Lname, Phone, Email) VALUES ("Kamryn", "Christiansen", '645-234-4438', "Kamryn_Christiansen@gmail.com");
INSERT INTO Reservations(ID, StartDate, EndDate, NumGuests, CustomerID, Source, BookedAt) VALUES(464, '2020-11-25', '2020-11-26', 4, 464, 'direct', '2020-12-28 02:48:10');
INSERT INTO Occupancies(RoomNo, Date, ResID) VALUES (502, '2020-11-25', 464);
#465
INSERT INTO Customers(Fname, Lname, Phone, Email) VALUES ("Anjali", "Schaefer", '335-962-1726', "Anjali_Schaefer@gmail.com");
INSERT INTO Reservations(ID, StartDate, EndDate, NumGuests, CustomerID, Source, BookedAt) VALUES(465, '2020-03-31', '2020-04-01', 4, 465, 'OTA', '2020-12-28 02:48:10');
INSERT INTO Occupancies(RoomNo, Date, ResID) VALUES (303, '2020-03-31', 465);
#466
INSERT INTO Customers(Fname, Lname, Phone, Email) VALUES ("Trenton", "Larson", '585-460-4250', "Trenton_Larson@gmail.com");
INSERT INTO Reservations(ID, StartDate, EndDate, NumGuests, CustomerID, Source, BookedAt) VALUES(466, '2020-04-16', '2020-04-20', 2, 466, 'direct', '2020-12-28 02:48:10');
INSERT INTO Occupancies(RoomNo, Date, ResID) VALUES (205, '2020-04-16', 466);
INSERT INTO Occupancies(RoomNo, Date, ResID) VALUES (205, '2020-04-17', 466);
INSERT INTO Occupancies(RoomNo, Date, ResID) VALUES (205, '2020-04-18', 466);
INSERT INTO Occupancies(RoomNo, Date, ResID) VALUES (205, '2020-04-19', 466);
#467
INSERT INTO Customers(Fname, Lname, Phone, Email) VALUES ("Hillary", "Maggio", '782-774-2742', "Hillary_Maggio@gmail.com");
INSERT INTO Reservations(ID, StartDate, EndDate, NumGuests, CustomerID, Source, BookedAt) VALUES(467, '2020-08-13', '2020-08-14', 2, 467, 'OTA', '2020-12-28 02:48:10');
INSERT INTO Occupancies(RoomNo, Date, ResID) VALUES (306, '2020-08-13', 467);
#468
INSERT INTO Customers(Fname, Lname, Phone, Email) VALUES ("Crawford", "Bahringer", '779-870-0968', "Crawford_Bahringer@gmail.com");
INSERT INTO Reservations(ID, StartDate, EndDate, NumGuests, CustomerID, Source, BookedAt) VALUES(468, '2020-06-26', '2020-06-28', 1, 468, 'OTA', '2020-12-28 02:48:10');
INSERT INTO Occupancies(RoomNo, Date, ResID) VALUES (301, '2020-06-26', 468);
INSERT INTO Occupancies(RoomNo, Date, ResID) VALUES (301, '2020-06-27', 468);
#469
INSERT INTO Customers(Fname, Lname, Phone, Email) VALUES ("Gregory", "Rogahn", '692-443-8071', "Gregory_Rogahn@gmail.com");
INSERT INTO Reservations(ID, StartDate, EndDate, NumGuests, CustomerID, Source, BookedAt) VALUES(469, '2020-04-01', '2020-04-03', 5, 469, 'OTA', '2020-12-28 02:48:10');
INSERT INTO Occupancies(RoomNo, Date, ResID) VALUES (104, '2020-04-01', 469);
INSERT INTO Occupancies(RoomNo, Date, ResID) VALUES (104, '2020-04-02', 469);
#470
INSERT INTO Customers(Fname, Lname, Phone, Email) VALUES ("Keon", "Nolan", '251-299-8426', "Keon_Nolan@gmail.com");
INSERT INTO Reservations(ID, StartDate, EndDate, NumGuests, CustomerID, Source, BookedAt) VALUES(470, '2021-05-12', '2021-05-15', 2, 470, 'direct', '2020-12-28 02:48:10');
INSERT INTO Occupancies(RoomNo, Date, ResID) VALUES (102, '2021-05-12', 470);
INSERT INTO Occupancies(RoomNo, Date, ResID) VALUES (102, '2021-05-13', 470);
INSERT INTO Occupancies(RoomNo, Date, ResID) VALUES (102, '2021-05-14', 470);
#471
INSERT INTO Customers(Fname, Lname, Phone, Email) VALUES ("Liana", "Abbott", '847-303-7312', "Liana_Abbott@gmail.com");
INSERT INTO Reservations(ID, StartDate, EndDate, NumGuests, CustomerID, Source, BookedAt) VALUES(471, '2020-08-18', '2020-08-22', 3, 471, 'direct', '2020-12-28 02:48:10');
INSERT INTO Occupancies(RoomNo, Date, ResID) VALUES (204, '2020-08-18', 471);
INSERT INTO Occupancies(RoomNo, Date, ResID) VALUES (204, '2020-08-19', 471);
INSERT INTO Occupancies(RoomNo, Date, ResID) VALUES (204, '2020-08-20', 471);
INSERT INTO Occupancies(RoomNo, Date, ResID) VALUES (204, '2020-08-21', 471);
#472
INSERT INTO Customers(Fname, Lname, Phone, Email) VALUES ("Clark", "Prosacco", '212-462-7248', "Clark_Prosacco@gmail.com");
INSERT INTO Reservations(ID, StartDate, EndDate, NumGuests, CustomerID, Source, BookedAt) VALUES(472, '2020-09-04', '2020-09-08', 1, 472, 'direct', '2020-12-28 02:48:10');
INSERT INTO Occupancies(RoomNo, Date, ResID) VALUES (106, '2020-09-04', 472);
INSERT INTO Occupancies(RoomNo, Date, ResID) VALUES (106, '2020-09-05', 472);
INSERT INTO Occupancies(RoomNo, Date, ResID) VALUES (106, '2020-09-06', 472);
INSERT INTO Occupancies(RoomNo, Date, ResID) VALUES (106, '2020-09-07', 472);
#473
INSERT INTO Customers(Fname, Lname, Phone, Email) VALUES ("Jeanne", "Zboncak", '914-764-1352', "Jeanne_Zboncak@gmail.com");
INSERT INTO Reservations(ID, StartDate, EndDate, NumGuests, CustomerID, Source, BookedAt) VALUES(473, '2020-01-25', '2020-01-27', 2, 473, 'direct', '2020-12-28 02:48:10');
INSERT INTO Occupancies(RoomNo, Date, ResID) VALUES (101, '2020-01-25', 473);
INSERT INTO Occupancies(RoomNo, Date, ResID) VALUES (101, '2020-01-26', 473);
#474
INSERT INTO Customers(Fname, Lname, Phone, Email) VALUES ("Brannon", "Wilkinson", '392-270-1050', "Brannon_Wilkinson@gmail.com");
INSERT INTO Reservations(ID, StartDate, EndDate, NumGuests, CustomerID, Source, BookedAt) VALUES(474, '2020-08-27', '2020-08-28', 2, 474, 'OTA', '2020-12-28 02:48:10');
INSERT INTO Occupancies(RoomNo, Date, ResID) VALUES (403, '2020-08-27', 474);
#475
INSERT INTO Customers(Fname, Lname, Phone, Email) VALUES ("Jean", "Ondricka", '542-310-2263', "Jean_Ondricka@gmail.com");
INSERT INTO Reservations(ID, StartDate, EndDate, NumGuests, CustomerID, Source, BookedAt) VALUES(475, '2021-12-11', '2021-12-14', 4, 475, 'OTA', '2020-12-28 02:48:10');
INSERT INTO Occupancies(RoomNo, Date, ResID) VALUES (306, '2021-12-11', 475);
INSERT INTO Occupancies(RoomNo, Date, ResID) VALUES (306, '2021-12-12', 475);
INSERT INTO Occupancies(RoomNo, Date, ResID) VALUES (306, '2021-12-13', 475);
#476
INSERT INTO Customers(Fname, Lname, Phone, Email) VALUES ("Delia", "Jakubowski", '281-584-3520', "Delia_Jakubowski@gmail.com");
INSERT INTO Reservations(ID, StartDate, EndDate, NumGuests, CustomerID, Source, BookedAt) VALUES(476, '2020-09-03', '2020-09-05', 3, 476, 'OTA', '2020-12-28 02:48:10');
INSERT INTO Occupancies(RoomNo, Date, ResID) VALUES (401, '2020-09-03', 476);
INSERT INTO Occupancies(RoomNo, Date, ResID) VALUES (401, '2020-09-04', 476);
#477
INSERT INTO Customers(Fname, Lname, Phone, Email) VALUES ("Elisha", "Rolfson", '993-851-0003', "Elisha_Rolfson@gmail.com");
INSERT INTO Reservations(ID, StartDate, EndDate, NumGuests, CustomerID, Source, BookedAt) VALUES(477, '2020-10-11', '2020-10-13', 1, 477, 'OTA', '2020-12-28 02:48:10');
INSERT INTO Occupancies(RoomNo, Date, ResID) VALUES (303, '2020-10-11', 477);
INSERT INTO Occupancies(RoomNo, Date, ResID) VALUES (303, '2020-10-12', 477);
#478
INSERT INTO Customers(Fname, Lname, Phone, Email) VALUES ("Kelley", "Legros", '361-858-7363', "Kelley_Legros@gmail.com");
INSERT INTO Reservations(ID, StartDate, EndDate, NumGuests, CustomerID, Source, BookedAt) VALUES(478, '2021-10-30', '2021-10-31', 4, 478, 'corporate', '2020-12-28 02:48:10');
INSERT INTO Occupancies(RoomNo, Date, ResID) VALUES (505, '2021-10-30', 478);
#479
INSERT INTO Customers(Fname, Lname, Phone, Email) VALUES ("Margarita", "Mosciski", '738-837-1355', "Margarita_Mosciski@gmail.com");
INSERT INTO Reservations(ID, StartDate, EndDate, NumGuests, CustomerID, Source, BookedAt) VALUES(479, '2020-02-17', '2020-02-19', 2, 479, 'corporate', '2020-12-28 02:48:10');
INSERT INTO Occupancies(RoomNo, Date, ResID) VALUES (504, '2020-02-17', 479);
INSERT INTO Occupancies(RoomNo, Date, ResID) VALUES (504, '2020-02-18', 479);
#480
INSERT INTO Customers(Fname, Lname, Phone, Email) VALUES ("Darrell", "Schamberger", '545-628-0520', "Darrell_Schamberger@gmail.com");
INSERT INTO Reservations(ID, StartDate, EndDate, NumGuests, CustomerID, Source, BookedAt) VALUES(480, '2020-12-18', '2020-12-23', 5, 480, 'agency', '2020-12-28 02:48:10');
INSERT INTO Occupancies(RoomNo, Date, ResID) VALUES (203, '2020-12-18', 480);
INSERT INTO Occupancies(RoomNo, Date, ResID) VALUES (203, '2020-12-19', 480);
INSERT INTO Occupancies(RoomNo, Date, ResID) VALUES (203, '2020-12-20', 480);
INSERT INTO Occupancies(RoomNo, Date, ResID) VALUES (203, '2020-12-21', 480);
INSERT INTO Occupancies(RoomNo, Date, ResID) VALUES (203, '2020-12-22', 480);
#481
INSERT INTO Customers(Fname, Lname, Phone, Email) VALUES ("Georgianna", "Sanford", '603-976-0368', "Georgianna_Sanford@gmail.com");
INSERT INTO Reservations(ID, StartDate, EndDate, NumGuests, CustomerID, Source, BookedAt) VALUES(481, '2020-11-17', '2020-11-20', 5, 481, 'direct', '2020-12-28 02:48:10');
INSERT INTO Occupancies(RoomNo, Date, ResID) VALUES (304, '2020-11-17', 481);
INSERT INTO Occupancies(RoomNo, Date, ResID) VALUES (304, '2020-11-18', 481);
INSERT INTO Occupancies(RoomNo, Date, ResID) VALUES (304, '2020-11-19', 481);
#482
INSERT INTO Customers(Fname, Lname, Phone, Email) VALUES ("Helmer", "Purdy", '893-676-6935', "Helmer_Purdy@gmail.com");
INSERT INTO Reservations(ID, StartDate, EndDate, NumGuests, CustomerID, Source, BookedAt) VALUES(482, '2020-11-22', '2020-11-24', 4, 482, 'OTA', '2020-12-28 02:48:10');
INSERT INTO Occupancies(RoomNo, Date, ResID) VALUES (405, '2020-11-22', 482);
INSERT INTO Occupancies(RoomNo, Date, ResID) VALUES (405, '2020-11-23', 482);
#483
INSERT INTO Customers(Fname, Lname, Phone, Email) VALUES ("Florida", "Mann", '603-834-1021', "Florida_Mann@gmail.com");
INSERT INTO Reservations(ID, StartDate, EndDate, NumGuests, CustomerID, Source, BookedAt) VALUES(483, '2021-05-23', '2021-05-27', 4, 483, 'corporate', '2020-12-28 02:48:10');
INSERT INTO Occupancies(RoomNo, Date, ResID) VALUES (302, '2021-05-23', 483);
INSERT INTO Occupancies(RoomNo, Date, ResID) VALUES (302, '2021-05-24', 483);
INSERT INTO Occupancies(RoomNo, Date, ResID) VALUES (302, '2021-05-25', 483);
INSERT INTO Occupancies(RoomNo, Date, ResID) VALUES (302, '2021-05-26', 483);
#484
INSERT INTO Customers(Fname, Lname, Phone, Email) VALUES ("Johann", "McDermott", '794-477-2630', "Johann_McDermott@gmail.com");
INSERT INTO Reservations(ID, StartDate, EndDate, NumGuests, CustomerID, Source, BookedAt) VALUES(484, '2020-12-17', '2020-12-19', 3, 484, 'corporate', '2020-12-28 02:48:10');
INSERT INTO Occupancies(RoomNo, Date, ResID) VALUES (402, '2020-12-17', 484);
INSERT INTO Occupancies(RoomNo, Date, ResID) VALUES (402, '2020-12-18', 484);
#485
INSERT INTO Customers(Fname, Lname, Phone, Email) VALUES ("Pauline", "Abernathy", '926-713-7639', "Pauline_Abernathy@gmail.com");
INSERT INTO Reservations(ID, StartDate, EndDate, NumGuests, CustomerID, Source, BookedAt) VALUES(485, '2020-03-30', '2020-04-03', 3, 485, 'OTA', '2020-12-28 02:48:10');
INSERT INTO Occupancies(RoomNo, Date, ResID) VALUES (503, '2020-03-30', 485);
INSERT INTO Occupancies(RoomNo, Date, ResID) VALUES (503, '2020-03-31', 485);
INSERT INTO Occupancies(RoomNo, Date, ResID) VALUES (503, '2020-04-01', 485);
INSERT INTO Occupancies(RoomNo, Date, ResID) VALUES (503, '2020-04-02', 485);
#486
INSERT INTO Customers(Fname, Lname, Phone, Email) VALUES ("Connie", "Keeling", '978-425-4899', "Connie_Keeling@gmail.com");
INSERT INTO Reservations(ID, StartDate, EndDate, NumGuests, CustomerID, Source, BookedAt) VALUES(486, '2020-09-10', '2020-09-15', 2, 486, 'direct', '2020-12-28 02:48:10');
INSERT INTO Occupancies(RoomNo, Date, ResID) VALUES (202, '2020-09-10', 486);
INSERT INTO Occupancies(RoomNo, Date, ResID) VALUES (202, '2020-09-11', 486);
INSERT INTO Occupancies(RoomNo, Date, ResID) VALUES (202, '2020-09-12', 486);
INSERT INTO Occupancies(RoomNo, Date, ResID) VALUES (202, '2020-09-13', 486);
INSERT INTO Occupancies(RoomNo, Date, ResID) VALUES (202, '2020-09-14', 486);
#487
INSERT INTO Customers(Fname, Lname, Phone, Email) VALUES ("Tomasa", "Wolf", '262-791-7311', "Tomasa_Wolf@gmail.com");
INSERT INTO Reservations(ID, StartDate, EndDate, NumGuests, CustomerID, Source, BookedAt) VALUES(487, '2021-06-20', '2021-06-23', 3, 487, 'OTA', '2020-12-28 02:48:10');
INSERT INTO Occupancies(RoomNo, Date, ResID) VALUES (505, '2021-06-20', 487);
INSERT INTO Occupancies(RoomNo, Date, ResID) VALUES (505, '2021-06-21', 487);
INSERT INTO Occupancies(RoomNo, Date, ResID) VALUES (505, '2021-06-22', 487);
#488
INSERT INTO Customers(Fname, Lname, Phone, Email) VALUES ("Delmer", "Mayert", '789-583-0221', "Delmer_Mayert@gmail.com");
INSERT INTO Reservations(ID, StartDate, EndDate, NumGuests, CustomerID, Source, BookedAt) VALUES(488, '2020-12-20', '2020-12-23', 3, 488, 'OTA', '2020-12-28 02:48:10');
INSERT INTO Occupancies(RoomNo, Date, ResID) VALUES (503, '2020-12-20', 488);
INSERT INTO Occupancies(RoomNo, Date, ResID) VALUES (503, '2020-12-21', 488);
INSERT INTO Occupancies(RoomNo, Date, ResID) VALUES (503, '2020-12-22', 488);
#489
INSERT INTO Customers(Fname, Lname, Phone, Email) VALUES ("Lexi", "Marvin", '305-657-8915', "Lexi_Marvin@gmail.com");
INSERT INTO Reservations(ID, StartDate, EndDate, NumGuests, CustomerID, Source, BookedAt) VALUES(489, '2020-11-09', '2020-11-10', 5, 489, 'corporate', '2020-12-28 02:48:10');
INSERT INTO Occupancies(RoomNo, Date, ResID) VALUES (405, '2020-11-09', 489);
#490
INSERT INTO Customers(Fname, Lname, Phone, Email) VALUES ("Domenica", "VonRueden", '551-965-2439', "Domenica_VonRueden@gmail.com");
INSERT INTO Reservations(ID, StartDate, EndDate, NumGuests, CustomerID, Source, BookedAt) VALUES(490, '2020-11-05', '2020-11-10', 3, 490, 'OTA', '2020-12-28 02:48:10');
INSERT INTO Occupancies(RoomNo, Date, ResID) VALUES (206, '2020-11-05', 490);
INSERT INTO Occupancies(RoomNo, Date, ResID) VALUES (206, '2020-11-06', 490);
INSERT INTO Occupancies(RoomNo, Date, ResID) VALUES (206, '2020-11-07', 490);
INSERT INTO Occupancies(RoomNo, Date, ResID) VALUES (206, '2020-11-08', 490);
INSERT INTO Occupancies(RoomNo, Date, ResID) VALUES (206, '2020-11-09', 490);
#491
INSERT INTO Customers(Fname, Lname, Phone, Email) VALUES ("Dorian", "Gorczany", '522-619-2559', "Dorian_Gorczany@gmail.com");
INSERT INTO Reservations(ID, StartDate, EndDate, NumGuests, CustomerID, Source, BookedAt) VALUES(491, '2020-01-23', '2020-01-25', 3, 491, 'direct', '2020-12-28 02:48:10');
INSERT INTO Occupancies(RoomNo, Date, ResID) VALUES (505, '2020-01-23', 491);
INSERT INTO Occupancies(RoomNo, Date, ResID) VALUES (505, '2020-01-24', 491);
#492
INSERT INTO Customers(Fname, Lname, Phone, Email) VALUES ("Ashtyn", "Abbott", '567-855-1231', "Ashtyn_Abbott@gmail.com");
INSERT INTO Reservations(ID, StartDate, EndDate, NumGuests, CustomerID, Source, BookedAt) VALUES(492, '2021-09-05', '2021-09-07', 1, 492, 'agency', '2020-12-28 02:48:10');
INSERT INTO Occupancies(RoomNo, Date, ResID) VALUES (103, '2021-09-05', 492);
INSERT INTO Occupancies(RoomNo, Date, ResID) VALUES (103, '2021-09-06', 492);
#493
INSERT INTO Customers(Fname, Lname, Phone, Email) VALUES ("Braxton", "Swaniawski", '995-211-1982', "Braxton_Swaniawski@gmail.com");
INSERT INTO Reservations(ID, StartDate, EndDate, NumGuests, CustomerID, Source, BookedAt) VALUES(493, '2020-01-21', '2020-01-23', 5, 493, 'direct', '2020-12-28 02:48:10');
INSERT INTO Occupancies(RoomNo, Date, ResID) VALUES (203, '2020-01-21', 493);
INSERT INTO Occupancies(RoomNo, Date, ResID) VALUES (203, '2020-01-22', 493);
#494
INSERT INTO Customers(Fname, Lname, Phone, Email) VALUES ("Aurelie", "Schultz", '391-326-6491', "Aurelie_Schultz@gmail.com");
INSERT INTO Reservations(ID, StartDate, EndDate, NumGuests, CustomerID, Source, BookedAt) VALUES(494, '2020-10-22', '2020-10-24', 4, 494, 'OTA', '2020-12-28 02:48:10');
INSERT INTO Occupancies(RoomNo, Date, ResID) VALUES (103, '2020-10-22', 494);
INSERT INTO Occupancies(RoomNo, Date, ResID) VALUES (103, '2020-10-23', 494);
#495
INSERT INTO Customers(Fname, Lname, Phone, Email) VALUES ("Jaquelin", "McClure", '750-548-5880', "Jaquelin_McClure@gmail.com");
INSERT INTO Reservations(ID, StartDate, EndDate, NumGuests, CustomerID, Source, BookedAt) VALUES(495, '2020-10-06', '2020-10-09', 5, 495, 'agency', '2020-12-28 02:48:10');
INSERT INTO Occupancies(RoomNo, Date, ResID) VALUES (104, '2020-10-06', 495);
INSERT INTO Occupancies(RoomNo, Date, ResID) VALUES (104, '2020-10-07', 495);
INSERT INTO Occupancies(RoomNo, Date, ResID) VALUES (104, '2020-10-08', 495);
#496
INSERT INTO Customers(Fname, Lname, Phone, Email) VALUES ("Precious", "Abernathy", '241-382-6404', "Precious_Abernathy@gmail.com");
INSERT INTO Reservations(ID, StartDate, EndDate, NumGuests, CustomerID, Source, BookedAt) VALUES(496, '2020-07-28', '2020-07-29', 5, 496, 'corporate', '2020-12-28 02:48:10');
INSERT INTO Occupancies(RoomNo, Date, ResID) VALUES (501, '2020-07-28', 496);
#497
INSERT INTO Customers(Fname, Lname, Phone, Email) VALUES ("Alexandria", "Feest", '978-468-0387', "Alexandria_Feest@gmail.com");
INSERT INTO Reservations(ID, StartDate, EndDate, NumGuests, CustomerID, Source, BookedAt) VALUES(497, '2020-04-06', '2020-04-11', 2, 497, 'OTA', '2020-12-28 02:48:10');
INSERT INTO Occupancies(RoomNo, Date, ResID) VALUES (401, '2020-04-06', 497);
INSERT INTO Occupancies(RoomNo, Date, ResID) VALUES (401, '2020-04-07', 497);
INSERT INTO Occupancies(RoomNo, Date, ResID) VALUES (401, '2020-04-08', 497);
INSERT INTO Occupancies(RoomNo, Date, ResID) VALUES (401, '2020-04-09', 497);
INSERT INTO Occupancies(RoomNo, Date, ResID) VALUES (401, '2020-04-10', 497);
#498
INSERT INTO Customers(Fname, Lname, Phone, Email) VALUES ("Zoey", "Bernhard", '427-408-2718', "Zoey_Bernhard@gmail.com");
INSERT INTO Reservations(ID, StartDate, EndDate, NumGuests, CustomerID, Source, BookedAt) VALUES(498, '2021-12-22', '2021-12-26', 5, 498, 'direct', '2020-12-28 02:48:10');
INSERT INTO Occupancies(RoomNo, Date, ResID) VALUES (505, '2021-12-22', 498);
INSERT INTO Occupancies(RoomNo, Date, ResID) VALUES (505, '2021-12-23', 498);
INSERT INTO Occupancies(RoomNo, Date, ResID) VALUES (505, '2021-12-24', 498);
INSERT INTO Occupancies(RoomNo, Date, ResID) VALUES (505, '2021-12-25', 498);
#499
INSERT INTO Customers(Fname, Lname, Phone, Email) VALUES ("Aurore", "Bins", '243-627-5637', "Aurore_Bins@gmail.com");
INSERT INTO Reservations(ID, StartDate, EndDate, NumGuests, CustomerID, Source, BookedAt) VALUES(499, '2020-02-24', '2020-02-26', 3, 499, 'corporate', '2020-12-28 02:48:10');
INSERT INTO Occupancies(RoomNo, Date, ResID) VALUES (406, '2020-02-24', 499);
INSERT INTO Occupancies(RoomNo, Date, ResID) VALUES (406, '2020-02-25', 499);
#500
INSERT INTO Customers(Fname, Lname, Phone, Email) VALUES ("Garrick", "Hermann", '470-292-7064', "Garrick_Hermann@gmail.com");
INSERT INTO Reservations(ID, StartDate, EndDate, NumGuests, CustomerID, Source, BookedAt) VALUES(500, '2021-02-26', '2021-03-02', 2, 500, 'corporate', '2020-12-28 02:48:10');
INSERT INTO Occupancies(RoomNo, Date, ResID) VALUES (102, '2021-02-26', 500);
INSERT INTO Occupancies(RoomNo, Date, ResID) VALUES (102, '2021-02-27', 500);
INSERT INTO Occupancies(RoomNo, Date, ResID) VALUES (102, '2021-02-28', 500);
INSERT INTO Occupancies(RoomNo, Date, ResID) VALUES (102, '2021-03-01', 500);
#501
INSERT INTO Customers(Fname, Lname, Phone, Email) VALUES ("Dee", "Raynor", '248-883-4611', "Dee_Raynor@gmail.com");
INSERT INTO Reservations(ID, StartDate, EndDate, NumGuests, CustomerID, Source, BookedAt) VALUES(501, '2020-08-25', '2020-08-27', 5, 501, 'OTA', '2020-12-28 02:48:10');
INSERT INTO Occupancies(RoomNo, Date, ResID) VALUES (505, '2020-08-25', 501);
INSERT INTO Occupancies(RoomNo, Date, ResID) VALUES (505, '2020-08-26', 501);
#502
INSERT INTO Customers(Fname, Lname, Phone, Email) VALUES ("Ismael", "Shanahan", '781-959-9977', "Ismael_Shanahan@gmail.com");
INSERT INTO Reservations(ID, StartDate, EndDate, NumGuests, CustomerID, Source, BookedAt) VALUES(502, '2020-11-27', '2020-11-30', 2, 502, 'OTA', '2020-12-28 02:48:10');
INSERT INTO Occupancies(RoomNo, Date, ResID) VALUES (103, '2020-11-27', 502);
INSERT INTO Occupancies(RoomNo, Date, ResID) VALUES (103, '2020-11-28', 502);
INSERT INTO Occupancies(RoomNo, Date, ResID) VALUES (103, '2020-11-29', 502);
#503
INSERT INTO Customers(Fname, Lname, Phone, Email) VALUES ("Trever", "Grimes", '878-878-3262', "Trever_Grimes@gmail.com");
INSERT INTO Reservations(ID, StartDate, EndDate, NumGuests, CustomerID, Source, BookedAt) VALUES(503, '2020-03-26', '2020-03-27', 5, 503, 'direct', '2020-12-28 02:48:10');
INSERT INTO Occupancies(RoomNo, Date, ResID) VALUES (204, '2020-03-26', 503);
#504
INSERT INTO Customers(Fname, Lname, Phone, Email) VALUES ("Burnice", "DuBuque", '819-609-4154', "Burnice_DuBuque@gmail.com");
INSERT INTO Reservations(ID, StartDate, EndDate, NumGuests, CustomerID, Source, BookedAt) VALUES(504, '2020-09-26', '2020-09-29', 3, 504, 'agency', '2020-12-28 02:48:10');
INSERT INTO Occupancies(RoomNo, Date, ResID) VALUES (406, '2020-09-26', 504);
INSERT INTO Occupancies(RoomNo, Date, ResID) VALUES (406, '2020-09-27', 504);
INSERT INTO Occupancies(RoomNo, Date, ResID) VALUES (406, '2020-09-28', 504);
#505
INSERT INTO Customers(Fname, Lname, Phone, Email) VALUES ("Delia", "Swaniawski", '992-383-1880', "Delia_Swaniawski@gmail.com");
INSERT INTO Reservations(ID, StartDate, EndDate, NumGuests, CustomerID, Source, BookedAt) VALUES(505, '2021-09-13', '2021-09-15', 2, 505, 'corporate', '2020-12-28 02:48:10');
INSERT INTO Occupancies(RoomNo, Date, ResID) VALUES (304, '2021-09-13', 505);
INSERT INTO Occupancies(RoomNo, Date, ResID) VALUES (304, '2021-09-14', 505);
#506
INSERT INTO Customers(Fname, Lname, Phone, Email) VALUES ("Octavia", "Feil", '570-842-5075', "Octavia_Feil@gmail.com");
INSERT INTO Reservations(ID, StartDate, EndDate, NumGuests, CustomerID, Source, BookedAt) VALUES(506, '2020-02-19', '2020-02-24', 1, 506, 'direct', '2020-12-28 02:48:10');
INSERT INTO Occupancies(RoomNo, Date, ResID) VALUES (502, '2020-02-19', 506);
INSERT INTO Occupancies(RoomNo, Date, ResID) VALUES (502, '2020-02-20', 506);
INSERT INTO Occupancies(RoomNo, Date, ResID) VALUES (502, '2020-02-21', 506);
INSERT INTO Occupancies(RoomNo, Date, ResID) VALUES (502, '2020-02-22', 506);
INSERT INTO Occupancies(RoomNo, Date, ResID) VALUES (502, '2020-02-23', 506);
#507
INSERT INTO Customers(Fname, Lname, Phone, Email) VALUES ("Lynn", "Kihn", '260-730-3862', "Lynn_Kihn@gmail.com");
INSERT INTO Reservations(ID, StartDate, EndDate, NumGuests, CustomerID, Source, BookedAt) VALUES(507, '2021-10-22', '2021-10-27', 1, 507, 'OTA', '2020-12-28 02:48:10');
INSERT INTO Occupancies(RoomNo, Date, ResID) VALUES (303, '2021-10-22', 507);
INSERT INTO Occupancies(RoomNo, Date, ResID) VALUES (303, '2021-10-23', 507);
INSERT INTO Occupancies(RoomNo, Date, ResID) VALUES (303, '2021-10-24', 507);
INSERT INTO Occupancies(RoomNo, Date, ResID) VALUES (303, '2021-10-25', 507);
INSERT INTO Occupancies(RoomNo, Date, ResID) VALUES (303, '2021-10-26', 507);
#508
INSERT INTO Customers(Fname, Lname, Phone, Email) VALUES ("Sally", "Schmeler", '330-467-3831', "Sally_Schmeler@gmail.com");
INSERT INTO Reservations(ID, StartDate, EndDate, NumGuests, CustomerID, Source, BookedAt) VALUES(508, '2020-08-06', '2020-08-07', 3, 508, 'corporate', '2020-12-28 02:48:10');
INSERT INTO Occupancies(RoomNo, Date, ResID) VALUES (401, '2020-08-06', 508);
#509
INSERT INTO Customers(Fname, Lname, Phone, Email) VALUES ("Bradley", "Schamberger", '368-758-1101', "Bradley_Schamberger@gmail.com");
INSERT INTO Reservations(ID, StartDate, EndDate, NumGuests, CustomerID, Source, BookedAt) VALUES(509, '2021-07-02', '2021-07-03', 2, 509, 'direct', '2020-12-28 02:48:10');
INSERT INTO Occupancies(RoomNo, Date, ResID) VALUES (401, '2021-07-02', 509);
#510
INSERT INTO Customers(Fname, Lname, Phone, Email) VALUES ("Providenci", "Romaguera", '672-777-6982', "Providenci_Romaguera@gmail.com");
INSERT INTO Reservations(ID, StartDate, EndDate, NumGuests, CustomerID, Source, BookedAt) VALUES(510, '2020-02-02', '2020-02-05', 3, 510, 'OTA', '2020-12-28 02:48:10');
INSERT INTO Occupancies(RoomNo, Date, ResID) VALUES (301, '2020-02-02', 510);
INSERT INTO Occupancies(RoomNo, Date, ResID) VALUES (301, '2020-02-03', 510);
INSERT INTO Occupancies(RoomNo, Date, ResID) VALUES (301, '2020-02-04', 510);
#511
INSERT INTO Customers(Fname, Lname, Phone, Email) VALUES ("Ruthie", "Runte", '927-837-4939', "Ruthie_Runte@gmail.com");
INSERT INTO Reservations(ID, StartDate, EndDate, NumGuests, CustomerID, Source, BookedAt) VALUES(511, '2020-09-16', '2020-09-21', 1, 511, 'OTA', '2020-12-28 02:48:10');
INSERT INTO Occupancies(RoomNo, Date, ResID) VALUES (306, '2020-09-16', 511);
INSERT INTO Occupancies(RoomNo, Date, ResID) VALUES (306, '2020-09-17', 511);
INSERT INTO Occupancies(RoomNo, Date, ResID) VALUES (306, '2020-09-18', 511);
INSERT INTO Occupancies(RoomNo, Date, ResID) VALUES (306, '2020-09-19', 511);
INSERT INTO Occupancies(RoomNo, Date, ResID) VALUES (306, '2020-09-20', 511);
#512
INSERT INTO Customers(Fname, Lname, Phone, Email) VALUES ("Jackeline", "Dooley", '869-457-7444', "Jackeline_Dooley@gmail.com");
INSERT INTO Reservations(ID, StartDate, EndDate, NumGuests, CustomerID, Source, BookedAt) VALUES(512, '2020-07-13', '2020-07-17', 1, 512, 'OTA', '2020-12-28 02:48:10');
INSERT INTO Occupancies(RoomNo, Date, ResID) VALUES (303, '2020-07-13', 512);
INSERT INTO Occupancies(RoomNo, Date, ResID) VALUES (303, '2020-07-14', 512);
INSERT INTO Occupancies(RoomNo, Date, ResID) VALUES (303, '2020-07-15', 512);
INSERT INTO Occupancies(RoomNo, Date, ResID) VALUES (303, '2020-07-16', 512);
#513
INSERT INTO Customers(Fname, Lname, Phone, Email) VALUES ("Rafael", "Fay", '779-673-9411', "Rafael_Fay@gmail.com");
INSERT INTO Reservations(ID, StartDate, EndDate, NumGuests, CustomerID, Source, BookedAt) VALUES(513, '2021-11-24', '2021-11-25', 4, 513, 'OTA', '2020-12-28 02:48:10');
INSERT INTO Occupancies(RoomNo, Date, ResID) VALUES (503, '2021-11-24', 513);
#514
INSERT INTO Customers(Fname, Lname, Phone, Email) VALUES ("Lamar", "Armstrong", '690-291-5238', "Lamar_Armstrong@gmail.com");
INSERT INTO Reservations(ID, StartDate, EndDate, NumGuests, CustomerID, Source, BookedAt) VALUES(514, '2020-12-11', '2020-12-15', 5, 514, 'OTA', '2020-12-28 02:48:10');
INSERT INTO Occupancies(RoomNo, Date, ResID) VALUES (501, '2020-12-11', 514);
INSERT INTO Occupancies(RoomNo, Date, ResID) VALUES (501, '2020-12-12', 514);
INSERT INTO Occupancies(RoomNo, Date, ResID) VALUES (501, '2020-12-13', 514);
INSERT INTO Occupancies(RoomNo, Date, ResID) VALUES (501, '2020-12-14', 514);
#515
INSERT INTO Customers(Fname, Lname, Phone, Email) VALUES ("Lolita", "Cummings", '803-971-6632', "Lolita_Cummings@gmail.com");
INSERT INTO Reservations(ID, StartDate, EndDate, NumGuests, CustomerID, Source, BookedAt) VALUES(515, '2021-03-10', '2021-03-13', 4, 515, 'direct', '2020-12-28 02:48:10');
INSERT INTO Occupancies(RoomNo, Date, ResID) VALUES (303, '2021-03-10', 515);
INSERT INTO Occupancies(RoomNo, Date, ResID) VALUES (303, '2021-03-11', 515);
INSERT INTO Occupancies(RoomNo, Date, ResID) VALUES (303, '2021-03-12', 515);
#516
INSERT INTO Customers(Fname, Lname, Phone, Email) VALUES ("Shawn", "Heller", '671-346-3895', "Shawn_Heller@gmail.com");
INSERT INTO Reservations(ID, StartDate, EndDate, NumGuests, CustomerID, Source, BookedAt) VALUES(516, '2021-12-10', '2021-12-11', 4, 516, 'OTA', '2020-12-28 02:48:10');
INSERT INTO Occupancies(RoomNo, Date, ResID) VALUES (204, '2021-12-10', 516);
#517
INSERT INTO Customers(Fname, Lname, Phone, Email) VALUES ("Jaime", "Auer", '958-855-3416', "Jaime_Auer@gmail.com");
INSERT INTO Reservations(ID, StartDate, EndDate, NumGuests, CustomerID, Source, BookedAt) VALUES(517, '2020-06-05', '2020-06-07', 3, 517, 'OTA', '2020-12-28 02:48:10');
INSERT INTO Occupancies(RoomNo, Date, ResID) VALUES (103, '2020-06-05', 517);
INSERT INTO Occupancies(RoomNo, Date, ResID) VALUES (103, '2020-06-06', 517);
#518
INSERT INTO Customers(Fname, Lname, Phone, Email) VALUES ("Cleveland", "Schinner", '765-583-6071', "Cleveland_Schinner@gmail.com");
INSERT INTO Reservations(ID, StartDate, EndDate, NumGuests, CustomerID, Source, BookedAt) VALUES(518, '2021-05-23', '2021-05-28', 4, 518, 'OTA', '2020-12-28 02:48:10');
INSERT INTO Occupancies(RoomNo, Date, ResID) VALUES (503, '2021-05-23', 518);
INSERT INTO Occupancies(RoomNo, Date, ResID) VALUES (503, '2021-05-24', 518);
INSERT INTO Occupancies(RoomNo, Date, ResID) VALUES (503, '2021-05-25', 518);
INSERT INTO Occupancies(RoomNo, Date, ResID) VALUES (503, '2021-05-26', 518);
INSERT INTO Occupancies(RoomNo, Date, ResID) VALUES (503, '2021-05-27', 518);
#519
INSERT INTO Customers(Fname, Lname, Phone, Email) VALUES ("Tyreek", "Gottlieb", '982-850-1897', "Tyreek_Gottlieb@gmail.com");
INSERT INTO Reservations(ID, StartDate, EndDate, NumGuests, CustomerID, Source, BookedAt) VALUES(519, '2020-09-06', '2020-09-10', 5, 519, 'corporate', '2020-12-28 02:48:10');
INSERT INTO Occupancies(RoomNo, Date, ResID) VALUES (505, '2020-09-06', 519);
INSERT INTO Occupancies(RoomNo, Date, ResID) VALUES (505, '2020-09-07', 519);
INSERT INTO Occupancies(RoomNo, Date, ResID) VALUES (505, '2020-09-08', 519);
INSERT INTO Occupancies(RoomNo, Date, ResID) VALUES (505, '2020-09-09', 519);
#520
INSERT INTO Customers(Fname, Lname, Phone, Email) VALUES ("Pierre", "Ullrich", '568-462-4862', "Pierre_Ullrich@gmail.com");
INSERT INTO Reservations(ID, StartDate, EndDate, NumGuests, CustomerID, Source, BookedAt) VALUES(520, '2020-12-29', '2020-12-31', 3, 520, 'OTA', '2020-12-28 02:48:10');
INSERT INTO Occupancies(RoomNo, Date, ResID) VALUES (504, '2020-12-29', 520);
INSERT INTO Occupancies(RoomNo, Date, ResID) VALUES (504, '2020-12-30', 520);
#521
INSERT INTO Customers(Fname, Lname, Phone, Email) VALUES ("Lexi", "Gusikowski", '804-959-6770', "Lexi_Gusikowski@gmail.com");
INSERT INTO Reservations(ID, StartDate, EndDate, NumGuests, CustomerID, Source, BookedAt) VALUES(521, '2021-06-03', '2021-06-08', 5, 521, 'direct', '2020-12-28 02:48:10');
INSERT INTO Occupancies(RoomNo, Date, ResID) VALUES (301, '2021-06-03', 521);
INSERT INTO Occupancies(RoomNo, Date, ResID) VALUES (301, '2021-06-04', 521);
INSERT INTO Occupancies(RoomNo, Date, ResID) VALUES (301, '2021-06-05', 521);
INSERT INTO Occupancies(RoomNo, Date, ResID) VALUES (301, '2021-06-06', 521);
INSERT INTO Occupancies(RoomNo, Date, ResID) VALUES (301, '2021-06-07', 521);
#522
INSERT INTO Customers(Fname, Lname, Phone, Email) VALUES ("Sid", "Wintheiser", '454-925-1478', "Sid_Wintheiser@gmail.com");
INSERT INTO Reservations(ID, StartDate, EndDate, NumGuests, CustomerID, Source, BookedAt) VALUES(522, '2020-05-19', '2020-05-24', 4, 522, 'OTA', '2020-12-28 02:48:10');
INSERT INTO Occupancies(RoomNo, Date, ResID) VALUES (101, '2020-05-19', 522);
INSERT INTO Occupancies(RoomNo, Date, ResID) VALUES (101, '2020-05-20', 522);
INSERT INTO Occupancies(RoomNo, Date, ResID) VALUES (101, '2020-05-21', 522);
INSERT INTO Occupancies(RoomNo, Date, ResID) VALUES (101, '2020-05-22', 522);
INSERT INTO Occupancies(RoomNo, Date, ResID) VALUES (101, '2020-05-23', 522);
#523
INSERT INTO Customers(Fname, Lname, Phone, Email) VALUES ("Zora", "Connelly", '351-933-4577', "Zora_Connelly@gmail.com");
INSERT INTO Reservations(ID, StartDate, EndDate, NumGuests, CustomerID, Source, BookedAt) VALUES(523, '2020-10-24', '2020-10-25', 4, 523, 'direct', '2020-12-28 02:48:10');
INSERT INTO Occupancies(RoomNo, Date, ResID) VALUES (401, '2020-10-24', 523);
#524
INSERT INTO Customers(Fname, Lname, Phone, Email) VALUES ("Maximillian", "Miller", '560-206-7647', "Maximillian_Miller@gmail.com");
INSERT INTO Reservations(ID, StartDate, EndDate, NumGuests, CustomerID, Source, BookedAt) VALUES(524, '2020-11-02', '2020-11-07', 3, 524, 'OTA', '2020-12-28 02:48:10');
INSERT INTO Occupancies(RoomNo, Date, ResID) VALUES (202, '2020-11-02', 524);
INSERT INTO Occupancies(RoomNo, Date, ResID) VALUES (202, '2020-11-03', 524);
INSERT INTO Occupancies(RoomNo, Date, ResID) VALUES (202, '2020-11-04', 524);
INSERT INTO Occupancies(RoomNo, Date, ResID) VALUES (202, '2020-11-05', 524);
INSERT INTO Occupancies(RoomNo, Date, ResID) VALUES (202, '2020-11-06', 524);
#525
INSERT INTO Customers(Fname, Lname, Phone, Email) VALUES ("Katlynn", "Roob", '879-694-3929', "Katlynn_Roob@gmail.com");
INSERT INTO Reservations(ID, StartDate, EndDate, NumGuests, CustomerID, Source, BookedAt) VALUES(525, '2020-06-08', '2020-06-10', 2, 525, 'direct', '2020-12-28 02:48:10');
INSERT INTO Occupancies(RoomNo, Date, ResID) VALUES (306, '2020-06-08', 525);
INSERT INTO Occupancies(RoomNo, Date, ResID) VALUES (306, '2020-06-09', 525);
#526
INSERT INTO Customers(Fname, Lname, Phone, Email) VALUES ("Anika", "Feeney", '793-488-6531', "Anika_Feeney@gmail.com");
INSERT INTO Reservations(ID, StartDate, EndDate, NumGuests, CustomerID, Source, BookedAt) VALUES(526, '2020-03-15', '2020-03-20', 3, 526, 'OTA', '2020-12-28 02:48:10');
INSERT INTO Occupancies(RoomNo, Date, ResID) VALUES (206, '2020-03-15', 526);
INSERT INTO Occupancies(RoomNo, Date, ResID) VALUES (206, '2020-03-16', 526);
INSERT INTO Occupancies(RoomNo, Date, ResID) VALUES (206, '2020-03-17', 526);
INSERT INTO Occupancies(RoomNo, Date, ResID) VALUES (206, '2020-03-18', 526);
INSERT INTO Occupancies(RoomNo, Date, ResID) VALUES (206, '2020-03-19', 526);
#527
INSERT INTO Customers(Fname, Lname, Phone, Email) VALUES ("Jettie", "Howell", '321-800-1147', "Jettie_Howell@gmail.com");
INSERT INTO Reservations(ID, StartDate, EndDate, NumGuests, CustomerID, Source, BookedAt) VALUES(527, '2020-08-06', '2020-08-07', 3, 527, 'OTA', '2020-12-28 02:48:10');
INSERT INTO Occupancies(RoomNo, Date, ResID) VALUES (301, '2020-08-06', 527);
#528
INSERT INTO Customers(Fname, Lname, Phone, Email) VALUES ("Neil", "Cassin", '746-739-7090', "Neil_Cassin@gmail.com");
INSERT INTO Reservations(ID, StartDate, EndDate, NumGuests, CustomerID, Source, BookedAt) VALUES(528, '2020-08-26', '2020-08-31', 1, 528, 'agency', '2020-12-28 02:48:10');
INSERT INTO Occupancies(RoomNo, Date, ResID) VALUES (302, '2020-08-26', 528);
INSERT INTO Occupancies(RoomNo, Date, ResID) VALUES (302, '2020-08-27', 528);
INSERT INTO Occupancies(RoomNo, Date, ResID) VALUES (302, '2020-08-28', 528);
INSERT INTO Occupancies(RoomNo, Date, ResID) VALUES (302, '2020-08-29', 528);
INSERT INTO Occupancies(RoomNo, Date, ResID) VALUES (302, '2020-08-30', 528);
#529
INSERT INTO Customers(Fname, Lname, Phone, Email) VALUES ("Lucie", "Dietrich", '429-201-4897', "Lucie_Dietrich@gmail.com");
INSERT INTO Reservations(ID, StartDate, EndDate, NumGuests, CustomerID, Source, BookedAt) VALUES(529, '2020-02-08', '2020-02-09', 4, 529, 'corporate', '2020-12-28 02:48:10');
INSERT INTO Occupancies(RoomNo, Date, ResID) VALUES (405, '2020-02-08', 529);
#530
INSERT INTO Customers(Fname, Lname, Phone, Email) VALUES ("Jerad", "Lebsack", '343-335-2819', "Jerad_Lebsack@gmail.com");
INSERT INTO Reservations(ID, StartDate, EndDate, NumGuests, CustomerID, Source, BookedAt) VALUES(530, '2020-12-20', '2020-12-22', 2, 530, 'agency', '2020-12-28 02:48:10');
INSERT INTO Occupancies(RoomNo, Date, ResID) VALUES (501, '2020-12-20', 530);
INSERT INTO Occupancies(RoomNo, Date, ResID) VALUES (501, '2020-12-21', 530);
#531
INSERT INTO Customers(Fname, Lname, Phone, Email) VALUES ("Hermina", "Wolff", '912-786-3592', "Hermina_Wolff@gmail.com");
INSERT INTO Reservations(ID, StartDate, EndDate, NumGuests, CustomerID, Source, BookedAt) VALUES(531, '2019-12-30', '2020-01-03', 5, 531, 'corporate', '2020-12-28 02:48:10');
INSERT INTO Occupancies(RoomNo, Date, ResID) VALUES (202, '2019-12-30', 531);
INSERT INTO Occupancies(RoomNo, Date, ResID) VALUES (202, '2019-12-31', 531);
INSERT INTO Occupancies(RoomNo, Date, ResID) VALUES (202, '2020-01-01', 531);
INSERT INTO Occupancies(RoomNo, Date, ResID) VALUES (202, '2020-01-02', 531);
#532
INSERT INTO Customers(Fname, Lname, Phone, Email) VALUES ("Grayce", "Walker", '925-682-2834', "Grayce_Walker@gmail.com");
INSERT INTO Reservations(ID, StartDate, EndDate, NumGuests, CustomerID, Source, BookedAt) VALUES(532, '2020-08-01', '2020-08-05', 1, 532, 'OTA', '2020-12-28 02:48:10');
INSERT INTO Occupancies(RoomNo, Date, ResID) VALUES (301, '2020-08-01', 532);
INSERT INTO Occupancies(RoomNo, Date, ResID) VALUES (301, '2020-08-02', 532);
INSERT INTO Occupancies(RoomNo, Date, ResID) VALUES (301, '2020-08-03', 532);
INSERT INTO Occupancies(RoomNo, Date, ResID) VALUES (301, '2020-08-04', 532);
#533
INSERT INTO Customers(Fname, Lname, Phone, Email) VALUES ("Marietta", "Emmerich", '786-458-8444', "Marietta_Emmerich@gmail.com");
INSERT INTO Reservations(ID, StartDate, EndDate, NumGuests, CustomerID, Source, BookedAt) VALUES(533, '2020-12-10', '2020-12-12', 5, 533, 'corporate', '2020-12-28 02:48:10');
INSERT INTO Occupancies(RoomNo, Date, ResID) VALUES (202, '2020-12-10', 533);
INSERT INTO Occupancies(RoomNo, Date, ResID) VALUES (202, '2020-12-11', 533);
#534
INSERT INTO Customers(Fname, Lname, Phone, Email) VALUES ("Aurelie", "Fisher", '251-691-3253', "Aurelie_Fisher@gmail.com");
INSERT INTO Reservations(ID, StartDate, EndDate, NumGuests, CustomerID, Source, BookedAt) VALUES(534, '2021-03-24', '2021-03-25', 3, 534, 'direct', '2020-12-28 02:48:10');
INSERT INTO Occupancies(RoomNo, Date, ResID) VALUES (201, '2021-03-24', 534);
#535
INSERT INTO Customers(Fname, Lname, Phone, Email) VALUES ("Torrey", "Smitham", '319-318-9548', "Torrey_Smitham@gmail.com");
INSERT INTO Reservations(ID, StartDate, EndDate, NumGuests, CustomerID, Source, BookedAt) VALUES(535, '2020-05-09', '2020-05-12', 5, 535, 'direct', '2020-12-28 02:48:10');
INSERT INTO Occupancies(RoomNo, Date, ResID) VALUES (301, '2020-05-09', 535);
INSERT INTO Occupancies(RoomNo, Date, ResID) VALUES (301, '2020-05-10', 535);
INSERT INTO Occupancies(RoomNo, Date, ResID) VALUES (301, '2020-05-11', 535);
#536
INSERT INTO Customers(Fname, Lname, Phone, Email) VALUES ("Sarai", "Heathcote", '963-421-2529', "Sarai_Heathcote@gmail.com");
INSERT INTO Reservations(ID, StartDate, EndDate, NumGuests, CustomerID, Source, BookedAt) VALUES(536, '2020-12-22', '2020-12-27', 1, 536, 'corporate', '2020-12-28 02:48:10');
INSERT INTO Occupancies(RoomNo, Date, ResID) VALUES (201, '2020-12-22', 536);
INSERT INTO Occupancies(RoomNo, Date, ResID) VALUES (201, '2020-12-23', 536);
INSERT INTO Occupancies(RoomNo, Date, ResID) VALUES (201, '2020-12-24', 536);
INSERT INTO Occupancies(RoomNo, Date, ResID) VALUES (201, '2020-12-25', 536);
INSERT INTO Occupancies(RoomNo, Date, ResID) VALUES (201, '2020-12-26', 536);
#537
INSERT INTO Customers(Fname, Lname, Phone, Email) VALUES ("Kira", "Bruen", '572-568-9281', "Kira_Bruen@gmail.com");
INSERT INTO Reservations(ID, StartDate, EndDate, NumGuests, CustomerID, Source, BookedAt) VALUES(537, '2021-12-16', '2021-12-19', 5, 537, 'agency', '2020-12-28 02:48:10');
INSERT INTO Occupancies(RoomNo, Date, ResID) VALUES (504, '2021-12-16', 537);
INSERT INTO Occupancies(RoomNo, Date, ResID) VALUES (504, '2021-12-17', 537);
INSERT INTO Occupancies(RoomNo, Date, ResID) VALUES (504, '2021-12-18', 537);
#538
INSERT INTO Customers(Fname, Lname, Phone, Email) VALUES ("Estella", "Hayes", '601-660-7786', "Estella_Hayes@gmail.com");
INSERT INTO Reservations(ID, StartDate, EndDate, NumGuests, CustomerID, Source, BookedAt) VALUES(538, '2021-05-31', '2021-06-02', 5, 538, 'agency', '2020-12-28 02:48:10');
INSERT INTO Occupancies(RoomNo, Date, ResID) VALUES (404, '2021-05-31', 538);
INSERT INTO Occupancies(RoomNo, Date, ResID) VALUES (404, '2021-06-01', 538);
#539
INSERT INTO Customers(Fname, Lname, Phone, Email) VALUES ("Sister", "Corkery", '711-807-4424', "Sister_Corkery@gmail.com");
INSERT INTO Reservations(ID, StartDate, EndDate, NumGuests, CustomerID, Source, BookedAt) VALUES(539, '2020-09-02', '2020-09-05', 4, 539, 'OTA', '2020-12-28 02:48:10');
INSERT INTO Occupancies(RoomNo, Date, ResID) VALUES (305, '2020-09-02', 539);
INSERT INTO Occupancies(RoomNo, Date, ResID) VALUES (305, '2020-09-03', 539);
INSERT INTO Occupancies(RoomNo, Date, ResID) VALUES (305, '2020-09-04', 539);
#540
INSERT INTO Customers(Fname, Lname, Phone, Email) VALUES ("Melba", "Wiegand", '987-506-4574', "Melba_Wiegand@gmail.com");
INSERT INTO Reservations(ID, StartDate, EndDate, NumGuests, CustomerID, Source, BookedAt) VALUES(540, '2020-12-16', '2020-12-17', 5, 540, 'OTA', '2020-12-28 02:48:10');
INSERT INTO Occupancies(RoomNo, Date, ResID) VALUES (304, '2020-12-16', 540);
#541
INSERT INTO Customers(Fname, Lname, Phone, Email) VALUES ("Nolan", "Corkery", '925-324-5284', "Nolan_Corkery@gmail.com");
INSERT INTO Reservations(ID, StartDate, EndDate, NumGuests, CustomerID, Source, BookedAt) VALUES(541, '2020-08-01', '2020-08-04', 1, 541, 'OTA', '2020-12-28 02:48:10');
INSERT INTO Occupancies(RoomNo, Date, ResID) VALUES (303, '2020-08-01', 541);
INSERT INTO Occupancies(RoomNo, Date, ResID) VALUES (303, '2020-08-02', 541);
INSERT INTO Occupancies(RoomNo, Date, ResID) VALUES (303, '2020-08-03', 541);
#542
INSERT INTO Customers(Fname, Lname, Phone, Email) VALUES ("Shane", "Beatty", '836-340-7052', "Shane_Beatty@gmail.com");
INSERT INTO Reservations(ID, StartDate, EndDate, NumGuests, CustomerID, Source, BookedAt) VALUES(542, '2020-12-25', '2020-12-27', 2, 542, 'OTA', '2020-12-28 02:48:10');
INSERT INTO Occupancies(RoomNo, Date, ResID) VALUES (102, '2020-12-25', 542);
INSERT INTO Occupancies(RoomNo, Date, ResID) VALUES (102, '2020-12-26', 542);
#543
INSERT INTO Customers(Fname, Lname, Phone, Email) VALUES ("Anais", "Stracke", '253-941-2090', "Anais_Stracke@gmail.com");
INSERT INTO Reservations(ID, StartDate, EndDate, NumGuests, CustomerID, Source, BookedAt) VALUES(543, '2020-03-25', '2020-03-29', 5, 543, 'OTA', '2020-12-28 02:48:10');
INSERT INTO Occupancies(RoomNo, Date, ResID) VALUES (304, '2020-03-25', 543);
INSERT INTO Occupancies(RoomNo, Date, ResID) VALUES (304, '2020-03-26', 543);
INSERT INTO Occupancies(RoomNo, Date, ResID) VALUES (304, '2020-03-27', 543);
INSERT INTO Occupancies(RoomNo, Date, ResID) VALUES (304, '2020-03-28', 543);
#544
INSERT INTO Customers(Fname, Lname, Phone, Email) VALUES ("Justyn", "Mueller", '495-361-8616', "Justyn_Mueller@gmail.com");
INSERT INTO Reservations(ID, StartDate, EndDate, NumGuests, CustomerID, Source, BookedAt) VALUES(544, '2020-06-23', '2020-06-27', 1, 544, 'OTA', '2020-12-28 02:48:10');
INSERT INTO Occupancies(RoomNo, Date, ResID) VALUES (304, '2020-06-23', 544);
INSERT INTO Occupancies(RoomNo, Date, ResID) VALUES (304, '2020-06-24', 544);
INSERT INTO Occupancies(RoomNo, Date, ResID) VALUES (304, '2020-06-25', 544);
INSERT INTO Occupancies(RoomNo, Date, ResID) VALUES (304, '2020-06-26', 544);
#545
INSERT INTO Customers(Fname, Lname, Phone, Email) VALUES ("Ewell", "Kuhn", '223-809-8692', "Ewell_Kuhn@gmail.com");
INSERT INTO Reservations(ID, StartDate, EndDate, NumGuests, CustomerID, Source, BookedAt) VALUES(545, '2020-08-08', '2020-08-12', 2, 545, 'direct', '2020-12-28 02:48:10');
INSERT INTO Occupancies(RoomNo, Date, ResID) VALUES (301, '2020-08-08', 545);
INSERT INTO Occupancies(RoomNo, Date, ResID) VALUES (301, '2020-08-09', 545);
INSERT INTO Occupancies(RoomNo, Date, ResID) VALUES (301, '2020-08-10', 545);
INSERT INTO Occupancies(RoomNo, Date, ResID) VALUES (301, '2020-08-11', 545);
#546
INSERT INTO Customers(Fname, Lname, Phone, Email) VALUES ("Melvina", "Kuhlman", '710-752-1204', "Melvina_Kuhlman@gmail.com");
INSERT INTO Reservations(ID, StartDate, EndDate, NumGuests, CustomerID, Source, BookedAt) VALUES(546, '2020-03-06', '2020-03-11', 2, 546, 'corporate', '2020-12-28 02:48:10');
INSERT INTO Occupancies(RoomNo, Date, ResID) VALUES (404, '2020-03-06', 546);
INSERT INTO Occupancies(RoomNo, Date, ResID) VALUES (404, '2020-03-07', 546);
INSERT INTO Occupancies(RoomNo, Date, ResID) VALUES (404, '2020-03-08', 546);
INSERT INTO Occupancies(RoomNo, Date, ResID) VALUES (404, '2020-03-09', 546);
INSERT INTO Occupancies(RoomNo, Date, ResID) VALUES (404, '2020-03-10', 546);
#547
INSERT INTO Customers(Fname, Lname, Phone, Email) VALUES ("Agnes", "Pacocha", '528-622-5536', "Agnes_Pacocha@gmail.com");
INSERT INTO Reservations(ID, StartDate, EndDate, NumGuests, CustomerID, Source, BookedAt) VALUES(547, '2020-05-10', '2020-05-15', 3, 547, 'direct', '2020-12-28 02:48:10');
INSERT INTO Occupancies(RoomNo, Date, ResID) VALUES (501, '2020-05-10', 547);
INSERT INTO Occupancies(RoomNo, Date, ResID) VALUES (501, '2020-05-11', 547);
INSERT INTO Occupancies(RoomNo, Date, ResID) VALUES (501, '2020-05-12', 547);
INSERT INTO Occupancies(RoomNo, Date, ResID) VALUES (501, '2020-05-13', 547);
INSERT INTO Occupancies(RoomNo, Date, ResID) VALUES (501, '2020-05-14', 547);
#548
INSERT INTO Customers(Fname, Lname, Phone, Email) VALUES ("Gaetano", "Zieme", '801-492-4868', "Gaetano_Zieme@gmail.com");
INSERT INTO Reservations(ID, StartDate, EndDate, NumGuests, CustomerID, Source, BookedAt) VALUES(548, '2020-02-21', '2020-02-26', 1, 548, 'agency', '2020-12-28 02:48:10');
INSERT INTO Occupancies(RoomNo, Date, ResID) VALUES (301, '2020-02-21', 548);
INSERT INTO Occupancies(RoomNo, Date, ResID) VALUES (301, '2020-02-22', 548);
INSERT INTO Occupancies(RoomNo, Date, ResID) VALUES (301, '2020-02-23', 548);
INSERT INTO Occupancies(RoomNo, Date, ResID) VALUES (301, '2020-02-24', 548);
INSERT INTO Occupancies(RoomNo, Date, ResID) VALUES (301, '2020-02-25', 548);
#549
INSERT INTO Customers(Fname, Lname, Phone, Email) VALUES ("Susana", "Schultz", '841-996-2522', "Susana_Schultz@gmail.com");
INSERT INTO Reservations(ID, StartDate, EndDate, NumGuests, CustomerID, Source, BookedAt) VALUES(549, '2020-07-29', '2020-08-03', 3, 549, 'OTA', '2020-12-28 02:48:10');
INSERT INTO Occupancies(RoomNo, Date, ResID) VALUES (201, '2020-07-29', 549);
INSERT INTO Occupancies(RoomNo, Date, ResID) VALUES (201, '2020-07-30', 549);
INSERT INTO Occupancies(RoomNo, Date, ResID) VALUES (201, '2020-07-31', 549);
INSERT INTO Occupancies(RoomNo, Date, ResID) VALUES (201, '2020-08-01', 549);
INSERT INTO Occupancies(RoomNo, Date, ResID) VALUES (201, '2020-08-02', 549);
#550
INSERT INTO Customers(Fname, Lname, Phone, Email) VALUES ("Angela", "Haley", '365-730-3625', "Angela_Haley@gmail.com");
INSERT INTO Reservations(ID, StartDate, EndDate, NumGuests, CustomerID, Source, BookedAt) VALUES(550, '2021-10-06', '2021-10-08', 4, 550, 'corporate', '2020-12-28 02:48:10');
INSERT INTO Occupancies(RoomNo, Date, ResID) VALUES (303, '2021-10-06', 550);
INSERT INTO Occupancies(RoomNo, Date, ResID) VALUES (303, '2021-10-07', 550);
#551
INSERT INTO Customers(Fname, Lname, Phone, Email) VALUES ("Preston", "Schoen", '853-862-0259', "Preston_Schoen@gmail.com");
INSERT INTO Reservations(ID, StartDate, EndDate, NumGuests, CustomerID, Source, BookedAt) VALUES(551, '2020-09-04', '2020-09-07', 5, 551, 'direct', '2020-12-28 02:48:10');
INSERT INTO Occupancies(RoomNo, Date, ResID) VALUES (504, '2020-09-04', 551);
INSERT INTO Occupancies(RoomNo, Date, ResID) VALUES (504, '2020-09-05', 551);
INSERT INTO Occupancies(RoomNo, Date, ResID) VALUES (504, '2020-09-06', 551);
#552
INSERT INTO Customers(Fname, Lname, Phone, Email) VALUES ("Gudrun", "Jast", '968-675-8277', "Gudrun_Jast@gmail.com");
INSERT INTO Reservations(ID, StartDate, EndDate, NumGuests, CustomerID, Source, BookedAt) VALUES(552, '2020-02-11', '2020-02-13', 2, 552, 'OTA', '2020-12-28 02:48:10');
INSERT INTO Occupancies(RoomNo, Date, ResID) VALUES (302, '2020-02-11', 552);
INSERT INTO Occupancies(RoomNo, Date, ResID) VALUES (302, '2020-02-12', 552);
#553
INSERT INTO Customers(Fname, Lname, Phone, Email) VALUES ("Mitchel", "Kreiger", '254-542-4296', "Mitchel_Kreiger@gmail.com");
INSERT INTO Reservations(ID, StartDate, EndDate, NumGuests, CustomerID, Source, BookedAt) VALUES(553, '2020-03-21', '2020-03-23', 1, 553, 'corporate', '2020-12-28 02:48:10');
INSERT INTO Occupancies(RoomNo, Date, ResID) VALUES (501, '2020-03-21', 553);
INSERT INTO Occupancies(RoomNo, Date, ResID) VALUES (501, '2020-03-22', 553);
#554
INSERT INTO Customers(Fname, Lname, Phone, Email) VALUES ("Angelita", "McLaughlin", '431-978-2063', "Angelita_McLaughlin@gmail.com");
INSERT INTO Reservations(ID, StartDate, EndDate, NumGuests, CustomerID, Source, BookedAt) VALUES(554, '2020-01-28', '2020-02-02', 1, 554, 'OTA', '2020-12-28 02:48:10');
INSERT INTO Occupancies(RoomNo, Date, ResID) VALUES (302, '2020-01-28', 554);
INSERT INTO Occupancies(RoomNo, Date, ResID) VALUES (302, '2020-01-29', 554);
INSERT INTO Occupancies(RoomNo, Date, ResID) VALUES (302, '2020-01-30', 554);
INSERT INTO Occupancies(RoomNo, Date, ResID) VALUES (302, '2020-01-31', 554);
INSERT INTO Occupancies(RoomNo, Date, ResID) VALUES (302, '2020-02-01', 554);
#555
INSERT INTO Customers(Fname, Lname, Phone, Email) VALUES ("Delmer", "Pagac", '414-675-8659', "Delmer_Pagac@gmail.com");
INSERT INTO Reservations(ID, StartDate, EndDate, NumGuests, CustomerID, Source, BookedAt) VALUES(555, '2020-01-01', '2020-01-05', 4, 555, 'OTA', '2020-12-28 02:48:10');
INSERT INTO Occupancies(RoomNo, Date, ResID) VALUES (406, '2020-01-01', 555);
INSERT INTO Occupancies(RoomNo, Date, ResID) VALUES (406, '2020-01-02', 555);
INSERT INTO Occupancies(RoomNo, Date, ResID) VALUES (406, '2020-01-03', 555);
INSERT INTO Occupancies(RoomNo, Date, ResID) VALUES (406, '2020-01-04', 555);
#556
INSERT INTO Customers(Fname, Lname, Phone, Email) VALUES ("Kennith", "Mann", '401-586-2149', "Kennith_Mann@gmail.com");
INSERT INTO Reservations(ID, StartDate, EndDate, NumGuests, CustomerID, Source, BookedAt) VALUES(556, '2021-07-22', '2021-07-27', 3, 556, 'direct', '2020-12-28 02:48:10');
INSERT INTO Occupancies(RoomNo, Date, ResID) VALUES (402, '2021-07-22', 556);
INSERT INTO Occupancies(RoomNo, Date, ResID) VALUES (402, '2021-07-23', 556);
INSERT INTO Occupancies(RoomNo, Date, ResID) VALUES (402, '2021-07-24', 556);
INSERT INTO Occupancies(RoomNo, Date, ResID) VALUES (402, '2021-07-25', 556);
INSERT INTO Occupancies(RoomNo, Date, ResID) VALUES (402, '2021-07-26', 556);
#557
INSERT INTO Customers(Fname, Lname, Phone, Email) VALUES ("Kole", "Morar", '859-454-4598', "Kole_Morar@gmail.com");
INSERT INTO Reservations(ID, StartDate, EndDate, NumGuests, CustomerID, Source, BookedAt) VALUES(557, '2020-11-29', '2020-12-04', 1, 557, 'agency', '2020-12-28 02:48:10');
INSERT INTO Occupancies(RoomNo, Date, ResID) VALUES (201, '2020-11-29', 557);
INSERT INTO Occupancies(RoomNo, Date, ResID) VALUES (201, '2020-11-30', 557);
INSERT INTO Occupancies(RoomNo, Date, ResID) VALUES (201, '2020-12-01', 557);
INSERT INTO Occupancies(RoomNo, Date, ResID) VALUES (201, '2020-12-02', 557);
INSERT INTO Occupancies(RoomNo, Date, ResID) VALUES (201, '2020-12-03', 557);
#558
INSERT INTO Customers(Fname, Lname, Phone, Email) VALUES ("Frieda", "Watsica", '641-242-2725', "Frieda_Watsica@gmail.com");
INSERT INTO Reservations(ID, StartDate, EndDate, NumGuests, CustomerID, Source, BookedAt) VALUES(558, '2020-01-16', '2020-01-20', 1, 558, 'OTA', '2020-12-28 02:48:10');
INSERT INTO Occupancies(RoomNo, Date, ResID) VALUES (102, '2020-01-16', 558);
INSERT INTO Occupancies(RoomNo, Date, ResID) VALUES (102, '2020-01-17', 558);
INSERT INTO Occupancies(RoomNo, Date, ResID) VALUES (102, '2020-01-18', 558);
INSERT INTO Occupancies(RoomNo, Date, ResID) VALUES (102, '2020-01-19', 558);
#559
INSERT INTO Customers(Fname, Lname, Phone, Email) VALUES ("Rubie", "Baumbach", '682-544-4291', "Rubie_Baumbach@gmail.com");
INSERT INTO Reservations(ID, StartDate, EndDate, NumGuests, CustomerID, Source, BookedAt) VALUES(559, '2020-11-13', '2020-11-16', 2, 559, 'direct', '2020-12-28 02:48:10');
INSERT INTO Occupancies(RoomNo, Date, ResID) VALUES (403, '2020-11-13', 559);
INSERT INTO Occupancies(RoomNo, Date, ResID) VALUES (403, '2020-11-14', 559);
INSERT INTO Occupancies(RoomNo, Date, ResID) VALUES (403, '2020-11-15', 559);
#560
INSERT INTO Customers(Fname, Lname, Phone, Email) VALUES ("Norris", "Ziemann", '336-891-9662', "Norris_Ziemann@gmail.com");
INSERT INTO Reservations(ID, StartDate, EndDate, NumGuests, CustomerID, Source, BookedAt) VALUES(560, '2020-11-13', '2020-11-14', 5, 560, 'corporate', '2020-12-28 02:48:10');
INSERT INTO Occupancies(RoomNo, Date, ResID) VALUES (501, '2020-11-13', 560);
#561
INSERT INTO Customers(Fname, Lname, Phone, Email) VALUES ("Giovanna", "Maggio", '556-887-2634', "Giovanna_Maggio@gmail.com");
INSERT INTO Reservations(ID, StartDate, EndDate, NumGuests, CustomerID, Source, BookedAt) VALUES(561, '2021-05-27', '2021-05-31', 5, 561, 'direct', '2020-12-28 02:48:10');
INSERT INTO Occupancies(RoomNo, Date, ResID) VALUES (403, '2021-05-27', 561);
INSERT INTO Occupancies(RoomNo, Date, ResID) VALUES (403, '2021-05-28', 561);
INSERT INTO Occupancies(RoomNo, Date, ResID) VALUES (403, '2021-05-29', 561);
INSERT INTO Occupancies(RoomNo, Date, ResID) VALUES (403, '2021-05-30', 561);
#562
INSERT INTO Customers(Fname, Lname, Phone, Email) VALUES ("Lily", "Hudson", '464-418-6108', "Lily_Hudson@gmail.com");
INSERT INTO Reservations(ID, StartDate, EndDate, NumGuests, CustomerID, Source, BookedAt) VALUES(562, '2020-01-30', '2020-01-31', 1, 562, 'OTA', '2020-12-28 02:48:10');
INSERT INTO Occupancies(RoomNo, Date, ResID) VALUES (104, '2020-01-30', 562);
#563
INSERT INTO Customers(Fname, Lname, Phone, Email) VALUES ("Russel", "Abbott", '834-880-0839', "Russel_Abbott@gmail.com");
INSERT INTO Reservations(ID, StartDate, EndDate, NumGuests, CustomerID, Source, BookedAt) VALUES(563, '2020-08-25', '2020-08-27', 4, 563, 'agency', '2020-12-28 02:48:10');
INSERT INTO Occupancies(RoomNo, Date, ResID) VALUES (404, '2020-08-25', 563);
INSERT INTO Occupancies(RoomNo, Date, ResID) VALUES (404, '2020-08-26', 563);
#564
INSERT INTO Customers(Fname, Lname, Phone, Email) VALUES ("Xavier", "Purdy", '853-938-3928', "Xavier_Purdy@gmail.com");
INSERT INTO Reservations(ID, StartDate, EndDate, NumGuests, CustomerID, Source, BookedAt) VALUES(564, '2020-04-11', '2020-04-14', 2, 564, 'direct', '2020-12-28 02:48:10');
INSERT INTO Occupancies(RoomNo, Date, ResID) VALUES (501, '2020-04-11', 564);
INSERT INTO Occupancies(RoomNo, Date, ResID) VALUES (501, '2020-04-12', 564);
INSERT INTO Occupancies(RoomNo, Date, ResID) VALUES (501, '2020-04-13', 564);
#565
INSERT INTO Customers(Fname, Lname, Phone, Email) VALUES ("Mariana", "Morissette", '437-719-2815', "Mariana_Morissette@gmail.com");
INSERT INTO Reservations(ID, StartDate, EndDate, NumGuests, CustomerID, Source, BookedAt) VALUES(565, '2020-09-20', '2020-09-22', 3, 565, 'corporate', '2020-12-28 02:48:10');
INSERT INTO Occupancies(RoomNo, Date, ResID) VALUES (203, '2020-09-20', 565);
INSERT INTO Occupancies(RoomNo, Date, ResID) VALUES (203, '2020-09-21', 565);
#566
INSERT INTO Customers(Fname, Lname, Phone, Email) VALUES ("Nils", "Gleason", '708-673-3443', "Nils_Gleason@gmail.com");
INSERT INTO Reservations(ID, StartDate, EndDate, NumGuests, CustomerID, Source, BookedAt) VALUES(566, '2020-10-09', '2020-10-11', 5, 566, 'direct', '2020-12-28 02:48:10');
INSERT INTO Occupancies(RoomNo, Date, ResID) VALUES (205, '2020-10-09', 566);
INSERT INTO Occupancies(RoomNo, Date, ResID) VALUES (205, '2020-10-10', 566);
#567
INSERT INTO Customers(Fname, Lname, Phone, Email) VALUES ("Cedrick", "Corwin", '933-269-3739', "Cedrick_Corwin@gmail.com");
INSERT INTO Reservations(ID, StartDate, EndDate, NumGuests, CustomerID, Source, BookedAt) VALUES(567, '2020-08-11', '2020-08-13', 5, 567, 'agency', '2020-12-28 02:48:10');
INSERT INTO Occupancies(RoomNo, Date, ResID) VALUES (203, '2020-08-11', 567);
INSERT INTO Occupancies(RoomNo, Date, ResID) VALUES (203, '2020-08-12', 567);
#568
INSERT INTO Customers(Fname, Lname, Phone, Email) VALUES ("Schuyler", "Yundt", '540-217-2507', "Schuyler_Yundt@gmail.com");
INSERT INTO Reservations(ID, StartDate, EndDate, NumGuests, CustomerID, Source, BookedAt) VALUES(568, '2020-10-10', '2020-10-13', 1, 568, 'corporate', '2020-12-28 02:48:10');
INSERT INTO Occupancies(RoomNo, Date, ResID) VALUES (206, '2020-10-10', 568);
INSERT INTO Occupancies(RoomNo, Date, ResID) VALUES (206, '2020-10-11', 568);
INSERT INTO Occupancies(RoomNo, Date, ResID) VALUES (206, '2020-10-12', 568);
#569
INSERT INTO Customers(Fname, Lname, Phone, Email) VALUES ("Scottie", "Rath", '421-352-0618', "Scottie_Rath@gmail.com");
INSERT INTO Reservations(ID, StartDate, EndDate, NumGuests, CustomerID, Source, BookedAt) VALUES(569, '2020-01-17', '2020-01-20', 5, 569, 'OTA', '2020-12-28 02:48:10');
INSERT INTO Occupancies(RoomNo, Date, ResID) VALUES (506, '2020-01-17', 569);
INSERT INTO Occupancies(RoomNo, Date, ResID) VALUES (506, '2020-01-18', 569);
INSERT INTO Occupancies(RoomNo, Date, ResID) VALUES (506, '2020-01-19', 569);
#570
INSERT INTO Customers(Fname, Lname, Phone, Email) VALUES ("Anissa", "Hermann", '398-334-7600', "Anissa_Hermann@gmail.com");
INSERT INTO Reservations(ID, StartDate, EndDate, NumGuests, CustomerID, Source, BookedAt) VALUES(570, '2020-08-18', '2020-08-23', 3, 570, 'OTA', '2020-12-28 02:48:10');
INSERT INTO Occupancies(RoomNo, Date, ResID) VALUES (306, '2020-08-18', 570);
INSERT INTO Occupancies(RoomNo, Date, ResID) VALUES (306, '2020-08-19', 570);
INSERT INTO Occupancies(RoomNo, Date, ResID) VALUES (306, '2020-08-20', 570);
INSERT INTO Occupancies(RoomNo, Date, ResID) VALUES (306, '2020-08-21', 570);
INSERT INTO Occupancies(RoomNo, Date, ResID) VALUES (306, '2020-08-22', 570);
#571
INSERT INTO Customers(Fname, Lname, Phone, Email) VALUES ("Fleta", "Roberts", '419-318-9082', "Fleta_Roberts@gmail.com");
INSERT INTO Reservations(ID, StartDate, EndDate, NumGuests, CustomerID, Source, BookedAt) VALUES(571, '2021-04-11', '2021-04-14', 3, 571, 'OTA', '2020-12-28 02:48:10');
INSERT INTO Occupancies(RoomNo, Date, ResID) VALUES (202, '2021-04-11', 571);
INSERT INTO Occupancies(RoomNo, Date, ResID) VALUES (202, '2021-04-12', 571);
INSERT INTO Occupancies(RoomNo, Date, ResID) VALUES (202, '2021-04-13', 571);
#572
INSERT INTO Customers(Fname, Lname, Phone, Email) VALUES ("Kasandra", "Balistreri", '368-330-0102', "Kasandra_Balistreri@gmail.com");
INSERT INTO Reservations(ID, StartDate, EndDate, NumGuests, CustomerID, Source, BookedAt) VALUES(572, '2020-10-10', '2020-10-11', 5, 572, 'OTA', '2020-12-28 02:48:10');
INSERT INTO Occupancies(RoomNo, Date, ResID) VALUES (505, '2020-10-10', 572);
#573
INSERT INTO Customers(Fname, Lname, Phone, Email) VALUES ("Eveline", "Nolan", '324-463-6494', "Eveline_Nolan@gmail.com");
INSERT INTO Reservations(ID, StartDate, EndDate, NumGuests, CustomerID, Source, BookedAt) VALUES(573, '2020-04-06', '2020-04-09', 2, 573, 'agency', '2020-12-28 02:48:10');
INSERT INTO Occupancies(RoomNo, Date, ResID) VALUES (301, '2020-04-06', 573);
INSERT INTO Occupancies(RoomNo, Date, ResID) VALUES (301, '2020-04-07', 573);
INSERT INTO Occupancies(RoomNo, Date, ResID) VALUES (301, '2020-04-08', 573);
#574
INSERT INTO Customers(Fname, Lname, Phone, Email) VALUES ("Esmeralda", "Bogisich", '417-553-1355', "Esmeralda_Bogisich@gmail.com");
INSERT INTO Reservations(ID, StartDate, EndDate, NumGuests, CustomerID, Source, BookedAt) VALUES(574, '2020-05-14', '2020-05-15', 4, 574, 'corporate', '2020-12-28 02:48:10');
INSERT INTO Occupancies(RoomNo, Date, ResID) VALUES (304, '2020-05-14', 574);
#575
INSERT INTO Customers(Fname, Lname, Phone, Email) VALUES ("Alison", "Schulist", '246-712-0457', "Alison_Schulist@gmail.com");
INSERT INTO Reservations(ID, StartDate, EndDate, NumGuests, CustomerID, Source, BookedAt) VALUES(575, '2020-04-07', '2020-04-10', 1, 575, 'agency', '2020-12-28 02:48:10');
INSERT INTO Occupancies(RoomNo, Date, ResID) VALUES (406, '2020-04-07', 575);
INSERT INTO Occupancies(RoomNo, Date, ResID) VALUES (406, '2020-04-08', 575);
INSERT INTO Occupancies(RoomNo, Date, ResID) VALUES (406, '2020-04-09', 575);
#576
INSERT INTO Customers(Fname, Lname, Phone, Email) VALUES ("Gerson", "Jakubowski", '404-963-5120', "Gerson_Jakubowski@gmail.com");
INSERT INTO Reservations(ID, StartDate, EndDate, NumGuests, CustomerID, Source, BookedAt) VALUES(576, '2020-05-09', '2020-05-12', 4, 576, 'corporate', '2020-12-28 02:48:10');
INSERT INTO Occupancies(RoomNo, Date, ResID) VALUES (205, '2020-05-09', 576);
INSERT INTO Occupancies(RoomNo, Date, ResID) VALUES (205, '2020-05-10', 576);
INSERT INTO Occupancies(RoomNo, Date, ResID) VALUES (205, '2020-05-11', 576);
#577
INSERT INTO Customers(Fname, Lname, Phone, Email) VALUES ("Lavonne", "Mante", '757-308-0869', "Lavonne_Mante@gmail.com");
INSERT INTO Reservations(ID, StartDate, EndDate, NumGuests, CustomerID, Source, BookedAt) VALUES(577, '2021-04-07', '2021-04-12', 5, 577, 'OTA', '2020-12-28 02:48:10');
INSERT INTO Occupancies(RoomNo, Date, ResID) VALUES (306, '2021-04-07', 577);
INSERT INTO Occupancies(RoomNo, Date, ResID) VALUES (306, '2021-04-08', 577);
INSERT INTO Occupancies(RoomNo, Date, ResID) VALUES (306, '2021-04-09', 577);
INSERT INTO Occupancies(RoomNo, Date, ResID) VALUES (306, '2021-04-10', 577);
INSERT INTO Occupancies(RoomNo, Date, ResID) VALUES (306, '2021-04-11', 577);
#578
INSERT INTO Customers(Fname, Lname, Phone, Email) VALUES ("Kaya", "Kohler", '963-343-0451', "Kaya_Kohler@gmail.com");
INSERT INTO Reservations(ID, StartDate, EndDate, NumGuests, CustomerID, Source, BookedAt) VALUES(578, '2020-09-03', '2020-09-04', 4, 578, 'corporate', '2020-12-28 02:48:10');
INSERT INTO Occupancies(RoomNo, Date, ResID) VALUES (204, '2020-09-03', 578);
#579
INSERT INTO Customers(Fname, Lname, Phone, Email) VALUES ("Kaley", "Homenick", '865-656-5111', "Kaley_Homenick@gmail.com");
INSERT INTO Reservations(ID, StartDate, EndDate, NumGuests, CustomerID, Source, BookedAt) VALUES(579, '2020-11-21', '2020-11-22', 2, 579, 'direct', '2020-12-28 02:48:10');
INSERT INTO Occupancies(RoomNo, Date, ResID) VALUES (402, '2020-11-21', 579);
#580
INSERT INTO Customers(Fname, Lname, Phone, Email) VALUES ("Adrian", "Cartwright", '358-333-6707', "Adrian_Cartwright@gmail.com");
INSERT INTO Reservations(ID, StartDate, EndDate, NumGuests, CustomerID, Source, BookedAt) VALUES(580, '2020-02-24', '2020-02-27', 4, 580, 'direct', '2020-12-28 02:48:10');
INSERT INTO Occupancies(RoomNo, Date, ResID) VALUES (502, '2020-02-24', 580);
INSERT INTO Occupancies(RoomNo, Date, ResID) VALUES (502, '2020-02-25', 580);
INSERT INTO Occupancies(RoomNo, Date, ResID) VALUES (502, '2020-02-26', 580);
#581
INSERT INTO Customers(Fname, Lname, Phone, Email) VALUES ("Libbie", "Von", '843-795-9475', "Libbie_Von@gmail.com");
INSERT INTO Reservations(ID, StartDate, EndDate, NumGuests, CustomerID, Source, BookedAt) VALUES(581, '2021-08-22', '2021-08-23', 4, 581, 'direct', '2020-12-28 02:48:10');
INSERT INTO Occupancies(RoomNo, Date, ResID) VALUES (102, '2021-08-22', 581);
#582
INSERT INTO Customers(Fname, Lname, Phone, Email) VALUES ("Oda", "Rau", '681-959-2286', "Oda_Rau@gmail.com");
INSERT INTO Reservations(ID, StartDate, EndDate, NumGuests, CustomerID, Source, BookedAt) VALUES(582, '2021-07-19', '2021-07-23', 1, 582, 'direct', '2020-12-28 02:48:10');
INSERT INTO Occupancies(RoomNo, Date, ResID) VALUES (505, '2021-07-19', 582);
INSERT INTO Occupancies(RoomNo, Date, ResID) VALUES (505, '2021-07-20', 582);
INSERT INTO Occupancies(RoomNo, Date, ResID) VALUES (505, '2021-07-21', 582);
INSERT INTO Occupancies(RoomNo, Date, ResID) VALUES (505, '2021-07-22', 582);
#583
INSERT INTO Customers(Fname, Lname, Phone, Email) VALUES ("Alva", "Swaniawski", '347-273-3608', "Alva_Swaniawski@gmail.com");
INSERT INTO Reservations(ID, StartDate, EndDate, NumGuests, CustomerID, Source, BookedAt) VALUES(583, '2020-11-25', '2020-11-26', 1, 583, 'direct', '2020-12-28 02:48:10');
INSERT INTO Occupancies(RoomNo, Date, ResID) VALUES (306, '2020-11-25', 583);
#584
INSERT INTO Customers(Fname, Lname, Phone, Email) VALUES ("Grady", "Rath", '204-440-6867', "Grady_Rath@gmail.com");
INSERT INTO Reservations(ID, StartDate, EndDate, NumGuests, CustomerID, Source, BookedAt) VALUES(584, '2020-04-23', '2020-04-28', 1, 584, 'direct', '2020-12-28 02:48:10');
INSERT INTO Occupancies(RoomNo, Date, ResID) VALUES (204, '2020-04-23', 584);
INSERT INTO Occupancies(RoomNo, Date, ResID) VALUES (204, '2020-04-24', 584);
INSERT INTO Occupancies(RoomNo, Date, ResID) VALUES (204, '2020-04-25', 584);
INSERT INTO Occupancies(RoomNo, Date, ResID) VALUES (204, '2020-04-26', 584);
INSERT INTO Occupancies(RoomNo, Date, ResID) VALUES (204, '2020-04-27', 584);
#585
INSERT INTO Customers(Fname, Lname, Phone, Email) VALUES ("Cooper", "Schmeler", '471-238-4776', "Cooper_Schmeler@gmail.com");
INSERT INTO Reservations(ID, StartDate, EndDate, NumGuests, CustomerID, Source, BookedAt) VALUES(585, '2020-05-10', '2020-05-15', 2, 585, 'corporate', '2020-12-28 02:48:10');
INSERT INTO Occupancies(RoomNo, Date, ResID) VALUES (203, '2020-05-10', 585);
INSERT INTO Occupancies(RoomNo, Date, ResID) VALUES (203, '2020-05-11', 585);
INSERT INTO Occupancies(RoomNo, Date, ResID) VALUES (203, '2020-05-12', 585);
INSERT INTO Occupancies(RoomNo, Date, ResID) VALUES (203, '2020-05-13', 585);
INSERT INTO Occupancies(RoomNo, Date, ResID) VALUES (203, '2020-05-14', 585);
#586
INSERT INTO Customers(Fname, Lname, Phone, Email) VALUES ("Samson", "Robel", '918-981-6765', "Samson_Robel@gmail.com");
INSERT INTO Reservations(ID, StartDate, EndDate, NumGuests, CustomerID, Source, BookedAt) VALUES(586, '2020-09-07', '2020-09-10', 4, 586, 'OTA', '2020-12-28 02:48:10');
INSERT INTO Occupancies(RoomNo, Date, ResID) VALUES (205, '2020-09-07', 586);
INSERT INTO Occupancies(RoomNo, Date, ResID) VALUES (205, '2020-09-08', 586);
INSERT INTO Occupancies(RoomNo, Date, ResID) VALUES (205, '2020-09-09', 586);
#587
INSERT INTO Customers(Fname, Lname, Phone, Email) VALUES ("Lowell", "Morissette", '622-764-4375', "Lowell_Morissette@gmail.com");
INSERT INTO Reservations(ID, StartDate, EndDate, NumGuests, CustomerID, Source, BookedAt) VALUES(587, '2021-12-13', '2021-12-15', 5, 587, 'direct', '2020-12-28 02:48:10');
INSERT INTO Occupancies(RoomNo, Date, ResID) VALUES (401, '2021-12-13', 587);
INSERT INTO Occupancies(RoomNo, Date, ResID) VALUES (401, '2021-12-14', 587);
#588
INSERT INTO Customers(Fname, Lname, Phone, Email) VALUES ("Jillian", "Stokes", '822-962-7766', "Jillian_Stokes@gmail.com");
INSERT INTO Reservations(ID, StartDate, EndDate, NumGuests, CustomerID, Source, BookedAt) VALUES(588, '2020-11-05', '2020-11-09', 5, 588, 'direct', '2020-12-28 02:48:10');
INSERT INTO Occupancies(RoomNo, Date, ResID) VALUES (402, '2020-11-05', 588);
INSERT INTO Occupancies(RoomNo, Date, ResID) VALUES (402, '2020-11-06', 588);
INSERT INTO Occupancies(RoomNo, Date, ResID) VALUES (402, '2020-11-07', 588);
INSERT INTO Occupancies(RoomNo, Date, ResID) VALUES (402, '2020-11-08', 588);
#589
INSERT INTO Customers(Fname, Lname, Phone, Email) VALUES ("Rosa", "Aufderhar", '277-952-4582', "Rosa_Aufderhar@gmail.com");
INSERT INTO Reservations(ID, StartDate, EndDate, NumGuests, CustomerID, Source, BookedAt) VALUES(589, '2021-10-07', '2021-10-10', 1, 589, 'OTA', '2020-12-28 02:48:10');
INSERT INTO Occupancies(RoomNo, Date, ResID) VALUES (106, '2021-10-07', 589);
INSERT INTO Occupancies(RoomNo, Date, ResID) VALUES (106, '2021-10-08', 589);
INSERT INTO Occupancies(RoomNo, Date, ResID) VALUES (106, '2021-10-09', 589);
#590
INSERT INTO Customers(Fname, Lname, Phone, Email) VALUES ("Tracey", "Ratke", '715-477-1391', "Tracey_Ratke@gmail.com");
INSERT INTO Reservations(ID, StartDate, EndDate, NumGuests, CustomerID, Source, BookedAt) VALUES(590, '2021-02-20', '2021-02-24', 4, 590, 'corporate', '2020-12-28 02:48:10');
INSERT INTO Occupancies(RoomNo, Date, ResID) VALUES (202, '2021-02-20', 590);
INSERT INTO Occupancies(RoomNo, Date, ResID) VALUES (202, '2021-02-21', 590);
INSERT INTO Occupancies(RoomNo, Date, ResID) VALUES (202, '2021-02-22', 590);
INSERT INTO Occupancies(RoomNo, Date, ResID) VALUES (202, '2021-02-23', 590);
#591
INSERT INTO Customers(Fname, Lname, Phone, Email) VALUES ("Jasmin", "Spencer", '914-262-0869', "Jasmin_Spencer@gmail.com");
INSERT INTO Reservations(ID, StartDate, EndDate, NumGuests, CustomerID, Source, BookedAt) VALUES(591, '2020-11-18', '2020-11-19', 2, 591, 'OTA', '2020-12-28 02:48:10');
INSERT INTO Occupancies(RoomNo, Date, ResID) VALUES (504, '2020-11-18', 591);
#592
INSERT INTO Customers(Fname, Lname, Phone, Email) VALUES ("Fletcher", "Spinka", '856-515-5889', "Fletcher_Spinka@gmail.com");
INSERT INTO Reservations(ID, StartDate, EndDate, NumGuests, CustomerID, Source, BookedAt) VALUES(592, '2020-08-13', '2020-08-14', 1, 592, 'OTA', '2020-12-28 02:48:10');
INSERT INTO Occupancies(RoomNo, Date, ResID) VALUES (502, '2020-08-13', 592);
#593
INSERT INTO Customers(Fname, Lname, Phone, Email) VALUES ("Abbigail", "Simonis", '675-686-1847', "Abbigail_Simonis@gmail.com");
INSERT INTO Reservations(ID, StartDate, EndDate, NumGuests, CustomerID, Source, BookedAt) VALUES(593, '2020-06-23', '2020-06-26', 3, 593, 'OTA', '2020-12-28 02:48:10');
INSERT INTO Occupancies(RoomNo, Date, ResID) VALUES (506, '2020-06-23', 593);
INSERT INTO Occupancies(RoomNo, Date, ResID) VALUES (506, '2020-06-24', 593);
INSERT INTO Occupancies(RoomNo, Date, ResID) VALUES (506, '2020-06-25', 593);
#594
INSERT INTO Customers(Fname, Lname, Phone, Email) VALUES ("Avery", "Treutel", '848-393-2728', "Avery_Treutel@gmail.com");
INSERT INTO Reservations(ID, StartDate, EndDate, NumGuests, CustomerID, Source, BookedAt) VALUES(594, '2020-10-10', '2020-10-12', 4, 594, 'direct', '2020-12-28 02:48:10');
INSERT INTO Occupancies(RoomNo, Date, ResID) VALUES (506, '2020-10-10', 594);
INSERT INTO Occupancies(RoomNo, Date, ResID) VALUES (506, '2020-10-11', 594);
#595
INSERT INTO Customers(Fname, Lname, Phone, Email) VALUES ("Jacinto", "Roob", '997-847-8093', "Jacinto_Roob@gmail.com");
INSERT INTO Reservations(ID, StartDate, EndDate, NumGuests, CustomerID, Source, BookedAt) VALUES(595, '2020-01-18', '2020-01-20', 1, 595, 'OTA', '2020-12-28 02:48:10');
INSERT INTO Occupancies(RoomNo, Date, ResID) VALUES (305, '2020-01-18', 595);
INSERT INTO Occupancies(RoomNo, Date, ResID) VALUES (305, '2020-01-19', 595);
#596
INSERT INTO Customers(Fname, Lname, Phone, Email) VALUES ("Jacques", "Friesen", '985-603-6934', "Jacques_Friesen@gmail.com");
INSERT INTO Reservations(ID, StartDate, EndDate, NumGuests, CustomerID, Source, BookedAt) VALUES(596, '2020-10-23', '2020-10-27', 2, 596, 'agency', '2020-12-28 02:48:10');
INSERT INTO Occupancies(RoomNo, Date, ResID) VALUES (503, '2020-10-23', 596);
INSERT INTO Occupancies(RoomNo, Date, ResID) VALUES (503, '2020-10-24', 596);
INSERT INTO Occupancies(RoomNo, Date, ResID) VALUES (503, '2020-10-25', 596);
INSERT INTO Occupancies(RoomNo, Date, ResID) VALUES (503, '2020-10-26', 596);
#597
INSERT INTO Customers(Fname, Lname, Phone, Email) VALUES ("Laurianne", "Ryan", '849-771-1473', "Laurianne_Ryan@gmail.com");
INSERT INTO Reservations(ID, StartDate, EndDate, NumGuests, CustomerID, Source, BookedAt) VALUES(597, '2020-02-02', '2020-02-07', 1, 597, 'OTA', '2020-12-28 02:48:10');
INSERT INTO Occupancies(RoomNo, Date, ResID) VALUES (404, '2020-02-02', 597);
INSERT INTO Occupancies(RoomNo, Date, ResID) VALUES (404, '2020-02-03', 597);
INSERT INTO Occupancies(RoomNo, Date, ResID) VALUES (404, '2020-02-04', 597);
INSERT INTO Occupancies(RoomNo, Date, ResID) VALUES (404, '2020-02-05', 597);
INSERT INTO Occupancies(RoomNo, Date, ResID) VALUES (404, '2020-02-06', 597);
#598
INSERT INTO Customers(Fname, Lname, Phone, Email) VALUES ("Lexus", "Batz", '417-299-9293', "Lexus_Batz@gmail.com");
INSERT INTO Reservations(ID, StartDate, EndDate, NumGuests, CustomerID, Source, BookedAt) VALUES(598, '2021-01-01', '2021-01-02', 2, 598, 'direct', '2020-12-28 02:48:10');
INSERT INTO Occupancies(RoomNo, Date, ResID) VALUES (106, '2021-01-01', 598);
#599
INSERT INTO Customers(Fname, Lname, Phone, Email) VALUES ("Kathryne", "Hodkiewicz", '870-312-9605', "Kathryne_Hodkiewicz@gmail.com");
INSERT INTO Reservations(ID, StartDate, EndDate, NumGuests, CustomerID, Source, BookedAt) VALUES(599, '2020-03-16', '2020-03-18', 5, 599, 'agency', '2020-12-28 02:48:10');
INSERT INTO Occupancies(RoomNo, Date, ResID) VALUES (205, '2020-03-16', 599);
INSERT INTO Occupancies(RoomNo, Date, ResID) VALUES (205, '2020-03-17', 599);
#600
INSERT INTO Customers(Fname, Lname, Phone, Email) VALUES ("Jarrett", "Bailey", '321-775-2510', "Jarrett_Bailey@gmail.com");
INSERT INTO Reservations(ID, StartDate, EndDate, NumGuests, CustomerID, Source, BookedAt) VALUES(600, '2020-03-07', '2020-03-08', 2, 600, 'direct', '2020-12-28 02:48:10');
INSERT INTO Occupancies(RoomNo, Date, ResID) VALUES (105, '2020-03-07', 600);
#601
INSERT INTO Customers(Fname, Lname, Phone, Email) VALUES ("Al", "Schoen", '471-646-4007', "Al_Schoen@gmail.com");
INSERT INTO Reservations(ID, StartDate, EndDate, NumGuests, CustomerID, Source, BookedAt) VALUES(601, '2020-07-24', '2020-07-25', 1, 601, 'direct', '2020-12-28 02:48:10');
INSERT INTO Occupancies(RoomNo, Date, ResID) VALUES (303, '2020-07-24', 601);
#602
INSERT INTO Customers(Fname, Lname, Phone, Email) VALUES ("Reilly", "Keebler", '420-334-5771', "Reilly_Keebler@gmail.com");
INSERT INTO Reservations(ID, StartDate, EndDate, NumGuests, CustomerID, Source, BookedAt) VALUES(602, '2020-04-16', '2020-04-21', 3, 602, 'OTA', '2020-12-28 02:48:10');
INSERT INTO Occupancies(RoomNo, Date, ResID) VALUES (305, '2020-04-16', 602);
INSERT INTO Occupancies(RoomNo, Date, ResID) VALUES (305, '2020-04-17', 602);
INSERT INTO Occupancies(RoomNo, Date, ResID) VALUES (305, '2020-04-18', 602);
INSERT INTO Occupancies(RoomNo, Date, ResID) VALUES (305, '2020-04-19', 602);
INSERT INTO Occupancies(RoomNo, Date, ResID) VALUES (305, '2020-04-20', 602);
#603
INSERT INTO Customers(Fname, Lname, Phone, Email) VALUES ("Maud", "Little", '879-245-7128', "Maud_Little@gmail.com");
INSERT INTO Reservations(ID, StartDate, EndDate, NumGuests, CustomerID, Source, BookedAt) VALUES(603, '2020-07-16', '2020-07-19', 4, 603, 'corporate', '2020-12-28 02:48:10');
INSERT INTO Occupancies(RoomNo, Date, ResID) VALUES (302, '2020-07-16', 603);
INSERT INTO Occupancies(RoomNo, Date, ResID) VALUES (302, '2020-07-17', 603);
INSERT INTO Occupancies(RoomNo, Date, ResID) VALUES (302, '2020-07-18', 603);
#604
INSERT INTO Customers(Fname, Lname, Phone, Email) VALUES ("Rahul", "Ebert", '287-912-9880', "Rahul_Ebert@gmail.com");
INSERT INTO Reservations(ID, StartDate, EndDate, NumGuests, CustomerID, Source, BookedAt) VALUES(604, '2020-02-23', '2020-02-27', 1, 604, 'direct', '2020-12-28 02:48:10');
INSERT INTO Occupancies(RoomNo, Date, ResID) VALUES (506, '2020-02-23', 604);
INSERT INTO Occupancies(RoomNo, Date, ResID) VALUES (506, '2020-02-24', 604);
INSERT INTO Occupancies(RoomNo, Date, ResID) VALUES (506, '2020-02-25', 604);
INSERT INTO Occupancies(RoomNo, Date, ResID) VALUES (506, '2020-02-26', 604);
#605
INSERT INTO Customers(Fname, Lname, Phone, Email) VALUES ("Marta", "Lesch", '406-278-5081', "Marta_Lesch@gmail.com");
INSERT INTO Reservations(ID, StartDate, EndDate, NumGuests, CustomerID, Source, BookedAt) VALUES(605, '2021-06-05', '2021-06-09', 2, 605, 'OTA', '2020-12-28 02:48:10');
INSERT INTO Occupancies(RoomNo, Date, ResID) VALUES (305, '2021-06-05', 605);
INSERT INTO Occupancies(RoomNo, Date, ResID) VALUES (305, '2021-06-06', 605);
INSERT INTO Occupancies(RoomNo, Date, ResID) VALUES (305, '2021-06-07', 605);
INSERT INTO Occupancies(RoomNo, Date, ResID) VALUES (305, '2021-06-08', 605);
#606
INSERT INTO Customers(Fname, Lname, Phone, Email) VALUES ("Marcel", "Maggio", '537-690-8408', "Marcel_Maggio@gmail.com");
INSERT INTO Reservations(ID, StartDate, EndDate, NumGuests, CustomerID, Source, BookedAt) VALUES(606, '2020-03-07', '2020-03-08', 2, 606, 'OTA', '2020-12-28 02:48:10');
INSERT INTO Occupancies(RoomNo, Date, ResID) VALUES (106, '2020-03-07', 606);
#607
INSERT INTO Customers(Fname, Lname, Phone, Email) VALUES ("Jayden", "Mann", '230-404-8797', "Jayden_Mann@gmail.com");
INSERT INTO Reservations(ID, StartDate, EndDate, NumGuests, CustomerID, Source, BookedAt) VALUES(607, '2021-03-02', '2021-03-05', 4, 607, 'OTA', '2020-12-28 02:48:10');
INSERT INTO Occupancies(RoomNo, Date, ResID) VALUES (504, '2021-03-02', 607);
INSERT INTO Occupancies(RoomNo, Date, ResID) VALUES (504, '2021-03-03', 607);
INSERT INTO Occupancies(RoomNo, Date, ResID) VALUES (504, '2021-03-04', 607);
#608
INSERT INTO Customers(Fname, Lname, Phone, Email) VALUES ("Arch", "Ullrich", '374-505-2724', "Arch_Ullrich@gmail.com");
INSERT INTO Reservations(ID, StartDate, EndDate, NumGuests, CustomerID, Source, BookedAt) VALUES(608, '2021-11-01', '2021-11-04', 5, 608, 'OTA', '2020-12-28 02:48:10');
INSERT INTO Occupancies(RoomNo, Date, ResID) VALUES (203, '2021-11-01', 608);
INSERT INTO Occupancies(RoomNo, Date, ResID) VALUES (203, '2021-11-02', 608);
INSERT INTO Occupancies(RoomNo, Date, ResID) VALUES (203, '2021-11-03', 608);
#609
INSERT INTO Customers(Fname, Lname, Phone, Email) VALUES ("Amy", "Tremblay", '508-769-5623', "Amy_Tremblay@gmail.com");
INSERT INTO Reservations(ID, StartDate, EndDate, NumGuests, CustomerID, Source, BookedAt) VALUES(609, '2020-02-07', '2020-02-09', 2, 609, 'OTA', '2020-12-28 02:48:10');
INSERT INTO Occupancies(RoomNo, Date, ResID) VALUES (201, '2020-02-07', 609);
INSERT INTO Occupancies(RoomNo, Date, ResID) VALUES (201, '2020-02-08', 609);
#610
INSERT INTO Customers(Fname, Lname, Phone, Email) VALUES ("Ernestine", "Bosco", '889-401-3589', "Ernestine_Bosco@gmail.com");
INSERT INTO Reservations(ID, StartDate, EndDate, NumGuests, CustomerID, Source, BookedAt) VALUES(610, '2021-07-17', '2021-07-22', 5, 610, 'agency', '2020-12-28 02:48:10');
INSERT INTO Occupancies(RoomNo, Date, ResID) VALUES (101, '2021-07-17', 610);
INSERT INTO Occupancies(RoomNo, Date, ResID) VALUES (101, '2021-07-18', 610);
INSERT INTO Occupancies(RoomNo, Date, ResID) VALUES (101, '2021-07-19', 610);
INSERT INTO Occupancies(RoomNo, Date, ResID) VALUES (101, '2021-07-20', 610);
INSERT INTO Occupancies(RoomNo, Date, ResID) VALUES (101, '2021-07-21', 610);
#611
INSERT INTO Customers(Fname, Lname, Phone, Email) VALUES ("Javon", "Hagenes", '897-973-7934', "Javon_Hagenes@gmail.com");
INSERT INTO Reservations(ID, StartDate, EndDate, NumGuests, CustomerID, Source, BookedAt) VALUES(611, '2019-12-31', '2020-01-01', 4, 611, 'direct', '2020-12-28 02:48:10');
INSERT INTO Occupancies(RoomNo, Date, ResID) VALUES (102, '2019-12-31', 611);
#612
INSERT INTO Customers(Fname, Lname, Phone, Email) VALUES ("Dameon", "Luettgen", '281-443-1740', "Dameon_Luettgen@gmail.com");
INSERT INTO Reservations(ID, StartDate, EndDate, NumGuests, CustomerID, Source, BookedAt) VALUES(612, '2021-06-05', '2021-06-09', 1, 612, 'OTA', '2020-12-28 02:48:10');
INSERT INTO Occupancies(RoomNo, Date, ResID) VALUES (303, '2021-06-05', 612);
INSERT INTO Occupancies(RoomNo, Date, ResID) VALUES (303, '2021-06-06', 612);
INSERT INTO Occupancies(RoomNo, Date, ResID) VALUES (303, '2021-06-07', 612);
INSERT INTO Occupancies(RoomNo, Date, ResID) VALUES (303, '2021-06-08', 612);
#613
INSERT INTO Customers(Fname, Lname, Phone, Email) VALUES ("Minnie", "Kovacek", '447-437-8611', "Minnie_Kovacek@gmail.com");
INSERT INTO Reservations(ID, StartDate, EndDate, NumGuests, CustomerID, Source, BookedAt) VALUES(613, '2021-12-16', '2021-12-19', 3, 613, 'agency', '2020-12-28 02:48:10');
INSERT INTO Occupancies(RoomNo, Date, ResID) VALUES (201, '2021-12-16', 613);
INSERT INTO Occupancies(RoomNo, Date, ResID) VALUES (201, '2021-12-17', 613);
INSERT INTO Occupancies(RoomNo, Date, ResID) VALUES (201, '2021-12-18', 613);
#614
INSERT INTO Customers(Fname, Lname, Phone, Email) VALUES ("Ella", "Reichel", '941-987-4078', "Ella_Reichel@gmail.com");
INSERT INTO Reservations(ID, StartDate, EndDate, NumGuests, CustomerID, Source, BookedAt) VALUES(614, '2020-08-28', '2020-08-29', 3, 614, 'OTA', '2020-12-28 02:48:10');
INSERT INTO Occupancies(RoomNo, Date, ResID) VALUES (505, '2020-08-28', 614);
#615
INSERT INTO Customers(Fname, Lname, Phone, Email) VALUES ("Kylee", "Schroeder", '593-397-1221', "Kylee_Schroeder@gmail.com");
INSERT INTO Reservations(ID, StartDate, EndDate, NumGuests, CustomerID, Source, BookedAt) VALUES(615, '2020-01-10', '2020-01-15', 1, 615, 'agency', '2020-12-28 02:48:10');
INSERT INTO Occupancies(RoomNo, Date, ResID) VALUES (502, '2020-01-10', 615);
INSERT INTO Occupancies(RoomNo, Date, ResID) VALUES (502, '2020-01-11', 615);
INSERT INTO Occupancies(RoomNo, Date, ResID) VALUES (502, '2020-01-12', 615);
INSERT INTO Occupancies(RoomNo, Date, ResID) VALUES (502, '2020-01-13', 615);
INSERT INTO Occupancies(RoomNo, Date, ResID) VALUES (502, '2020-01-14', 615);
#616
INSERT INTO Customers(Fname, Lname, Phone, Email) VALUES ("Freddy", "Batz", '566-716-6735', "Freddy_Batz@gmail.com");
INSERT INTO Reservations(ID, StartDate, EndDate, NumGuests, CustomerID, Source, BookedAt) VALUES(616, '2020-03-12', '2020-03-17', 5, 616, 'corporate', '2020-12-28 02:48:10');
INSERT INTO Occupancies(RoomNo, Date, ResID) VALUES (406, '2020-03-12', 616);
INSERT INTO Occupancies(RoomNo, Date, ResID) VALUES (406, '2020-03-13', 616);
INSERT INTO Occupancies(RoomNo, Date, ResID) VALUES (406, '2020-03-14', 616);
INSERT INTO Occupancies(RoomNo, Date, ResID) VALUES (406, '2020-03-15', 616);
INSERT INTO Occupancies(RoomNo, Date, ResID) VALUES (406, '2020-03-16', 616);
#617
INSERT INTO Customers(Fname, Lname, Phone, Email) VALUES ("Estefania", "Stehr", '249-851-8352', "Estefania_Stehr@gmail.com");
INSERT INTO Reservations(ID, StartDate, EndDate, NumGuests, CustomerID, Source, BookedAt) VALUES(617, '2020-11-22', '2020-11-23', 5, 617, 'agency', '2020-12-28 02:48:10');
INSERT INTO Occupancies(RoomNo, Date, ResID) VALUES (504, '2020-11-22', 617);
#618
INSERT INTO Customers(Fname, Lname, Phone, Email) VALUES ("Modesto", "Durgan", '866-719-1105', "Modesto_Durgan@gmail.com");
INSERT INTO Reservations(ID, StartDate, EndDate, NumGuests, CustomerID, Source, BookedAt) VALUES(618, '2021-05-03', '2021-05-08', 4, 618, 'agency', '2020-12-28 02:48:10');
INSERT INTO Occupancies(RoomNo, Date, ResID) VALUES (401, '2021-05-03', 618);
INSERT INTO Occupancies(RoomNo, Date, ResID) VALUES (401, '2021-05-04', 618);
INSERT INTO Occupancies(RoomNo, Date, ResID) VALUES (401, '2021-05-05', 618);
INSERT INTO Occupancies(RoomNo, Date, ResID) VALUES (401, '2021-05-06', 618);
INSERT INTO Occupancies(RoomNo, Date, ResID) VALUES (401, '2021-05-07', 618);
#619
INSERT INTO Customers(Fname, Lname, Phone, Email) VALUES ("Daija", "Rolfson", '394-734-8310', "Daija_Rolfson@gmail.com");
INSERT INTO Reservations(ID, StartDate, EndDate, NumGuests, CustomerID, Source, BookedAt) VALUES(619, '2021-05-28', '2021-05-29', 4, 619, 'direct', '2020-12-28 02:48:10');
INSERT INTO Occupancies(RoomNo, Date, ResID) VALUES (505, '2021-05-28', 619);
#620
INSERT INTO Customers(Fname, Lname, Phone, Email) VALUES ("Abby", "Johns", '565-683-0150', "Abby_Johns@gmail.com");
INSERT INTO Reservations(ID, StartDate, EndDate, NumGuests, CustomerID, Source, BookedAt) VALUES(620, '2020-07-21', '2020-07-23', 4, 620, 'direct', '2020-12-28 02:48:10');
INSERT INTO Occupancies(RoomNo, Date, ResID) VALUES (305, '2020-07-21', 620);
INSERT INTO Occupancies(RoomNo, Date, ResID) VALUES (305, '2020-07-22', 620);
#621
INSERT INTO Customers(Fname, Lname, Phone, Email) VALUES ("May", "Walker", '423-304-2284', "May_Walker@gmail.com");
INSERT INTO Reservations(ID, StartDate, EndDate, NumGuests, CustomerID, Source, BookedAt) VALUES(621, '2020-08-20', '2020-08-23', 3, 621, 'corporate', '2020-12-28 02:48:10');
INSERT INTO Occupancies(RoomNo, Date, ResID) VALUES (506, '2020-08-20', 621);
INSERT INTO Occupancies(RoomNo, Date, ResID) VALUES (506, '2020-08-21', 621);
INSERT INTO Occupancies(RoomNo, Date, ResID) VALUES (506, '2020-08-22', 621);
#622
INSERT INTO Customers(Fname, Lname, Phone, Email) VALUES ("Hester", "McDermott", '775-815-3617', "Hester_McDermott@gmail.com");
INSERT INTO Reservations(ID, StartDate, EndDate, NumGuests, CustomerID, Source, BookedAt) VALUES(622, '2020-12-23', '2020-12-26', 2, 622, 'corporate', '2020-12-28 02:48:10');
INSERT INTO Occupancies(RoomNo, Date, ResID) VALUES (106, '2020-12-23', 622);
INSERT INTO Occupancies(RoomNo, Date, ResID) VALUES (106, '2020-12-24', 622);
INSERT INTO Occupancies(RoomNo, Date, ResID) VALUES (106, '2020-12-25', 622);
#623
INSERT INTO Customers(Fname, Lname, Phone, Email) VALUES ("Betty", "Orn", '736-865-7555', "Betty_Orn@gmail.com");
INSERT INTO Reservations(ID, StartDate, EndDate, NumGuests, CustomerID, Source, BookedAt) VALUES(623, '2020-05-19', '2020-05-20', 5, 623, 'OTA', '2020-12-28 02:48:10');
INSERT INTO Occupancies(RoomNo, Date, ResID) VALUES (403, '2020-05-19', 623);
#624
INSERT INTO Customers(Fname, Lname, Phone, Email) VALUES ("Randal", "Osinski", '737-704-3826', "Randal_Osinski@gmail.com");
INSERT INTO Reservations(ID, StartDate, EndDate, NumGuests, CustomerID, Source, BookedAt) VALUES(624, '2020-02-11', '2020-02-14', 4, 624, 'agency', '2020-12-28 02:48:10');
INSERT INTO Occupancies(RoomNo, Date, ResID) VALUES (403, '2020-02-11', 624);
INSERT INTO Occupancies(RoomNo, Date, ResID) VALUES (403, '2020-02-12', 624);
INSERT INTO Occupancies(RoomNo, Date, ResID) VALUES (403, '2020-02-13', 624);
#625
INSERT INTO Customers(Fname, Lname, Phone, Email) VALUES ("Jess", "Feeney", '647-764-9554', "Jess_Feeney@gmail.com");
INSERT INTO Reservations(ID, StartDate, EndDate, NumGuests, CustomerID, Source, BookedAt) VALUES(625, '2021-05-16', '2021-05-21', 3, 625, 'OTA', '2020-12-28 02:48:10');
INSERT INTO Occupancies(RoomNo, Date, ResID) VALUES (504, '2021-05-16', 625);
INSERT INTO Occupancies(RoomNo, Date, ResID) VALUES (504, '2021-05-17', 625);
INSERT INTO Occupancies(RoomNo, Date, ResID) VALUES (504, '2021-05-18', 625);
INSERT INTO Occupancies(RoomNo, Date, ResID) VALUES (504, '2021-05-19', 625);
INSERT INTO Occupancies(RoomNo, Date, ResID) VALUES (504, '2021-05-20', 625);
#626
INSERT INTO Customers(Fname, Lname, Phone, Email) VALUES ("Ceasar", "Renner", '525-589-7836', "Ceasar_Renner@gmail.com");
INSERT INTO Reservations(ID, StartDate, EndDate, NumGuests, CustomerID, Source, BookedAt) VALUES(626, '2021-05-02', '2021-05-06', 5, 626, 'OTA', '2020-12-28 02:48:10');
INSERT INTO Occupancies(RoomNo, Date, ResID) VALUES (203, '2021-05-02', 626);
INSERT INTO Occupancies(RoomNo, Date, ResID) VALUES (203, '2021-05-03', 626);
INSERT INTO Occupancies(RoomNo, Date, ResID) VALUES (203, '2021-05-04', 626);
INSERT INTO Occupancies(RoomNo, Date, ResID) VALUES (203, '2021-05-05', 626);
#627
INSERT INTO Customers(Fname, Lname, Phone, Email) VALUES ("Lorenza", "Hamill", '848-414-8232', "Lorenza_Hamill@gmail.com");
INSERT INTO Reservations(ID, StartDate, EndDate, NumGuests, CustomerID, Source, BookedAt) VALUES(627, '2021-03-10', '2021-03-13', 4, 627, 'direct', '2020-12-28 02:48:10');
INSERT INTO Occupancies(RoomNo, Date, ResID) VALUES (503, '2021-03-10', 627);
INSERT INTO Occupancies(RoomNo, Date, ResID) VALUES (503, '2021-03-11', 627);
INSERT INTO Occupancies(RoomNo, Date, ResID) VALUES (503, '2021-03-12', 627);
#628
INSERT INTO Customers(Fname, Lname, Phone, Email) VALUES ("Reid", "Baumbach", '255-639-3844', "Reid_Baumbach@gmail.com");
INSERT INTO Reservations(ID, StartDate, EndDate, NumGuests, CustomerID, Source, BookedAt) VALUES(628, '2020-09-29', '2020-10-01', 3, 628, 'OTA', '2020-12-28 02:48:10');
INSERT INTO Occupancies(RoomNo, Date, ResID) VALUES (303, '2020-09-29', 628);
INSERT INTO Occupancies(RoomNo, Date, ResID) VALUES (303, '2020-09-30', 628);
#629
INSERT INTO Customers(Fname, Lname, Phone, Email) VALUES ("Domingo", "Jerde", '450-711-1132', "Domingo_Jerde@gmail.com");
INSERT INTO Reservations(ID, StartDate, EndDate, NumGuests, CustomerID, Source, BookedAt) VALUES(629, '2020-11-13', '2020-11-17', 5, 629, 'direct', '2020-12-28 02:48:10');
INSERT INTO Occupancies(RoomNo, Date, ResID) VALUES (304, '2020-11-13', 629);
INSERT INTO Occupancies(RoomNo, Date, ResID) VALUES (304, '2020-11-14', 629);
INSERT INTO Occupancies(RoomNo, Date, ResID) VALUES (304, '2020-11-15', 629);
INSERT INTO Occupancies(RoomNo, Date, ResID) VALUES (304, '2020-11-16', 629);
#630
INSERT INTO Customers(Fname, Lname, Phone, Email) VALUES ("Jason", "Carter", '867-227-9437', "Jason_Carter@gmail.com");
INSERT INTO Reservations(ID, StartDate, EndDate, NumGuests, CustomerID, Source, BookedAt) VALUES(630, '2020-03-07', '2020-03-10', 1, 630, 'direct', '2020-12-28 02:48:10');
INSERT INTO Occupancies(RoomNo, Date, ResID) VALUES (306, '2020-03-07', 630);
INSERT INTO Occupancies(RoomNo, Date, ResID) VALUES (306, '2020-03-08', 630);
INSERT INTO Occupancies(RoomNo, Date, ResID) VALUES (306, '2020-03-09', 630);
#631
INSERT INTO Customers(Fname, Lname, Phone, Email) VALUES ("Rudy", "Morar", '542-662-7604', "Rudy_Morar@gmail.com");
INSERT INTO Reservations(ID, StartDate, EndDate, NumGuests, CustomerID, Source, BookedAt) VALUES(631, '2020-01-21', '2020-01-22', 3, 631, 'OTA', '2020-12-28 02:48:10');
INSERT INTO Occupancies(RoomNo, Date, ResID) VALUES (401, '2020-01-21', 631);
#632
INSERT INTO Customers(Fname, Lname, Phone, Email) VALUES ("Isobel", "Sipes", '518-791-3737', "Isobel_Sipes@gmail.com");
INSERT INTO Reservations(ID, StartDate, EndDate, NumGuests, CustomerID, Source, BookedAt) VALUES(632, '2020-04-06', '2020-04-11', 4, 632, 'OTA', '2020-12-28 02:48:10');
INSERT INTO Occupancies(RoomNo, Date, ResID) VALUES (405, '2020-04-06', 632);
INSERT INTO Occupancies(RoomNo, Date, ResID) VALUES (405, '2020-04-07', 632);
INSERT INTO Occupancies(RoomNo, Date, ResID) VALUES (405, '2020-04-08', 632);
INSERT INTO Occupancies(RoomNo, Date, ResID) VALUES (405, '2020-04-09', 632);
INSERT INTO Occupancies(RoomNo, Date, ResID) VALUES (405, '2020-04-10', 632);
#633
INSERT INTO Customers(Fname, Lname, Phone, Email) VALUES ("Richie", "Dicki", '996-519-6731', "Richie_Dicki@gmail.com");
INSERT INTO Reservations(ID, StartDate, EndDate, NumGuests, CustomerID, Source, BookedAt) VALUES(633, '2021-09-13', '2021-09-15', 5, 633, 'OTA', '2020-12-28 02:48:10');
INSERT INTO Occupancies(RoomNo, Date, ResID) VALUES (504, '2021-09-13', 633);
INSERT INTO Occupancies(RoomNo, Date, ResID) VALUES (504, '2021-09-14', 633);
#634
INSERT INTO Customers(Fname, Lname, Phone, Email) VALUES ("Vilma", "Emmerich", '200-300-4868', "Vilma_Emmerich@gmail.com");
INSERT INTO Reservations(ID, StartDate, EndDate, NumGuests, CustomerID, Source, BookedAt) VALUES(634, '2020-08-19', '2020-08-24', 2, 634, 'agency', '2020-12-28 02:48:10');
INSERT INTO Occupancies(RoomNo, Date, ResID) VALUES (106, '2020-08-19', 634);
INSERT INTO Occupancies(RoomNo, Date, ResID) VALUES (106, '2020-08-20', 634);
INSERT INTO Occupancies(RoomNo, Date, ResID) VALUES (106, '2020-08-21', 634);
INSERT INTO Occupancies(RoomNo, Date, ResID) VALUES (106, '2020-08-22', 634);
INSERT INTO Occupancies(RoomNo, Date, ResID) VALUES (106, '2020-08-23', 634);
#635
INSERT INTO Customers(Fname, Lname, Phone, Email) VALUES ("Josie", "Daugherty", '291-231-3013', "Josie_Daugherty@gmail.com");
INSERT INTO Reservations(ID, StartDate, EndDate, NumGuests, CustomerID, Source, BookedAt) VALUES(635, '2020-08-22', '2020-08-25', 3, 635, 'direct', '2020-12-28 02:48:10');
INSERT INTO Occupancies(RoomNo, Date, ResID) VALUES (103, '2020-08-22', 635);
INSERT INTO Occupancies(RoomNo, Date, ResID) VALUES (103, '2020-08-23', 635);
INSERT INTO Occupancies(RoomNo, Date, ResID) VALUES (103, '2020-08-24', 635);
#636
INSERT INTO Customers(Fname, Lname, Phone, Email) VALUES ("Candelario", "Schneider", '365-901-2637', "Candelario_Schneider@gmail.com");
INSERT INTO Reservations(ID, StartDate, EndDate, NumGuests, CustomerID, Source, BookedAt) VALUES(636, '2020-09-09', '2020-09-13', 4, 636, 'agency', '2020-12-28 02:48:10');
INSERT INTO Occupancies(RoomNo, Date, ResID) VALUES (106, '2020-09-09', 636);
INSERT INTO Occupancies(RoomNo, Date, ResID) VALUES (106, '2020-09-10', 636);
INSERT INTO Occupancies(RoomNo, Date, ResID) VALUES (106, '2020-09-11', 636);
INSERT INTO Occupancies(RoomNo, Date, ResID) VALUES (106, '2020-09-12', 636);
#637
INSERT INTO Customers(Fname, Lname, Phone, Email) VALUES ("Jacinto", "Morissette", '215-694-9008', "Jacinto_Morissette@gmail.com");
INSERT INTO Reservations(ID, StartDate, EndDate, NumGuests, CustomerID, Source, BookedAt) VALUES(637, '2020-08-16', '2020-08-18', 3, 637, 'OTA', '2020-12-28 02:48:10');
INSERT INTO Occupancies(RoomNo, Date, ResID) VALUES (105, '2020-08-16', 637);
INSERT INTO Occupancies(RoomNo, Date, ResID) VALUES (105, '2020-08-17', 637);
#638
INSERT INTO Customers(Fname, Lname, Phone, Email) VALUES ("Lyric", "Pfeffer", '764-992-5195', "Lyric_Pfeffer@gmail.com");
INSERT INTO Reservations(ID, StartDate, EndDate, NumGuests, CustomerID, Source, BookedAt) VALUES(638, '2021-02-18', '2021-02-19', 2, 638, 'agency', '2020-12-28 02:48:10');
INSERT INTO Occupancies(RoomNo, Date, ResID) VALUES (405, '2021-02-18', 638);
#639
INSERT INTO Customers(Fname, Lname, Phone, Email) VALUES ("Raheem", "Feil", '888-960-5216', "Raheem_Feil@gmail.com");
INSERT INTO Reservations(ID, StartDate, EndDate, NumGuests, CustomerID, Source, BookedAt) VALUES(639, '2021-09-21', '2021-09-23', 4, 639, 'corporate', '2020-12-28 02:48:10');
INSERT INTO Occupancies(RoomNo, Date, ResID) VALUES (203, '2021-09-21', 639);
INSERT INTO Occupancies(RoomNo, Date, ResID) VALUES (203, '2021-09-22', 639);
#640
INSERT INTO Customers(Fname, Lname, Phone, Email) VALUES ("Aglae", "Willms", '449-843-7676', "Aglae_Willms@gmail.com");
INSERT INTO Reservations(ID, StartDate, EndDate, NumGuests, CustomerID, Source, BookedAt) VALUES(640, '2020-06-04', '2020-06-05', 3, 640, 'OTA', '2020-12-28 02:48:10');
INSERT INTO Occupancies(RoomNo, Date, ResID) VALUES (101, '2020-06-04', 640);
#641
INSERT INTO Customers(Fname, Lname, Phone, Email) VALUES ("Yoshiko", "Lynch", '529-786-9619', "Yoshiko_Lynch@gmail.com");
INSERT INTO Reservations(ID, StartDate, EndDate, NumGuests, CustomerID, Source, BookedAt) VALUES(641, '2020-07-05', '2020-07-10', 3, 641, 'agency', '2020-12-28 02:48:10');
INSERT INTO Occupancies(RoomNo, Date, ResID) VALUES (203, '2020-07-05', 641);
INSERT INTO Occupancies(RoomNo, Date, ResID) VALUES (203, '2020-07-06', 641);
INSERT INTO Occupancies(RoomNo, Date, ResID) VALUES (203, '2020-07-07', 641);
INSERT INTO Occupancies(RoomNo, Date, ResID) VALUES (203, '2020-07-08', 641);
INSERT INTO Occupancies(RoomNo, Date, ResID) VALUES (203, '2020-07-09', 641);
#642
INSERT INTO Customers(Fname, Lname, Phone, Email) VALUES ("Ericka", "Fay", '782-322-4677', "Ericka_Fay@gmail.com");
INSERT INTO Reservations(ID, StartDate, EndDate, NumGuests, CustomerID, Source, BookedAt) VALUES(642, '2021-01-11', '2021-01-13', 2, 642, 'agency', '2020-12-28 02:48:10');
INSERT INTO Occupancies(RoomNo, Date, ResID) VALUES (201, '2021-01-11', 642);
INSERT INTO Occupancies(RoomNo, Date, ResID) VALUES (201, '2021-01-12', 642);
#643
INSERT INTO Customers(Fname, Lname, Phone, Email) VALUES ("Joseph", "Sanford", '996-450-9835', "Joseph_Sanford@gmail.com");
INSERT INTO Reservations(ID, StartDate, EndDate, NumGuests, CustomerID, Source, BookedAt) VALUES(643, '2020-07-22', '2020-07-27', 5, 643, 'direct', '2020-12-28 02:48:10');
INSERT INTO Occupancies(RoomNo, Date, ResID) VALUES (503, '2020-07-22', 643);
INSERT INTO Occupancies(RoomNo, Date, ResID) VALUES (503, '2020-07-23', 643);
INSERT INTO Occupancies(RoomNo, Date, ResID) VALUES (503, '2020-07-24', 643);
INSERT INTO Occupancies(RoomNo, Date, ResID) VALUES (503, '2020-07-25', 643);
INSERT INTO Occupancies(RoomNo, Date, ResID) VALUES (503, '2020-07-26', 643);
#644
INSERT INTO Customers(Fname, Lname, Phone, Email) VALUES ("Bailee", "Runolfsdottir", '559-387-5633', "Bailee_Runolfsdottir@gmail.com");
INSERT INTO Reservations(ID, StartDate, EndDate, NumGuests, CustomerID, Source, BookedAt) VALUES(644, '2020-12-01', '2020-12-06', 4, 644, 'OTA', '2020-12-28 02:48:10');
INSERT INTO Occupancies(RoomNo, Date, ResID) VALUES (202, '2020-12-01', 644);
INSERT INTO Occupancies(RoomNo, Date, ResID) VALUES (202, '2020-12-02', 644);
INSERT INTO Occupancies(RoomNo, Date, ResID) VALUES (202, '2020-12-03', 644);
INSERT INTO Occupancies(RoomNo, Date, ResID) VALUES (202, '2020-12-04', 644);
INSERT INTO Occupancies(RoomNo, Date, ResID) VALUES (202, '2020-12-05', 644);
#645
INSERT INTO Customers(Fname, Lname, Phone, Email) VALUES ("Paolo", "Boyle", '753-236-0851', "Paolo_Boyle@gmail.com");
INSERT INTO Reservations(ID, StartDate, EndDate, NumGuests, CustomerID, Source, BookedAt) VALUES(645, '2020-04-03', '2020-04-06', 4, 645, 'OTA', '2020-12-28 02:48:10');
INSERT INTO Occupancies(RoomNo, Date, ResID) VALUES (203, '2020-04-03', 645);
INSERT INTO Occupancies(RoomNo, Date, ResID) VALUES (203, '2020-04-04', 645);
INSERT INTO Occupancies(RoomNo, Date, ResID) VALUES (203, '2020-04-05', 645);
#646
INSERT INTO Customers(Fname, Lname, Phone, Email) VALUES ("Waino", "Oberbrunner", '878-993-0519', "Waino_Oberbrunner@gmail.com");
INSERT INTO Reservations(ID, StartDate, EndDate, NumGuests, CustomerID, Source, BookedAt) VALUES(646, '2021-05-17', '2021-05-21', 2, 646, 'OTA', '2020-12-28 02:48:10');
INSERT INTO Occupancies(RoomNo, Date, ResID) VALUES (506, '2021-05-17', 646);
INSERT INTO Occupancies(RoomNo, Date, ResID) VALUES (506, '2021-05-18', 646);
INSERT INTO Occupancies(RoomNo, Date, ResID) VALUES (506, '2021-05-19', 646);
INSERT INTO Occupancies(RoomNo, Date, ResID) VALUES (506, '2021-05-20', 646);
#647
INSERT INTO Customers(Fname, Lname, Phone, Email) VALUES ("Estelle", "Bosco", '453-890-4007', "Estelle_Bosco@gmail.com");
INSERT INTO Reservations(ID, StartDate, EndDate, NumGuests, CustomerID, Source, BookedAt) VALUES(647, '2020-10-18', '2020-10-22', 2, 647, 'corporate', '2020-12-28 02:48:10');
INSERT INTO Occupancies(RoomNo, Date, ResID) VALUES (206, '2020-10-18', 647);
INSERT INTO Occupancies(RoomNo, Date, ResID) VALUES (206, '2020-10-19', 647);
INSERT INTO Occupancies(RoomNo, Date, ResID) VALUES (206, '2020-10-20', 647);
INSERT INTO Occupancies(RoomNo, Date, ResID) VALUES (206, '2020-10-21', 647);
#648
INSERT INTO Customers(Fname, Lname, Phone, Email) VALUES ("Hanna", "Torp", '787-412-4941', "Hanna_Torp@gmail.com");
INSERT INTO Reservations(ID, StartDate, EndDate, NumGuests, CustomerID, Source, BookedAt) VALUES(648, '2021-04-11', '2021-04-14', 3, 648, 'direct', '2020-12-28 02:48:10');
INSERT INTO Occupancies(RoomNo, Date, ResID) VALUES (104, '2021-04-11', 648);
INSERT INTO Occupancies(RoomNo, Date, ResID) VALUES (104, '2021-04-12', 648);
INSERT INTO Occupancies(RoomNo, Date, ResID) VALUES (104, '2021-04-13', 648);
#649
INSERT INTO Customers(Fname, Lname, Phone, Email) VALUES ("Claire", "Johns", '352-508-0247', "Claire_Johns@gmail.com");
INSERT INTO Reservations(ID, StartDate, EndDate, NumGuests, CustomerID, Source, BookedAt) VALUES(649, '2020-10-03', '2020-10-07', 2, 649, 'direct', '2020-12-28 02:48:10');
INSERT INTO Occupancies(RoomNo, Date, ResID) VALUES (203, '2020-10-03', 649);
INSERT INTO Occupancies(RoomNo, Date, ResID) VALUES (203, '2020-10-04', 649);
INSERT INTO Occupancies(RoomNo, Date, ResID) VALUES (203, '2020-10-05', 649);
INSERT INTO Occupancies(RoomNo, Date, ResID) VALUES (203, '2020-10-06', 649);
#650
INSERT INTO Customers(Fname, Lname, Phone, Email) VALUES ("Declan", "Nicolas", '392-221-6616', "Declan_Nicolas@gmail.com");
INSERT INTO Reservations(ID, StartDate, EndDate, NumGuests, CustomerID, Source, BookedAt) VALUES(650, '2020-11-12', '2020-11-14', 2, 650, 'corporate', '2020-12-28 02:48:10');
INSERT INTO Occupancies(RoomNo, Date, ResID) VALUES (401, '2020-11-12', 650);
INSERT INTO Occupancies(RoomNo, Date, ResID) VALUES (401, '2020-11-13', 650);
#651
INSERT INTO Customers(Fname, Lname, Phone, Email) VALUES ("Verdie", "Funk", '830-356-1805', "Verdie_Funk@gmail.com");
INSERT INTO Reservations(ID, StartDate, EndDate, NumGuests, CustomerID, Source, BookedAt) VALUES(651, '2021-09-04', '2021-09-05', 1, 651, 'OTA', '2020-12-28 02:48:10');
INSERT INTO Occupancies(RoomNo, Date, ResID) VALUES (206, '2021-09-04', 651);
#652
INSERT INTO Customers(Fname, Lname, Phone, Email) VALUES ("Sandrine", "Hayes", '268-442-1215', "Sandrine_Hayes@gmail.com");
INSERT INTO Reservations(ID, StartDate, EndDate, NumGuests, CustomerID, Source, BookedAt) VALUES(652, '2020-09-20', '2020-09-24', 1, 652, 'OTA', '2020-12-28 02:48:10');
INSERT INTO Occupancies(RoomNo, Date, ResID) VALUES (501, '2020-09-20', 652);
INSERT INTO Occupancies(RoomNo, Date, ResID) VALUES (501, '2020-09-21', 652);
INSERT INTO Occupancies(RoomNo, Date, ResID) VALUES (501, '2020-09-22', 652);
INSERT INTO Occupancies(RoomNo, Date, ResID) VALUES (501, '2020-09-23', 652);
#653
INSERT INTO Customers(Fname, Lname, Phone, Email) VALUES ("Kathryne", "Wunsch", '355-563-0602', "Kathryne_Wunsch@gmail.com");
INSERT INTO Reservations(ID, StartDate, EndDate, NumGuests, CustomerID, Source, BookedAt) VALUES(653, '2021-02-24', '2021-03-01', 4, 653, 'OTA', '2020-12-28 02:48:10');
INSERT INTO Occupancies(RoomNo, Date, ResID) VALUES (202, '2021-02-24', 653);
INSERT INTO Occupancies(RoomNo, Date, ResID) VALUES (202, '2021-02-25', 653);
INSERT INTO Occupancies(RoomNo, Date, ResID) VALUES (202, '2021-02-26', 653);
INSERT INTO Occupancies(RoomNo, Date, ResID) VALUES (202, '2021-02-27', 653);
INSERT INTO Occupancies(RoomNo, Date, ResID) VALUES (202, '2021-02-28', 653);
#654
INSERT INTO Customers(Fname, Lname, Phone, Email) VALUES ("Kali", "Lang", '602-581-3963', "Kali_Lang@gmail.com");
INSERT INTO Reservations(ID, StartDate, EndDate, NumGuests, CustomerID, Source, BookedAt) VALUES(654, '2020-05-21', '2020-05-22', 4, 654, 'corporate', '2020-12-28 02:48:10');
INSERT INTO Occupancies(RoomNo, Date, ResID) VALUES (406, '2020-05-21', 654);
#655
INSERT INTO Customers(Fname, Lname, Phone, Email) VALUES ("Carley", "Mante", '397-716-9802', "Carley_Mante@gmail.com");
INSERT INTO Reservations(ID, StartDate, EndDate, NumGuests, CustomerID, Source, BookedAt) VALUES(655, '2020-03-16', '2020-03-20', 4, 655, 'OTA', '2020-12-28 02:48:10');
INSERT INTO Occupancies(RoomNo, Date, ResID) VALUES (105, '2020-03-16', 655);
INSERT INTO Occupancies(RoomNo, Date, ResID) VALUES (105, '2020-03-17', 655);
INSERT INTO Occupancies(RoomNo, Date, ResID) VALUES (105, '2020-03-18', 655);
INSERT INTO Occupancies(RoomNo, Date, ResID) VALUES (105, '2020-03-19', 655);
#656
INSERT INTO Customers(Fname, Lname, Phone, Email) VALUES ("Gaylord", "Olson", '581-451-5224', "Gaylord_Olson@gmail.com");
INSERT INTO Reservations(ID, StartDate, EndDate, NumGuests, CustomerID, Source, BookedAt) VALUES(656, '2020-12-23', '2020-12-27', 4, 656, 'OTA', '2020-12-28 02:48:10');
INSERT INTO Occupancies(RoomNo, Date, ResID) VALUES (403, '2020-12-23', 656);
INSERT INTO Occupancies(RoomNo, Date, ResID) VALUES (403, '2020-12-24', 656);
INSERT INTO Occupancies(RoomNo, Date, ResID) VALUES (403, '2020-12-25', 656);
INSERT INTO Occupancies(RoomNo, Date, ResID) VALUES (403, '2020-12-26', 656);
#657
INSERT INTO Customers(Fname, Lname, Phone, Email) VALUES ("Jameson", "Koss", '387-365-7756', "Jameson_Koss@gmail.com");
INSERT INTO Reservations(ID, StartDate, EndDate, NumGuests, CustomerID, Source, BookedAt) VALUES(657, '2020-07-14', '2020-07-17', 3, 657, 'corporate', '2020-12-28 02:48:10');
INSERT INTO Occupancies(RoomNo, Date, ResID) VALUES (406, '2020-07-14', 657);
INSERT INTO Occupancies(RoomNo, Date, ResID) VALUES (406, '2020-07-15', 657);
INSERT INTO Occupancies(RoomNo, Date, ResID) VALUES (406, '2020-07-16', 657);
#658
INSERT INTO Customers(Fname, Lname, Phone, Email) VALUES ("Sibyl", "Hansen", '318-772-1230', "Sibyl_Hansen@gmail.com");
INSERT INTO Reservations(ID, StartDate, EndDate, NumGuests, CustomerID, Source, BookedAt) VALUES(658, '2020-05-17', '2020-05-19', 2, 658, 'direct', '2020-12-28 02:48:10');
INSERT INTO Occupancies(RoomNo, Date, ResID) VALUES (304, '2020-05-17', 658);
INSERT INTO Occupancies(RoomNo, Date, ResID) VALUES (304, '2020-05-18', 658);
#659
INSERT INTO Customers(Fname, Lname, Phone, Email) VALUES ("Germaine", "Jenkins", '913-566-3677', "Germaine_Jenkins@gmail.com");
INSERT INTO Reservations(ID, StartDate, EndDate, NumGuests, CustomerID, Source, BookedAt) VALUES(659, '2021-10-17', '2021-10-21', 3, 659, 'direct', '2020-12-28 02:48:10');
INSERT INTO Occupancies(RoomNo, Date, ResID) VALUES (106, '2021-10-17', 659);
INSERT INTO Occupancies(RoomNo, Date, ResID) VALUES (106, '2021-10-18', 659);
INSERT INTO Occupancies(RoomNo, Date, ResID) VALUES (106, '2021-10-19', 659);
INSERT INTO Occupancies(RoomNo, Date, ResID) VALUES (106, '2021-10-20', 659);
#660
INSERT INTO Customers(Fname, Lname, Phone, Email) VALUES ("German", "Ondricka", '531-589-0736', "German_Ondricka@gmail.com");
INSERT INTO Reservations(ID, StartDate, EndDate, NumGuests, CustomerID, Source, BookedAt) VALUES(660, '2020-04-21', '2020-04-24', 2, 660, 'direct', '2020-12-28 02:48:10');
INSERT INTO Occupancies(RoomNo, Date, ResID) VALUES (404, '2020-04-21', 660);
INSERT INTO Occupancies(RoomNo, Date, ResID) VALUES (404, '2020-04-22', 660);
INSERT INTO Occupancies(RoomNo, Date, ResID) VALUES (404, '2020-04-23', 660);
#661
INSERT INTO Customers(Fname, Lname, Phone, Email) VALUES ("Braeden", "Bashirian", '988-323-7388', "Braeden_Bashirian@gmail.com");
INSERT INTO Reservations(ID, StartDate, EndDate, NumGuests, CustomerID, Source, BookedAt) VALUES(661, '2021-08-13', '2021-08-18', 2, 661, 'corporate', '2020-12-28 02:48:10');
INSERT INTO Occupancies(RoomNo, Date, ResID) VALUES (401, '2021-08-13', 661);
INSERT INTO Occupancies(RoomNo, Date, ResID) VALUES (401, '2021-08-14', 661);
INSERT INTO Occupancies(RoomNo, Date, ResID) VALUES (401, '2021-08-15', 661);
INSERT INTO Occupancies(RoomNo, Date, ResID) VALUES (401, '2021-08-16', 661);
INSERT INTO Occupancies(RoomNo, Date, ResID) VALUES (401, '2021-08-17', 661);
#662
INSERT INTO Customers(Fname, Lname, Phone, Email) VALUES ("Bobbie", "O'Conner", '770-787-4776', "Bobbie_O'Conner@gmail.com");
INSERT INTO Reservations(ID, StartDate, EndDate, NumGuests, CustomerID, Source, BookedAt) VALUES(662, '2020-03-19', '2020-03-24', 3, 662, 'direct', '2020-12-28 02:48:10');
INSERT INTO Occupancies(RoomNo, Date, ResID) VALUES (201, '2020-03-19', 662);
INSERT INTO Occupancies(RoomNo, Date, ResID) VALUES (201, '2020-03-20', 662);
INSERT INTO Occupancies(RoomNo, Date, ResID) VALUES (201, '2020-03-21', 662);
INSERT INTO Occupancies(RoomNo, Date, ResID) VALUES (201, '2020-03-22', 662);
INSERT INTO Occupancies(RoomNo, Date, ResID) VALUES (201, '2020-03-23', 662);
#663
INSERT INTO Customers(Fname, Lname, Phone, Email) VALUES ("Cary", "Dibbert", '618-213-7285', "Cary_Dibbert@gmail.com");
INSERT INTO Reservations(ID, StartDate, EndDate, NumGuests, CustomerID, Source, BookedAt) VALUES(663, '2020-10-03', '2020-10-05', 4, 663, 'corporate', '2020-12-28 02:48:10');
INSERT INTO Occupancies(RoomNo, Date, ResID) VALUES (305, '2020-10-03', 663);
INSERT INTO Occupancies(RoomNo, Date, ResID) VALUES (305, '2020-10-04', 663);
#664
INSERT INTO Customers(Fname, Lname, Phone, Email) VALUES ("Rhoda", "Bergstrom", '919-991-9283', "Rhoda_Bergstrom@gmail.com");
INSERT INTO Reservations(ID, StartDate, EndDate, NumGuests, CustomerID, Source, BookedAt) VALUES(664, '2021-12-07', '2021-12-10', 5, 664, 'corporate', '2020-12-28 02:48:10');
INSERT INTO Occupancies(RoomNo, Date, ResID) VALUES (101, '2021-12-07', 664);
INSERT INTO Occupancies(RoomNo, Date, ResID) VALUES (101, '2021-12-08', 664);
INSERT INTO Occupancies(RoomNo, Date, ResID) VALUES (101, '2021-12-09', 664);
#665
INSERT INTO Customers(Fname, Lname, Phone, Email) VALUES ("Werner", "Runolfsdottir", '220-635-9700', "Werner_Runolfsdottir@gmail.com");
INSERT INTO Reservations(ID, StartDate, EndDate, NumGuests, CustomerID, Source, BookedAt) VALUES(665, '2021-11-17', '2021-11-21', 3, 665, 'agency', '2020-12-28 02:48:10');
INSERT INTO Occupancies(RoomNo, Date, ResID) VALUES (406, '2021-11-17', 665);
INSERT INTO Occupancies(RoomNo, Date, ResID) VALUES (406, '2021-11-18', 665);
INSERT INTO Occupancies(RoomNo, Date, ResID) VALUES (406, '2021-11-19', 665);
INSERT INTO Occupancies(RoomNo, Date, ResID) VALUES (406, '2021-11-20', 665);
#666
INSERT INTO Customers(Fname, Lname, Phone, Email) VALUES ("Kayley", "Lindgren", '529-378-9214', "Kayley_Lindgren@gmail.com");
INSERT INTO Reservations(ID, StartDate, EndDate, NumGuests, CustomerID, Source, BookedAt) VALUES(666, '2020-10-08', '2020-10-09', 3, 666, 'direct', '2020-12-28 02:48:10');
INSERT INTO Occupancies(RoomNo, Date, ResID) VALUES (502, '2020-10-08', 666);
#667
INSERT INTO Customers(Fname, Lname, Phone, Email) VALUES ("Camylle", "Von", '988-425-8229', "Camylle_Von@gmail.com");
INSERT INTO Reservations(ID, StartDate, EndDate, NumGuests, CustomerID, Source, BookedAt) VALUES(667, '2020-11-28', '2020-12-01', 4, 667, 'corporate', '2020-12-28 02:48:10');
INSERT INTO Occupancies(RoomNo, Date, ResID) VALUES (203, '2020-11-28', 667);
INSERT INTO Occupancies(RoomNo, Date, ResID) VALUES (203, '2020-11-29', 667);
INSERT INTO Occupancies(RoomNo, Date, ResID) VALUES (203, '2020-11-30', 667);
#668
INSERT INTO Customers(Fname, Lname, Phone, Email) VALUES ("Forrest", "Gutkowski", '512-355-9234', "Forrest_Gutkowski@gmail.com");
INSERT INTO Reservations(ID, StartDate, EndDate, NumGuests, CustomerID, Source, BookedAt) VALUES(668, '2021-11-08', '2021-11-10', 4, 668, 'direct', '2020-12-28 02:48:10');
INSERT INTO Occupancies(RoomNo, Date, ResID) VALUES (105, '2021-11-08', 668);
INSERT INTO Occupancies(RoomNo, Date, ResID) VALUES (105, '2021-11-09', 668);
#669
INSERT INTO Customers(Fname, Lname, Phone, Email) VALUES ("Constantin", "McClure", '369-981-1674', "Constantin_McClure@gmail.com");
INSERT INTO Reservations(ID, StartDate, EndDate, NumGuests, CustomerID, Source, BookedAt) VALUES(669, '2020-02-16', '2020-02-20', 3, 669, 'agency', '2020-12-28 02:48:10');
INSERT INTO Occupancies(RoomNo, Date, ResID) VALUES (102, '2020-02-16', 669);
INSERT INTO Occupancies(RoomNo, Date, ResID) VALUES (102, '2020-02-17', 669);
INSERT INTO Occupancies(RoomNo, Date, ResID) VALUES (102, '2020-02-18', 669);
INSERT INTO Occupancies(RoomNo, Date, ResID) VALUES (102, '2020-02-19', 669);
#670
INSERT INTO Customers(Fname, Lname, Phone, Email) VALUES ("Sabrina", "Stark", '218-725-8000', "Sabrina_Stark@gmail.com");
INSERT INTO Reservations(ID, StartDate, EndDate, NumGuests, CustomerID, Source, BookedAt) VALUES(670, '2020-06-16', '2020-06-19', 2, 670, 'OTA', '2020-12-28 02:48:10');
INSERT INTO Occupancies(RoomNo, Date, ResID) VALUES (306, '2020-06-16', 670);
INSERT INTO Occupancies(RoomNo, Date, ResID) VALUES (306, '2020-06-17', 670);
INSERT INTO Occupancies(RoomNo, Date, ResID) VALUES (306, '2020-06-18', 670);
#671
INSERT INTO Customers(Fname, Lname, Phone, Email) VALUES ("Lori", "Lang", '373-727-4882', "Lori_Lang@gmail.com");
INSERT INTO Reservations(ID, StartDate, EndDate, NumGuests, CustomerID, Source, BookedAt) VALUES(671, '2020-08-05', '2020-08-06', 1, 671, 'agency', '2020-12-28 02:48:10');
INSERT INTO Occupancies(RoomNo, Date, ResID) VALUES (505, '2020-08-05', 671);
#672
INSERT INTO Customers(Fname, Lname, Phone, Email) VALUES ("Laury", "Gulgowski", '993-316-7102', "Laury_Gulgowski@gmail.com");
INSERT INTO Reservations(ID, StartDate, EndDate, NumGuests, CustomerID, Source, BookedAt) VALUES(672, '2021-12-12', '2021-12-17', 3, 672, 'agency', '2020-12-28 02:48:10');
INSERT INTO Occupancies(RoomNo, Date, ResID) VALUES (502, '2021-12-12', 672);
INSERT INTO Occupancies(RoomNo, Date, ResID) VALUES (502, '2021-12-13', 672);
INSERT INTO Occupancies(RoomNo, Date, ResID) VALUES (502, '2021-12-14', 672);
INSERT INTO Occupancies(RoomNo, Date, ResID) VALUES (502, '2021-12-15', 672);
INSERT INTO Occupancies(RoomNo, Date, ResID) VALUES (502, '2021-12-16', 672);
#673
INSERT INTO Customers(Fname, Lname, Phone, Email) VALUES ("Avery", "White", '623-761-5765', "Avery_White@gmail.com");
INSERT INTO Reservations(ID, StartDate, EndDate, NumGuests, CustomerID, Source, BookedAt) VALUES(673, '2020-12-21', '2020-12-26', 2, 673, 'OTA', '2020-12-28 02:48:10');
INSERT INTO Occupancies(RoomNo, Date, ResID) VALUES (504, '2020-12-21', 673);
INSERT INTO Occupancies(RoomNo, Date, ResID) VALUES (504, '2020-12-22', 673);
INSERT INTO Occupancies(RoomNo, Date, ResID) VALUES (504, '2020-12-23', 673);
INSERT INTO Occupancies(RoomNo, Date, ResID) VALUES (504, '2020-12-24', 673);
INSERT INTO Occupancies(RoomNo, Date, ResID) VALUES (504, '2020-12-25', 673);
#674
INSERT INTO Customers(Fname, Lname, Phone, Email) VALUES ("Alberta", "Auer", '667-728-9314', "Alberta_Auer@gmail.com");
INSERT INTO Reservations(ID, StartDate, EndDate, NumGuests, CustomerID, Source, BookedAt) VALUES(674, '2021-01-13', '2021-01-15', 4, 674, 'direct', '2020-12-28 02:48:10');
INSERT INTO Occupancies(RoomNo, Date, ResID) VALUES (206, '2021-01-13', 674);
INSERT INTO Occupancies(RoomNo, Date, ResID) VALUES (206, '2021-01-14', 674);
#675
INSERT INTO Customers(Fname, Lname, Phone, Email) VALUES ("Jakayla", "Dietrich", '972-835-5897', "Jakayla_Dietrich@gmail.com");
INSERT INTO Reservations(ID, StartDate, EndDate, NumGuests, CustomerID, Source, BookedAt) VALUES(675, '2020-05-28', '2020-05-30', 4, 675, 'direct', '2020-12-28 02:48:10');
INSERT INTO Occupancies(RoomNo, Date, ResID) VALUES (202, '2020-05-28', 675);
INSERT INTO Occupancies(RoomNo, Date, ResID) VALUES (202, '2020-05-29', 675);
#676
INSERT INTO Customers(Fname, Lname, Phone, Email) VALUES ("Oceane", "Parker", '496-807-0275', "Oceane_Parker@gmail.com");
INSERT INTO Reservations(ID, StartDate, EndDate, NumGuests, CustomerID, Source, BookedAt) VALUES(676, '2020-01-08', '2020-01-10', 4, 676, 'OTA', '2020-12-28 02:48:10');
INSERT INTO Occupancies(RoomNo, Date, ResID) VALUES (503, '2020-01-08', 676);
INSERT INTO Occupancies(RoomNo, Date, ResID) VALUES (503, '2020-01-09', 676);
#677
INSERT INTO Customers(Fname, Lname, Phone, Email) VALUES ("Neha", "Emard", '911-278-8653', "Neha_Emard@gmail.com");
INSERT INTO Reservations(ID, StartDate, EndDate, NumGuests, CustomerID, Source, BookedAt) VALUES(677, '2020-01-29', '2020-02-02', 5, 677, 'corporate', '2020-12-28 02:48:10');
INSERT INTO Occupancies(RoomNo, Date, ResID) VALUES (406, '2020-01-29', 677);
INSERT INTO Occupancies(RoomNo, Date, ResID) VALUES (406, '2020-01-30', 677);
INSERT INTO Occupancies(RoomNo, Date, ResID) VALUES (406, '2020-01-31', 677);
INSERT INTO Occupancies(RoomNo, Date, ResID) VALUES (406, '2020-02-01', 677);
#678
INSERT INTO Customers(Fname, Lname, Phone, Email) VALUES ("Lydia", "Brekke", '838-613-9044', "Lydia_Brekke@gmail.com");
INSERT INTO Reservations(ID, StartDate, EndDate, NumGuests, CustomerID, Source, BookedAt) VALUES(678, '2020-09-21', '2020-09-22', 4, 678, 'corporate', '2020-12-28 02:48:10');
INSERT INTO Occupancies(RoomNo, Date, ResID) VALUES (504, '2020-09-21', 678);
#679
INSERT INTO Customers(Fname, Lname, Phone, Email) VALUES ("Hettie", "Jenkins", '665-905-8123', "Hettie_Jenkins@gmail.com");
INSERT INTO Reservations(ID, StartDate, EndDate, NumGuests, CustomerID, Source, BookedAt) VALUES(679, '2020-04-25', '2020-04-28', 5, 679, 'direct', '2020-12-28 02:48:10');
INSERT INTO Occupancies(RoomNo, Date, ResID) VALUES (301, '2020-04-25', 679);
INSERT INTO Occupancies(RoomNo, Date, ResID) VALUES (301, '2020-04-26', 679);
INSERT INTO Occupancies(RoomNo, Date, ResID) VALUES (301, '2020-04-27', 679);
#680
INSERT INTO Customers(Fname, Lname, Phone, Email) VALUES ("Leone", "Welch", '878-879-3912', "Leone_Welch@gmail.com");
INSERT INTO Reservations(ID, StartDate, EndDate, NumGuests, CustomerID, Source, BookedAt) VALUES(680, '2021-07-12', '2021-07-15', 5, 680, 'OTA', '2020-12-28 02:48:10');
INSERT INTO Occupancies(RoomNo, Date, ResID) VALUES (306, '2021-07-12', 680);
INSERT INTO Occupancies(RoomNo, Date, ResID) VALUES (306, '2021-07-13', 680);
INSERT INTO Occupancies(RoomNo, Date, ResID) VALUES (306, '2021-07-14', 680);
#681
INSERT INTO Customers(Fname, Lname, Phone, Email) VALUES ("Ephraim", "Gulgowski", '956-472-7512', "Ephraim_Gulgowski@gmail.com");
INSERT INTO Reservations(ID, StartDate, EndDate, NumGuests, CustomerID, Source, BookedAt) VALUES(681, '2020-09-04', '2020-09-08', 5, 681, 'OTA', '2020-12-28 02:48:10');
INSERT INTO Occupancies(RoomNo, Date, ResID) VALUES (105, '2020-09-04', 681);
INSERT INTO Occupancies(RoomNo, Date, ResID) VALUES (105, '2020-09-05', 681);
INSERT INTO Occupancies(RoomNo, Date, ResID) VALUES (105, '2020-09-06', 681);
INSERT INTO Occupancies(RoomNo, Date, ResID) VALUES (105, '2020-09-07', 681);
#682
INSERT INTO Customers(Fname, Lname, Phone, Email) VALUES ("Sigmund", "Tremblay", '419-925-7818', "Sigmund_Tremblay@gmail.com");
INSERT INTO Reservations(ID, StartDate, EndDate, NumGuests, CustomerID, Source, BookedAt) VALUES(682, '2020-02-14', '2020-02-19', 3, 682, 'OTA', '2020-12-28 02:48:10');
INSERT INTO Occupancies(RoomNo, Date, ResID) VALUES (206, '2020-02-14', 682);
INSERT INTO Occupancies(RoomNo, Date, ResID) VALUES (206, '2020-02-15', 682);
INSERT INTO Occupancies(RoomNo, Date, ResID) VALUES (206, '2020-02-16', 682);
INSERT INTO Occupancies(RoomNo, Date, ResID) VALUES (206, '2020-02-17', 682);
INSERT INTO Occupancies(RoomNo, Date, ResID) VALUES (206, '2020-02-18', 682);
#683
INSERT INTO Customers(Fname, Lname, Phone, Email) VALUES ("Olin", "D'Amore", '491-519-2263', "Olin_D'Amore@gmail.com");
INSERT INTO Reservations(ID, StartDate, EndDate, NumGuests, CustomerID, Source, BookedAt) VALUES(683, '2020-01-16', '2020-01-17', 3, 683, 'direct', '2020-12-28 02:48:10');
INSERT INTO Occupancies(RoomNo, Date, ResID) VALUES (203, '2020-01-16', 683);
#684
INSERT INTO Customers(Fname, Lname, Phone, Email) VALUES ("Dewayne", "Goldner", '803-817-0480', "Dewayne_Goldner@gmail.com");
INSERT INTO Reservations(ID, StartDate, EndDate, NumGuests, CustomerID, Source, BookedAt) VALUES(684, '2020-04-25', '2020-04-26', 4, 684, 'corporate', '2020-12-28 02:48:10');
INSERT INTO Occupancies(RoomNo, Date, ResID) VALUES (305, '2020-04-25', 684);
#685
INSERT INTO Customers(Fname, Lname, Phone, Email) VALUES ("Amelie", "O'Conner", '631-948-6624', "Amelie_O'Conner@gmail.com");
INSERT INTO Reservations(ID, StartDate, EndDate, NumGuests, CustomerID, Source, BookedAt) VALUES(685, '2020-04-25', '2020-04-28', 4, 685, 'OTA', '2020-12-28 02:48:10');
INSERT INTO Occupancies(RoomNo, Date, ResID) VALUES (104, '2020-04-25', 685);
INSERT INTO Occupancies(RoomNo, Date, ResID) VALUES (104, '2020-04-26', 685);
INSERT INTO Occupancies(RoomNo, Date, ResID) VALUES (104, '2020-04-27', 685);
#686
INSERT INTO Customers(Fname, Lname, Phone, Email) VALUES ("Flavio", "Pacocha", '494-315-6732', "Flavio_Pacocha@gmail.com");
INSERT INTO Reservations(ID, StartDate, EndDate, NumGuests, CustomerID, Source, BookedAt) VALUES(686, '2020-11-04', '2020-11-07', 5, 686, 'direct', '2020-12-28 02:48:10');
INSERT INTO Occupancies(RoomNo, Date, ResID) VALUES (501, '2020-11-04', 686);
INSERT INTO Occupancies(RoomNo, Date, ResID) VALUES (501, '2020-11-05', 686);
INSERT INTO Occupancies(RoomNo, Date, ResID) VALUES (501, '2020-11-06', 686);
#687
INSERT INTO Customers(Fname, Lname, Phone, Email) VALUES ("Orrin", "Beahan", '423-881-1288', "Orrin_Beahan@gmail.com");
INSERT INTO Reservations(ID, StartDate, EndDate, NumGuests, CustomerID, Source, BookedAt) VALUES(687, '2020-05-15', '2020-05-20', 1, 687, 'agency', '2020-12-28 02:48:10');
INSERT INTO Occupancies(RoomNo, Date, ResID) VALUES (402, '2020-05-15', 687);
INSERT INTO Occupancies(RoomNo, Date, ResID) VALUES (402, '2020-05-16', 687);
INSERT INTO Occupancies(RoomNo, Date, ResID) VALUES (402, '2020-05-17', 687);
INSERT INTO Occupancies(RoomNo, Date, ResID) VALUES (402, '2020-05-18', 687);
INSERT INTO Occupancies(RoomNo, Date, ResID) VALUES (402, '2020-05-19', 687);
#688
INSERT INTO Customers(Fname, Lname, Phone, Email) VALUES ("Harrison", "Grimes", '629-739-4273', "Harrison_Grimes@gmail.com");
INSERT INTO Reservations(ID, StartDate, EndDate, NumGuests, CustomerID, Source, BookedAt) VALUES(688, '2020-06-03', '2020-06-05', 5, 688, 'corporate', '2020-12-28 02:48:10');
INSERT INTO Occupancies(RoomNo, Date, ResID) VALUES (502, '2020-06-03', 688);
INSERT INTO Occupancies(RoomNo, Date, ResID) VALUES (502, '2020-06-04', 688);
#689
INSERT INTO Customers(Fname, Lname, Phone, Email) VALUES ("Ebba", "Luettgen", '757-634-6689', "Ebba_Luettgen@gmail.com");
INSERT INTO Reservations(ID, StartDate, EndDate, NumGuests, CustomerID, Source, BookedAt) VALUES(689, '2020-01-08', '2020-01-09', 2, 689, 'agency', '2020-12-28 02:48:10');
INSERT INTO Occupancies(RoomNo, Date, ResID) VALUES (302, '2020-01-08', 689);
#690
INSERT INTO Customers(Fname, Lname, Phone, Email) VALUES ("Augustus", "Osinski", '854-259-0740', "Augustus_Osinski@gmail.com");
INSERT INTO Reservations(ID, StartDate, EndDate, NumGuests, CustomerID, Source, BookedAt) VALUES(690, '2020-02-12', '2020-02-14', 4, 690, 'OTA', '2020-12-28 02:48:10');
INSERT INTO Occupancies(RoomNo, Date, ResID) VALUES (203, '2020-02-12', 690);
INSERT INTO Occupancies(RoomNo, Date, ResID) VALUES (203, '2020-02-13', 690);
#691
INSERT INTO Customers(Fname, Lname, Phone, Email) VALUES ("Mozelle", "Denesik", '793-964-4117', "Mozelle_Denesik@gmail.com");
INSERT INTO Reservations(ID, StartDate, EndDate, NumGuests, CustomerID, Source, BookedAt) VALUES(691, '2021-07-09', '2021-07-14', 5, 691, 'direct', '2020-12-28 02:48:10');
INSERT INTO Occupancies(RoomNo, Date, ResID) VALUES (403, '2021-07-09', 691);
INSERT INTO Occupancies(RoomNo, Date, ResID) VALUES (403, '2021-07-10', 691);
INSERT INTO Occupancies(RoomNo, Date, ResID) VALUES (403, '2021-07-11', 691);
INSERT INTO Occupancies(RoomNo, Date, ResID) VALUES (403, '2021-07-12', 691);
INSERT INTO Occupancies(RoomNo, Date, ResID) VALUES (403, '2021-07-13', 691);
#692
INSERT INTO Customers(Fname, Lname, Phone, Email) VALUES ("Christa", "Crooks", '775-592-4341', "Christa_Crooks@gmail.com");
INSERT INTO Reservations(ID, StartDate, EndDate, NumGuests, CustomerID, Source, BookedAt) VALUES(692, '2020-01-29', '2020-02-02', 2, 692, 'agency', '2020-12-28 02:48:10');
INSERT INTO Occupancies(RoomNo, Date, ResID) VALUES (106, '2020-01-29', 692);
INSERT INTO Occupancies(RoomNo, Date, ResID) VALUES (106, '2020-01-30', 692);
INSERT INTO Occupancies(RoomNo, Date, ResID) VALUES (106, '2020-01-31', 692);
INSERT INTO Occupancies(RoomNo, Date, ResID) VALUES (106, '2020-02-01', 692);
#693
INSERT INTO Customers(Fname, Lname, Phone, Email) VALUES ("Brandyn", "Kuhic", '329-375-1096', "Brandyn_Kuhic@gmail.com");
INSERT INTO Reservations(ID, StartDate, EndDate, NumGuests, CustomerID, Source, BookedAt) VALUES(693, '2020-12-05', '2020-12-10', 3, 693, 'OTA', '2020-12-28 02:48:10');
INSERT INTO Occupancies(RoomNo, Date, ResID) VALUES (405, '2020-12-05', 693);
INSERT INTO Occupancies(RoomNo, Date, ResID) VALUES (405, '2020-12-06', 693);
INSERT INTO Occupancies(RoomNo, Date, ResID) VALUES (405, '2020-12-07', 693);
INSERT INTO Occupancies(RoomNo, Date, ResID) VALUES (405, '2020-12-08', 693);
INSERT INTO Occupancies(RoomNo, Date, ResID) VALUES (405, '2020-12-09', 693);
#694
INSERT INTO Customers(Fname, Lname, Phone, Email) VALUES ("Bertha", "Simonis", '658-731-9616', "Bertha_Simonis@gmail.com");
INSERT INTO Reservations(ID, StartDate, EndDate, NumGuests, CustomerID, Source, BookedAt) VALUES(694, '2021-05-04', '2021-05-05', 1, 694, 'direct', '2020-12-28 02:48:10');
INSERT INTO Occupancies(RoomNo, Date, ResID) VALUES (201, '2021-05-04', 694);
#695
INSERT INTO Customers(Fname, Lname, Phone, Email) VALUES ("Elian", "Hackett", '828-291-2490', "Elian_Hackett@gmail.com");
INSERT INTO Reservations(ID, StartDate, EndDate, NumGuests, CustomerID, Source, BookedAt) VALUES(695, '2020-02-21', '2020-02-23', 2, 695, 'OTA', '2020-12-28 02:48:10');
INSERT INTO Occupancies(RoomNo, Date, ResID) VALUES (401, '2020-02-21', 695);
INSERT INTO Occupancies(RoomNo, Date, ResID) VALUES (401, '2020-02-22', 695);
#696
INSERT INTO Customers(Fname, Lname, Phone, Email) VALUES ("Imelda", "Cremin", '801-356-7207', "Imelda_Cremin@gmail.com");
INSERT INTO Reservations(ID, StartDate, EndDate, NumGuests, CustomerID, Source, BookedAt) VALUES(696, '2020-02-23', '2020-02-24', 2, 696, 'direct', '2020-12-28 02:48:10');
INSERT INTO Occupancies(RoomNo, Date, ResID) VALUES (204, '2020-02-23', 696);
#697
INSERT INTO Customers(Fname, Lname, Phone, Email) VALUES ("Summer", "Effertz", '559-471-8020', "Summer_Effertz@gmail.com");
INSERT INTO Reservations(ID, StartDate, EndDate, NumGuests, CustomerID, Source, BookedAt) VALUES(697, '2020-01-07', '2020-01-11', 1, 697, 'agency', '2020-12-28 02:48:10');
INSERT INTO Occupancies(RoomNo, Date, ResID) VALUES (101, '2020-01-07', 697);
INSERT INTO Occupancies(RoomNo, Date, ResID) VALUES (101, '2020-01-08', 697);
INSERT INTO Occupancies(RoomNo, Date, ResID) VALUES (101, '2020-01-09', 697);
INSERT INTO Occupancies(RoomNo, Date, ResID) VALUES (101, '2020-01-10', 697);
#698
INSERT INTO Customers(Fname, Lname, Phone, Email) VALUES ("Marta", "Willms", '249-439-8898', "Marta_Willms@gmail.com");
INSERT INTO Reservations(ID, StartDate, EndDate, NumGuests, CustomerID, Source, BookedAt) VALUES(698, '2020-10-18', '2020-10-23', 2, 698, 'corporate', '2020-12-28 02:48:10');
INSERT INTO Occupancies(RoomNo, Date, ResID) VALUES (102, '2020-10-18', 698);
INSERT INTO Occupancies(RoomNo, Date, ResID) VALUES (102, '2020-10-19', 698);
INSERT INTO Occupancies(RoomNo, Date, ResID) VALUES (102, '2020-10-20', 698);
INSERT INTO Occupancies(RoomNo, Date, ResID) VALUES (102, '2020-10-21', 698);
INSERT INTO Occupancies(RoomNo, Date, ResID) VALUES (102, '2020-10-22', 698);
#699
INSERT INTO Customers(Fname, Lname, Phone, Email) VALUES ("Felix", "Johns", '611-606-2592', "Felix_Johns@gmail.com");
INSERT INTO Reservations(ID, StartDate, EndDate, NumGuests, CustomerID, Source, BookedAt) VALUES(699, '2020-10-18', '2020-10-19', 5, 699, 'direct', '2020-12-28 02:48:10');
INSERT INTO Occupancies(RoomNo, Date, ResID) VALUES (303, '2020-10-18', 699);
#700
INSERT INTO Customers(Fname, Lname, Phone, Email) VALUES ("Myra", "Boyle", '202-347-4592', "Myra_Boyle@gmail.com");
INSERT INTO Reservations(ID, StartDate, EndDate, NumGuests, CustomerID, Source, BookedAt) VALUES(700, '2020-01-22', '2020-01-25', 5, 700, 'direct', '2020-12-28 02:48:10');
INSERT INTO Occupancies(RoomNo, Date, ResID) VALUES (206, '2020-01-22', 700);
INSERT INTO Occupancies(RoomNo, Date, ResID) VALUES (206, '2020-01-23', 700);
INSERT INTO Occupancies(RoomNo, Date, ResID) VALUES (206, '2020-01-24', 700);
#701
INSERT INTO Customers(Fname, Lname, Phone, Email) VALUES ("Nicholas", "Kris", '739-471-2896', "Nicholas_Kris@gmail.com");
INSERT INTO Reservations(ID, StartDate, EndDate, NumGuests, CustomerID, Source, BookedAt) VALUES(701, '2020-03-30', '2020-04-01', 3, 701, 'direct', '2020-12-28 02:48:10');
INSERT INTO Occupancies(RoomNo, Date, ResID) VALUES (404, '2020-03-30', 701);
INSERT INTO Occupancies(RoomNo, Date, ResID) VALUES (404, '2020-03-31', 701);
#702
INSERT INTO Customers(Fname, Lname, Phone, Email) VALUES ("Bernice", "Davis", '799-891-1434', "Bernice_Davis@gmail.com");
INSERT INTO Reservations(ID, StartDate, EndDate, NumGuests, CustomerID, Source, BookedAt) VALUES(702, '2021-04-21', '2021-04-26', 5, 702, 'OTA', '2020-12-28 02:48:10');
INSERT INTO Occupancies(RoomNo, Date, ResID) VALUES (103, '2021-04-21', 702);
INSERT INTO Occupancies(RoomNo, Date, ResID) VALUES (103, '2021-04-22', 702);
INSERT INTO Occupancies(RoomNo, Date, ResID) VALUES (103, '2021-04-23', 702);
INSERT INTO Occupancies(RoomNo, Date, ResID) VALUES (103, '2021-04-24', 702);
INSERT INTO Occupancies(RoomNo, Date, ResID) VALUES (103, '2021-04-25', 702);
#703
INSERT INTO Customers(Fname, Lname, Phone, Email) VALUES ("Jerrod", "Welch", '784-353-1169', "Jerrod_Welch@gmail.com");
INSERT INTO Reservations(ID, StartDate, EndDate, NumGuests, CustomerID, Source, BookedAt) VALUES(703, '2020-05-06', '2020-05-09', 5, 703, 'OTA', '2020-12-28 02:48:10');
INSERT INTO Occupancies(RoomNo, Date, ResID) VALUES (105, '2020-05-06', 703);
INSERT INTO Occupancies(RoomNo, Date, ResID) VALUES (105, '2020-05-07', 703);
INSERT INTO Occupancies(RoomNo, Date, ResID) VALUES (105, '2020-05-08', 703);
#704
INSERT INTO Customers(Fname, Lname, Phone, Email) VALUES ("Madyson", "Flatley", '971-244-6392', "Madyson_Flatley@gmail.com");
INSERT INTO Reservations(ID, StartDate, EndDate, NumGuests, CustomerID, Source, BookedAt) VALUES(704, '2020-04-13', '2020-04-18', 4, 704, 'direct', '2020-12-28 02:48:10');
INSERT INTO Occupancies(RoomNo, Date, ResID) VALUES (506, '2020-04-13', 704);
INSERT INTO Occupancies(RoomNo, Date, ResID) VALUES (506, '2020-04-14', 704);
INSERT INTO Occupancies(RoomNo, Date, ResID) VALUES (506, '2020-04-15', 704);
INSERT INTO Occupancies(RoomNo, Date, ResID) VALUES (506, '2020-04-16', 704);
INSERT INTO Occupancies(RoomNo, Date, ResID) VALUES (506, '2020-04-17', 704);
#705
INSERT INTO Customers(Fname, Lname, Phone, Email) VALUES ("Damaris", "Raynor", '519-631-2905', "Damaris_Raynor@gmail.com");
INSERT INTO Reservations(ID, StartDate, EndDate, NumGuests, CustomerID, Source, BookedAt) VALUES(705, '2020-02-11', '2020-02-15', 3, 705, 'OTA', '2020-12-28 02:48:10');
INSERT INTO Occupancies(RoomNo, Date, ResID) VALUES (105, '2020-02-11', 705);
INSERT INTO Occupancies(RoomNo, Date, ResID) VALUES (105, '2020-02-12', 705);
INSERT INTO Occupancies(RoomNo, Date, ResID) VALUES (105, '2020-02-13', 705);
INSERT INTO Occupancies(RoomNo, Date, ResID) VALUES (105, '2020-02-14', 705);
#706
INSERT INTO Customers(Fname, Lname, Phone, Email) VALUES ("Elisha", "Klocko", '264-857-0854', "Elisha_Klocko@gmail.com");
INSERT INTO Reservations(ID, StartDate, EndDate, NumGuests, CustomerID, Source, BookedAt) VALUES(706, '2021-06-24', '2021-06-26', 4, 706, 'agency', '2020-12-28 02:48:10');
INSERT INTO Occupancies(RoomNo, Date, ResID) VALUES (205, '2021-06-24', 706);
INSERT INTO Occupancies(RoomNo, Date, ResID) VALUES (205, '2021-06-25', 706);
#707
INSERT INTO Customers(Fname, Lname, Phone, Email) VALUES ("Nathanial", "Ondricka", '591-385-3464', "Nathanial_Ondricka@gmail.com");
INSERT INTO Reservations(ID, StartDate, EndDate, NumGuests, CustomerID, Source, BookedAt) VALUES(707, '2020-07-07', '2020-07-09', 2, 707, 'OTA', '2020-12-28 02:48:10');
INSERT INTO Occupancies(RoomNo, Date, ResID) VALUES (101, '2020-07-07', 707);
INSERT INTO Occupancies(RoomNo, Date, ResID) VALUES (101, '2020-07-08', 707);
#708
INSERT INTO Customers(Fname, Lname, Phone, Email) VALUES ("Lance", "O'Reilly", '462-837-8599', "Lance_O'Reilly@gmail.com");
INSERT INTO Reservations(ID, StartDate, EndDate, NumGuests, CustomerID, Source, BookedAt) VALUES(708, '2020-10-27', '2020-10-29', 1, 708, 'direct', '2020-12-28 02:48:10');
INSERT INTO Occupancies(RoomNo, Date, ResID) VALUES (203, '2020-10-27', 708);
INSERT INTO Occupancies(RoomNo, Date, ResID) VALUES (203, '2020-10-28', 708);
#709
INSERT INTO Customers(Fname, Lname, Phone, Email) VALUES ("Jennie", "O'Reilly", '285-672-6262', "Jennie_O'Reilly@gmail.com");
INSERT INTO Reservations(ID, StartDate, EndDate, NumGuests, CustomerID, Source, BookedAt) VALUES(709, '2020-12-20', '2020-12-23', 2, 709, 'agency', '2020-12-28 02:48:10');
INSERT INTO Occupancies(RoomNo, Date, ResID) VALUES (103, '2020-12-20', 709);
INSERT INTO Occupancies(RoomNo, Date, ResID) VALUES (103, '2020-12-21', 709);
INSERT INTO Occupancies(RoomNo, Date, ResID) VALUES (103, '2020-12-22', 709);
#710
INSERT INTO Customers(Fname, Lname, Phone, Email) VALUES ("Jonas", "Stracke", '626-347-5132', "Jonas_Stracke@gmail.com");
INSERT INTO Reservations(ID, StartDate, EndDate, NumGuests, CustomerID, Source, BookedAt) VALUES(710, '2020-02-28', '2020-03-02', 1, 710, 'corporate', '2020-12-28 02:48:10');
INSERT INTO Occupancies(RoomNo, Date, ResID) VALUES (102, '2020-02-28', 710);
INSERT INTO Occupancies(RoomNo, Date, ResID) VALUES (102, '2020-02-29', 710);
INSERT INTO Occupancies(RoomNo, Date, ResID) VALUES (102, '2020-03-01', 710);
#711
INSERT INTO Customers(Fname, Lname, Phone, Email) VALUES ("Augustine", "Hyatt", '756-868-0447', "Augustine_Hyatt@gmail.com");
INSERT INTO Reservations(ID, StartDate, EndDate, NumGuests, CustomerID, Source, BookedAt) VALUES(711, '2020-03-03', '2020-03-04', 2, 711, 'OTA', '2020-12-28 02:48:10');
INSERT INTO Occupancies(RoomNo, Date, ResID) VALUES (405, '2020-03-03', 711);
#712
INSERT INTO Customers(Fname, Lname, Phone, Email) VALUES ("Beau", "Crist", '435-485-3867', "Beau_Crist@gmail.com");
INSERT INTO Reservations(ID, StartDate, EndDate, NumGuests, CustomerID, Source, BookedAt) VALUES(712, '2021-12-19', '2021-12-23', 2, 712, 'OTA', '2020-12-28 02:48:10');
INSERT INTO Occupancies(RoomNo, Date, ResID) VALUES (101, '2021-12-19', 712);
INSERT INTO Occupancies(RoomNo, Date, ResID) VALUES (101, '2021-12-20', 712);
INSERT INTO Occupancies(RoomNo, Date, ResID) VALUES (101, '2021-12-21', 712);
INSERT INTO Occupancies(RoomNo, Date, ResID) VALUES (101, '2021-12-22', 712);
#713
INSERT INTO Customers(Fname, Lname, Phone, Email) VALUES ("Mikayla", "Connelly", '857-666-9469', "Mikayla_Connelly@gmail.com");
INSERT INTO Reservations(ID, StartDate, EndDate, NumGuests, CustomerID, Source, BookedAt) VALUES(713, '2020-10-10', '2020-10-13', 5, 713, 'direct', '2020-12-28 02:48:10');
INSERT INTO Occupancies(RoomNo, Date, ResID) VALUES (403, '2020-10-10', 713);
INSERT INTO Occupancies(RoomNo, Date, ResID) VALUES (403, '2020-10-11', 713);
INSERT INTO Occupancies(RoomNo, Date, ResID) VALUES (403, '2020-10-12', 713);
#714
INSERT INTO Customers(Fname, Lname, Phone, Email) VALUES ("Vinnie", "Muller", '570-338-2070', "Vinnie_Muller@gmail.com");
INSERT INTO Reservations(ID, StartDate, EndDate, NumGuests, CustomerID, Source, BookedAt) VALUES(714, '2020-05-10', '2020-05-13', 5, 714, 'agency', '2020-12-28 02:48:10');
INSERT INTO Occupancies(RoomNo, Date, ResID) VALUES (402, '2020-05-10', 714);
INSERT INTO Occupancies(RoomNo, Date, ResID) VALUES (402, '2020-05-11', 714);
INSERT INTO Occupancies(RoomNo, Date, ResID) VALUES (402, '2020-05-12', 714);
#715
INSERT INTO Customers(Fname, Lname, Phone, Email) VALUES ("Jace", "Wiegand", '821-431-8426', "Jace_Wiegand@gmail.com");
INSERT INTO Reservations(ID, StartDate, EndDate, NumGuests, CustomerID, Source, BookedAt) VALUES(715, '2021-12-09', '2021-12-13', 3, 715, 'direct', '2020-12-28 02:48:10');
INSERT INTO Occupancies(RoomNo, Date, ResID) VALUES (305, '2021-12-09', 715);
INSERT INTO Occupancies(RoomNo, Date, ResID) VALUES (305, '2021-12-10', 715);
INSERT INTO Occupancies(RoomNo, Date, ResID) VALUES (305, '2021-12-11', 715);
INSERT INTO Occupancies(RoomNo, Date, ResID) VALUES (305, '2021-12-12', 715);
#716
INSERT INTO Customers(Fname, Lname, Phone, Email) VALUES ("Orrin", "Bauch", '311-481-5742', "Orrin_Bauch@gmail.com");
INSERT INTO Reservations(ID, StartDate, EndDate, NumGuests, CustomerID, Source, BookedAt) VALUES(716, '2021-07-28', '2021-07-31', 5, 716, 'OTA', '2020-12-28 02:48:10');
INSERT INTO Occupancies(RoomNo, Date, ResID) VALUES (505, '2021-07-28', 716);
INSERT INTO Occupancies(RoomNo, Date, ResID) VALUES (505, '2021-07-29', 716);
INSERT INTO Occupancies(RoomNo, Date, ResID) VALUES (505, '2021-07-30', 716);
#717
INSERT INTO Customers(Fname, Lname, Phone, Email) VALUES ("Kariane", "Marquardt", '922-986-2409', "Kariane_Marquardt@gmail.com");
INSERT INTO Reservations(ID, StartDate, EndDate, NumGuests, CustomerID, Source, BookedAt) VALUES(717, '2020-02-27', '2020-02-29', 2, 717, 'direct', '2020-12-28 02:48:10');
INSERT INTO Occupancies(RoomNo, Date, ResID) VALUES (301, '2020-02-27', 717);
INSERT INTO Occupancies(RoomNo, Date, ResID) VALUES (301, '2020-02-28', 717);
#718
INSERT INTO Customers(Fname, Lname, Phone, Email) VALUES ("Marie", "Donnelly", '998-584-0146', "Marie_Donnelly@gmail.com");
INSERT INTO Reservations(ID, StartDate, EndDate, NumGuests, CustomerID, Source, BookedAt) VALUES(718, '2021-02-21', '2021-02-24', 3, 718, 'direct', '2020-12-28 02:48:10');
INSERT INTO Occupancies(RoomNo, Date, ResID) VALUES (304, '2021-02-21', 718);
INSERT INTO Occupancies(RoomNo, Date, ResID) VALUES (304, '2021-02-22', 718);
INSERT INTO Occupancies(RoomNo, Date, ResID) VALUES (304, '2021-02-23', 718);
#719
INSERT INTO Customers(Fname, Lname, Phone, Email) VALUES ("Theron", "Waters", '253-920-1214', "Theron_Waters@gmail.com");
INSERT INTO Reservations(ID, StartDate, EndDate, NumGuests, CustomerID, Source, BookedAt) VALUES(719, '2020-11-23', '2020-11-24', 5, 719, 'OTA', '2020-12-28 02:48:10');
INSERT INTO Occupancies(RoomNo, Date, ResID) VALUES (205, '2020-11-23', 719);
#720
INSERT INTO Customers(Fname, Lname, Phone, Email) VALUES ("Maude", "Jacobs", '910-783-3259', "Maude_Jacobs@gmail.com");
INSERT INTO Reservations(ID, StartDate, EndDate, NumGuests, CustomerID, Source, BookedAt) VALUES(720, '2020-09-26', '2020-09-29', 5, 720, 'OTA', '2020-12-28 02:48:10');
INSERT INTO Occupancies(RoomNo, Date, ResID) VALUES (503, '2020-09-26', 720);
INSERT INTO Occupancies(RoomNo, Date, ResID) VALUES (503, '2020-09-27', 720);
INSERT INTO Occupancies(RoomNo, Date, ResID) VALUES (503, '2020-09-28', 720);
#721
INSERT INTO Customers(Fname, Lname, Phone, Email) VALUES ("Orie", "Nolan", '540-359-9646', "Orie_Nolan@gmail.com");
INSERT INTO Reservations(ID, StartDate, EndDate, NumGuests, CustomerID, Source, BookedAt) VALUES(721, '2020-07-18', '2020-07-20', 5, 721, 'agency', '2020-12-28 02:48:10');
INSERT INTO Occupancies(RoomNo, Date, ResID) VALUES (103, '2020-07-18', 721);
INSERT INTO Occupancies(RoomNo, Date, ResID) VALUES (103, '2020-07-19', 721);
#722
INSERT INTO Customers(Fname, Lname, Phone, Email) VALUES ("Sven", "Frami", '826-337-0598', "Sven_Frami@gmail.com");
INSERT INTO Reservations(ID, StartDate, EndDate, NumGuests, CustomerID, Source, BookedAt) VALUES(722, '2021-07-24', '2021-07-25', 3, 722, 'agency', '2020-12-28 02:48:10');
INSERT INTO Occupancies(RoomNo, Date, ResID) VALUES (405, '2021-07-24', 722);
#723
INSERT INTO Customers(Fname, Lname, Phone, Email) VALUES ("Muhammad", "Swift", '321-637-7902', "Muhammad_Swift@gmail.com");
INSERT INTO Reservations(ID, StartDate, EndDate, NumGuests, CustomerID, Source, BookedAt) VALUES(723, '2020-10-11', '2020-10-13', 4, 723, 'OTA', '2020-12-28 02:48:10');
INSERT INTO Occupancies(RoomNo, Date, ResID) VALUES (104, '2020-10-11', 723);
INSERT INTO Occupancies(RoomNo, Date, ResID) VALUES (104, '2020-10-12', 723);
#724
INSERT INTO Customers(Fname, Lname, Phone, Email) VALUES ("Tyrese", "McClure", '524-234-5245', "Tyrese_McClure@gmail.com");
INSERT INTO Reservations(ID, StartDate, EndDate, NumGuests, CustomerID, Source, BookedAt) VALUES(724, '2020-12-15', '2020-12-19', 2, 724, 'OTA', '2020-12-28 02:48:10');
INSERT INTO Occupancies(RoomNo, Date, ResID) VALUES (303, '2020-12-15', 724);
INSERT INTO Occupancies(RoomNo, Date, ResID) VALUES (303, '2020-12-16', 724);
INSERT INTO Occupancies(RoomNo, Date, ResID) VALUES (303, '2020-12-17', 724);
INSERT INTO Occupancies(RoomNo, Date, ResID) VALUES (303, '2020-12-18', 724);
#725
INSERT INTO Customers(Fname, Lname, Phone, Email) VALUES ("Prudence", "Glover", '517-269-8663', "Prudence_Glover@gmail.com");
INSERT INTO Reservations(ID, StartDate, EndDate, NumGuests, CustomerID, Source, BookedAt) VALUES(725, '2020-05-28', '2020-05-30', 1, 725, 'direct', '2020-12-28 02:48:10');
INSERT INTO Occupancies(RoomNo, Date, ResID) VALUES (203, '2020-05-28', 725);
INSERT INTO Occupancies(RoomNo, Date, ResID) VALUES (203, '2020-05-29', 725);
#726
INSERT INTO Customers(Fname, Lname, Phone, Email) VALUES ("Kristofer", "McKenzie", '227-747-8619', "Kristofer_McKenzie@gmail.com");
INSERT INTO Reservations(ID, StartDate, EndDate, NumGuests, CustomerID, Source, BookedAt) VALUES(726, '2020-04-30', '2020-05-02', 2, 726, 'direct', '2020-12-28 02:48:10');
INSERT INTO Occupancies(RoomNo, Date, ResID) VALUES (203, '2020-04-30', 726);
INSERT INTO Occupancies(RoomNo, Date, ResID) VALUES (203, '2020-05-01', 726);
#727
INSERT INTO Customers(Fname, Lname, Phone, Email) VALUES ("Roselyn", "Bergstrom", '274-688-6869', "Roselyn_Bergstrom@gmail.com");
INSERT INTO Reservations(ID, StartDate, EndDate, NumGuests, CustomerID, Source, BookedAt) VALUES(727, '2020-04-03', '2020-04-06', 5, 727, 'direct', '2020-12-28 02:48:10');
INSERT INTO Occupancies(RoomNo, Date, ResID) VALUES (306, '2020-04-03', 727);
INSERT INTO Occupancies(RoomNo, Date, ResID) VALUES (306, '2020-04-04', 727);
INSERT INTO Occupancies(RoomNo, Date, ResID) VALUES (306, '2020-04-05', 727);
#728
INSERT INTO Customers(Fname, Lname, Phone, Email) VALUES ("Margaretta", "Greenfelder", '817-550-1700', "Margaretta_Greenfelder@gmail.com");
INSERT INTO Reservations(ID, StartDate, EndDate, NumGuests, CustomerID, Source, BookedAt) VALUES(728, '2020-09-06', '2020-09-10', 4, 728, 'OTA', '2020-12-28 02:48:10');
INSERT INTO Occupancies(RoomNo, Date, ResID) VALUES (401, '2020-09-06', 728);
INSERT INTO Occupancies(RoomNo, Date, ResID) VALUES (401, '2020-09-07', 728);
INSERT INTO Occupancies(RoomNo, Date, ResID) VALUES (401, '2020-09-08', 728);
INSERT INTO Occupancies(RoomNo, Date, ResID) VALUES (401, '2020-09-09', 728);
#729
INSERT INTO Customers(Fname, Lname, Phone, Email) VALUES ("Keanu", "Langworth", '409-465-8171', "Keanu_Langworth@gmail.com");
INSERT INTO Reservations(ID, StartDate, EndDate, NumGuests, CustomerID, Source, BookedAt) VALUES(729, '2021-08-24', '2021-08-25', 1, 729, 'OTA', '2020-12-28 02:48:10');
INSERT INTO Occupancies(RoomNo, Date, ResID) VALUES (405, '2021-08-24', 729);
#730
INSERT INTO Customers(Fname, Lname, Phone, Email) VALUES ("Garrett", "Stokes", '251-694-1941', "Garrett_Stokes@gmail.com");
INSERT INTO Reservations(ID, StartDate, EndDate, NumGuests, CustomerID, Source, BookedAt) VALUES(730, '2020-07-16', '2020-07-17', 2, 730, 'direct', '2020-12-28 02:48:10');
INSERT INTO Occupancies(RoomNo, Date, ResID) VALUES (505, '2020-07-16', 730);
#731
INSERT INTO Customers(Fname, Lname, Phone, Email) VALUES ("Mariana", "Effertz", '611-775-6431', "Mariana_Effertz@gmail.com");
INSERT INTO Reservations(ID, StartDate, EndDate, NumGuests, CustomerID, Source, BookedAt) VALUES(731, '2020-08-20', '2020-08-25', 5, 731, 'direct', '2020-12-28 02:48:10');
INSERT INTO Occupancies(RoomNo, Date, ResID) VALUES (403, '2020-08-20', 731);
INSERT INTO Occupancies(RoomNo, Date, ResID) VALUES (403, '2020-08-21', 731);
INSERT INTO Occupancies(RoomNo, Date, ResID) VALUES (403, '2020-08-22', 731);
INSERT INTO Occupancies(RoomNo, Date, ResID) VALUES (403, '2020-08-23', 731);
INSERT INTO Occupancies(RoomNo, Date, ResID) VALUES (403, '2020-08-24', 731);
#732
INSERT INTO Customers(Fname, Lname, Phone, Email) VALUES ("Adolph", "Hettinger", '729-552-2618', "Adolph_Hettinger@gmail.com");
INSERT INTO Reservations(ID, StartDate, EndDate, NumGuests, CustomerID, Source, BookedAt) VALUES(732, '2020-08-14', '2020-08-19', 1, 732, 'direct', '2020-12-28 02:48:10');
INSERT INTO Occupancies(RoomNo, Date, ResID) VALUES (501, '2020-08-14', 732);
INSERT INTO Occupancies(RoomNo, Date, ResID) VALUES (501, '2020-08-15', 732);
INSERT INTO Occupancies(RoomNo, Date, ResID) VALUES (501, '2020-08-16', 732);
INSERT INTO Occupancies(RoomNo, Date, ResID) VALUES (501, '2020-08-17', 732);
INSERT INTO Occupancies(RoomNo, Date, ResID) VALUES (501, '2020-08-18', 732);
#733
INSERT INTO Customers(Fname, Lname, Phone, Email) VALUES ("Jaylen", "Luettgen", '785-989-9762', "Jaylen_Luettgen@gmail.com");
INSERT INTO Reservations(ID, StartDate, EndDate, NumGuests, CustomerID, Source, BookedAt) VALUES(733, '2020-03-18', '2020-03-22', 3, 733, 'OTA', '2020-12-28 02:48:10');
INSERT INTO Occupancies(RoomNo, Date, ResID) VALUES (404, '2020-03-18', 733);
INSERT INTO Occupancies(RoomNo, Date, ResID) VALUES (404, '2020-03-19', 733);
INSERT INTO Occupancies(RoomNo, Date, ResID) VALUES (404, '2020-03-20', 733);
INSERT INTO Occupancies(RoomNo, Date, ResID) VALUES (404, '2020-03-21', 733);
#734
INSERT INTO Customers(Fname, Lname, Phone, Email) VALUES ("Estrella", "Thompson", '464-896-9439', "Estrella_Thompson@gmail.com");
INSERT INTO Reservations(ID, StartDate, EndDate, NumGuests, CustomerID, Source, BookedAt) VALUES(734, '2020-07-14', '2020-07-15', 3, 734, 'direct', '2020-12-28 02:48:10');
INSERT INTO Occupancies(RoomNo, Date, ResID) VALUES (102, '2020-07-14', 734);
#735
INSERT INTO Customers(Fname, Lname, Phone, Email) VALUES ("Allison", "Wolf", '801-602-9440', "Allison_Wolf@gmail.com");
INSERT INTO Reservations(ID, StartDate, EndDate, NumGuests, CustomerID, Source, BookedAt) VALUES(735, '2020-01-01', '2020-01-04', 4, 735, 'direct', '2020-12-28 02:48:10');
INSERT INTO Occupancies(RoomNo, Date, ResID) VALUES (203, '2020-01-01', 735);
INSERT INTO Occupancies(RoomNo, Date, ResID) VALUES (203, '2020-01-02', 735);
INSERT INTO Occupancies(RoomNo, Date, ResID) VALUES (203, '2020-01-03', 735);
#736
INSERT INTO Customers(Fname, Lname, Phone, Email) VALUES ("Leatha", "Dach", '914-447-9203', "Leatha_Dach@gmail.com");
INSERT INTO Reservations(ID, StartDate, EndDate, NumGuests, CustomerID, Source, BookedAt) VALUES(736, '2021-01-01', '2021-01-05', 4, 736, 'OTA', '2020-12-28 02:48:10');
INSERT INTO Occupancies(RoomNo, Date, ResID) VALUES (305, '2021-01-01', 736);
INSERT INTO Occupancies(RoomNo, Date, ResID) VALUES (305, '2021-01-02', 736);
INSERT INTO Occupancies(RoomNo, Date, ResID) VALUES (305, '2021-01-03', 736);
INSERT INTO Occupancies(RoomNo, Date, ResID) VALUES (305, '2021-01-04', 736);
#737
INSERT INTO Customers(Fname, Lname, Phone, Email) VALUES ("Gregoria", "Ankunding", '324-761-6111', "Gregoria_Ankunding@gmail.com");
INSERT INTO Reservations(ID, StartDate, EndDate, NumGuests, CustomerID, Source, BookedAt) VALUES(737, '2020-12-08', '2020-12-09', 3, 737, 'OTA', '2020-12-28 02:48:10');
INSERT INTO Occupancies(RoomNo, Date, ResID) VALUES (403, '2020-12-08', 737);
#738
INSERT INTO Customers(Fname, Lname, Phone, Email) VALUES ("Ilene", "Dickens", '941-944-3701', "Ilene_Dickens@gmail.com");
INSERT INTO Reservations(ID, StartDate, EndDate, NumGuests, CustomerID, Source, BookedAt) VALUES(738, '2020-02-18', '2020-02-19', 2, 738, 'corporate', '2020-12-28 02:48:10');
INSERT INTO Occupancies(RoomNo, Date, ResID) VALUES (205, '2020-02-18', 738);
#739
INSERT INTO Customers(Fname, Lname, Phone, Email) VALUES ("Cleveland", "Raynor", '271-787-5615', "Cleveland_Raynor@gmail.com");
INSERT INTO Reservations(ID, StartDate, EndDate, NumGuests, CustomerID, Source, BookedAt) VALUES(739, '2020-02-29', '2020-03-05', 4, 739, 'direct', '2020-12-28 02:48:10');
INSERT INTO Occupancies(RoomNo, Date, ResID) VALUES (406, '2020-02-29', 739);
INSERT INTO Occupancies(RoomNo, Date, ResID) VALUES (406, '2020-03-01', 739);
INSERT INTO Occupancies(RoomNo, Date, ResID) VALUES (406, '2020-03-02', 739);
INSERT INTO Occupancies(RoomNo, Date, ResID) VALUES (406, '2020-03-03', 739);
INSERT INTO Occupancies(RoomNo, Date, ResID) VALUES (406, '2020-03-04', 739);
#740
INSERT INTO Customers(Fname, Lname, Phone, Email) VALUES ("Mafalda", "Rath", '877-560-8108', "Mafalda_Rath@gmail.com");
INSERT INTO Reservations(ID, StartDate, EndDate, NumGuests, CustomerID, Source, BookedAt) VALUES(740, '2020-06-13', '2020-06-14', 1, 740, 'direct', '2020-12-28 02:48:10');
INSERT INTO Occupancies(RoomNo, Date, ResID) VALUES (401, '2020-06-13', 740);
#741
INSERT INTO Customers(Fname, Lname, Phone, Email) VALUES ("Theodore", "Green", '227-663-5546', "Theodore_Green@gmail.com");
INSERT INTO Reservations(ID, StartDate, EndDate, NumGuests, CustomerID, Source, BookedAt) VALUES(741, '2021-03-25', '2021-03-26', 4, 741, 'agency', '2020-12-28 02:48:10');
INSERT INTO Occupancies(RoomNo, Date, ResID) VALUES (102, '2021-03-25', 741);
#742
INSERT INTO Customers(Fname, Lname, Phone, Email) VALUES ("Alessandra", "Feeney", '461-922-4363', "Alessandra_Feeney@gmail.com");
INSERT INTO Reservations(ID, StartDate, EndDate, NumGuests, CustomerID, Source, BookedAt) VALUES(742, '2021-07-31', '2021-08-03', 4, 742, 'agency', '2020-12-28 02:48:10');
INSERT INTO Occupancies(RoomNo, Date, ResID) VALUES (305, '2021-07-31', 742);
INSERT INTO Occupancies(RoomNo, Date, ResID) VALUES (305, '2021-08-01', 742);
INSERT INTO Occupancies(RoomNo, Date, ResID) VALUES (305, '2021-08-02', 742);
#743
INSERT INTO Customers(Fname, Lname, Phone, Email) VALUES ("Bart", "Altenwerth", '778-223-8365', "Bart_Altenwerth@gmail.com");
INSERT INTO Reservations(ID, StartDate, EndDate, NumGuests, CustomerID, Source, BookedAt) VALUES(743, '2020-12-09', '2020-12-13', 1, 743, 'direct', '2020-12-28 02:48:10');
INSERT INTO Occupancies(RoomNo, Date, ResID) VALUES (402, '2020-12-09', 743);
INSERT INTO Occupancies(RoomNo, Date, ResID) VALUES (402, '2020-12-10', 743);
INSERT INTO Occupancies(RoomNo, Date, ResID) VALUES (402, '2020-12-11', 743);
INSERT INTO Occupancies(RoomNo, Date, ResID) VALUES (402, '2020-12-12', 743);
#744
INSERT INTO Customers(Fname, Lname, Phone, Email) VALUES ("Ludwig", "Ward", '288-612-1816', "Ludwig_Ward@gmail.com");
INSERT INTO Reservations(ID, StartDate, EndDate, NumGuests, CustomerID, Source, BookedAt) VALUES(744, '2020-04-02', '2020-04-03', 1, 744, 'OTA', '2020-12-28 02:48:10');
INSERT INTO Occupancies(RoomNo, Date, ResID) VALUES (106, '2020-04-02', 744);
#745
INSERT INTO Customers(Fname, Lname, Phone, Email) VALUES ("Conrad", "Luettgen", '290-455-7393', "Conrad_Luettgen@gmail.com");
INSERT INTO Reservations(ID, StartDate, EndDate, NumGuests, CustomerID, Source, BookedAt) VALUES(745, '2021-06-19', '2021-06-22', 1, 745, 'agency', '2020-12-28 02:48:10');
INSERT INTO Occupancies(RoomNo, Date, ResID) VALUES (103, '2021-06-19', 745);
INSERT INTO Occupancies(RoomNo, Date, ResID) VALUES (103, '2021-06-20', 745);
INSERT INTO Occupancies(RoomNo, Date, ResID) VALUES (103, '2021-06-21', 745);
#746
INSERT INTO Customers(Fname, Lname, Phone, Email) VALUES ("Rebeca", "Smith", '397-501-5427', "Rebeca_Smith@gmail.com");
INSERT INTO Reservations(ID, StartDate, EndDate, NumGuests, CustomerID, Source, BookedAt) VALUES(746, '2020-05-07', '2020-05-08', 5, 746, 'OTA', '2020-12-28 02:48:10');
INSERT INTO Occupancies(RoomNo, Date, ResID) VALUES (201, '2020-05-07', 746);
#747
INSERT INTO Customers(Fname, Lname, Phone, Email) VALUES ("Mollie", "Harvey", '478-586-0943', "Mollie_Harvey@gmail.com");
INSERT INTO Reservations(ID, StartDate, EndDate, NumGuests, CustomerID, Source, BookedAt) VALUES(747, '2020-04-26', '2020-05-01', 5, 747, 'OTA', '2020-12-28 02:48:10');
INSERT INTO Occupancies(RoomNo, Date, ResID) VALUES (401, '2020-04-26', 747);
INSERT INTO Occupancies(RoomNo, Date, ResID) VALUES (401, '2020-04-27', 747);
INSERT INTO Occupancies(RoomNo, Date, ResID) VALUES (401, '2020-04-28', 747);
INSERT INTO Occupancies(RoomNo, Date, ResID) VALUES (401, '2020-04-29', 747);
INSERT INTO Occupancies(RoomNo, Date, ResID) VALUES (401, '2020-04-30', 747);
#748
INSERT INTO Customers(Fname, Lname, Phone, Email) VALUES ("Bo", "Osinski", '628-664-9929', "Bo_Osinski@gmail.com");
INSERT INTO Reservations(ID, StartDate, EndDate, NumGuests, CustomerID, Source, BookedAt) VALUES(748, '2021-02-17', '2021-02-20', 4, 748, 'direct', '2020-12-28 02:48:10');
INSERT INTO Occupancies(RoomNo, Date, ResID) VALUES (101, '2021-02-17', 748);
INSERT INTO Occupancies(RoomNo, Date, ResID) VALUES (101, '2021-02-18', 748);
INSERT INTO Occupancies(RoomNo, Date, ResID) VALUES (101, '2021-02-19', 748);
#749
INSERT INTO Customers(Fname, Lname, Phone, Email) VALUES ("Jaron", "Howe", '410-912-2495', "Jaron_Howe@gmail.com");
INSERT INTO Reservations(ID, StartDate, EndDate, NumGuests, CustomerID, Source, BookedAt) VALUES(749, '2021-01-19', '2021-01-23', 2, 749, 'agency', '2020-12-28 02:48:10');
INSERT INTO Occupancies(RoomNo, Date, ResID) VALUES (504, '2021-01-19', 749);
INSERT INTO Occupancies(RoomNo, Date, ResID) VALUES (504, '2021-01-20', 749);
INSERT INTO Occupancies(RoomNo, Date, ResID) VALUES (504, '2021-01-21', 749);
INSERT INTO Occupancies(RoomNo, Date, ResID) VALUES (504, '2021-01-22', 749);
#750
INSERT INTO Customers(Fname, Lname, Phone, Email) VALUES ("Eduardo", "Stroman", '830-679-6834', "Eduardo_Stroman@gmail.com");
INSERT INTO Reservations(ID, StartDate, EndDate, NumGuests, CustomerID, Source, BookedAt) VALUES(750, '2020-06-15', '2020-06-19', 5, 750, 'agency', '2020-12-28 02:48:10');
INSERT INTO Occupancies(RoomNo, Date, ResID) VALUES (206, '2020-06-15', 750);
INSERT INTO Occupancies(RoomNo, Date, ResID) VALUES (206, '2020-06-16', 750);
INSERT INTO Occupancies(RoomNo, Date, ResID) VALUES (206, '2020-06-17', 750);
INSERT INTO Occupancies(RoomNo, Date, ResID) VALUES (206, '2020-06-18', 750);
#751
INSERT INTO Customers(Fname, Lname, Phone, Email) VALUES ("Freddy", "Muller", '348-318-5541', "Freddy_Muller@gmail.com");
INSERT INTO Reservations(ID, StartDate, EndDate, NumGuests, CustomerID, Source, BookedAt) VALUES(751, '2020-06-06', '2020-06-10', 1, 751, 'direct', '2020-12-28 02:48:10');
INSERT INTO Occupancies(RoomNo, Date, ResID) VALUES (302, '2020-06-06', 751);
INSERT INTO Occupancies(RoomNo, Date, ResID) VALUES (302, '2020-06-07', 751);
INSERT INTO Occupancies(RoomNo, Date, ResID) VALUES (302, '2020-06-08', 751);
INSERT INTO Occupancies(RoomNo, Date, ResID) VALUES (302, '2020-06-09', 751);
#752
INSERT INTO Customers(Fname, Lname, Phone, Email) VALUES ("Carter", "Homenick", '537-983-1803', "Carter_Homenick@gmail.com");
INSERT INTO Reservations(ID, StartDate, EndDate, NumGuests, CustomerID, Source, BookedAt) VALUES(752, '2020-10-17', '2020-10-21', 4, 752, 'OTA', '2020-12-28 02:48:10');
INSERT INTO Occupancies(RoomNo, Date, ResID) VALUES (204, '2020-10-17', 752);
INSERT INTO Occupancies(RoomNo, Date, ResID) VALUES (204, '2020-10-18', 752);
INSERT INTO Occupancies(RoomNo, Date, ResID) VALUES (204, '2020-10-19', 752);
INSERT INTO Occupancies(RoomNo, Date, ResID) VALUES (204, '2020-10-20', 752);
#753
INSERT INTO Customers(Fname, Lname, Phone, Email) VALUES ("Gennaro", "Quitzon", '920-337-7780', "Gennaro_Quitzon@gmail.com");
INSERT INTO Reservations(ID, StartDate, EndDate, NumGuests, CustomerID, Source, BookedAt) VALUES(753, '2020-06-01', '2020-06-03', 4, 753, 'corporate', '2020-12-28 02:48:10');
INSERT INTO Occupancies(RoomNo, Date, ResID) VALUES (201, '2020-06-01', 753);
INSERT INTO Occupancies(RoomNo, Date, ResID) VALUES (201, '2020-06-02', 753);
#754
INSERT INTO Customers(Fname, Lname, Phone, Email) VALUES ("Ryley", "Rowe", '344-424-7563', "Ryley_Rowe@gmail.com");
INSERT INTO Reservations(ID, StartDate, EndDate, NumGuests, CustomerID, Source, BookedAt) VALUES(754, '2020-03-31', '2020-04-02', 5, 754, 'corporate', '2020-12-28 02:48:10');
INSERT INTO Occupancies(RoomNo, Date, ResID) VALUES (405, '2020-03-31', 754);
INSERT INTO Occupancies(RoomNo, Date, ResID) VALUES (405, '2020-04-01', 754);
#755
INSERT INTO Customers(Fname, Lname, Phone, Email) VALUES ("Agustina", "Roob", '416-818-5390', "Agustina_Roob@gmail.com");
INSERT INTO Reservations(ID, StartDate, EndDate, NumGuests, CustomerID, Source, BookedAt) VALUES(755, '2020-10-07', '2020-10-11', 1, 755, 'agency', '2020-12-28 02:48:10');
INSERT INTO Occupancies(RoomNo, Date, ResID) VALUES (501, '2020-10-07', 755);
INSERT INTO Occupancies(RoomNo, Date, ResID) VALUES (501, '2020-10-08', 755);
INSERT INTO Occupancies(RoomNo, Date, ResID) VALUES (501, '2020-10-09', 755);
INSERT INTO Occupancies(RoomNo, Date, ResID) VALUES (501, '2020-10-10', 755);
#756
INSERT INTO Customers(Fname, Lname, Phone, Email) VALUES ("Melisa", "Johns", '310-414-3460', "Melisa_Johns@gmail.com");
INSERT INTO Reservations(ID, StartDate, EndDate, NumGuests, CustomerID, Source, BookedAt) VALUES(756, '2020-02-03', '2020-02-04', 4, 756, 'direct', '2020-12-28 02:48:10');
INSERT INTO Occupancies(RoomNo, Date, ResID) VALUES (406, '2020-02-03', 756);
#757
INSERT INTO Customers(Fname, Lname, Phone, Email) VALUES ("Nelle", "Miller", '620-671-3512', "Nelle_Miller@gmail.com");
INSERT INTO Reservations(ID, StartDate, EndDate, NumGuests, CustomerID, Source, BookedAt) VALUES(757, '2020-03-31', '2020-04-05', 1, 757, 'OTA', '2020-12-28 02:48:10');
INSERT INTO Occupancies(RoomNo, Date, ResID) VALUES (105, '2020-03-31', 757);
INSERT INTO Occupancies(RoomNo, Date, ResID) VALUES (105, '2020-04-01', 757);
INSERT INTO Occupancies(RoomNo, Date, ResID) VALUES (105, '2020-04-02', 757);
INSERT INTO Occupancies(RoomNo, Date, ResID) VALUES (105, '2020-04-03', 757);
INSERT INTO Occupancies(RoomNo, Date, ResID) VALUES (105, '2020-04-04', 757);
#758
INSERT INTO Customers(Fname, Lname, Phone, Email) VALUES ("Sydney", "Murazik", '927-806-8352', "Sydney_Murazik@gmail.com");
INSERT INTO Reservations(ID, StartDate, EndDate, NumGuests, CustomerID, Source, BookedAt) VALUES(758, '2020-09-15', '2020-09-20', 4, 758, 'direct', '2020-12-28 02:48:10');
INSERT INTO Occupancies(RoomNo, Date, ResID) VALUES (105, '2020-09-15', 758);
INSERT INTO Occupancies(RoomNo, Date, ResID) VALUES (105, '2020-09-16', 758);
INSERT INTO Occupancies(RoomNo, Date, ResID) VALUES (105, '2020-09-17', 758);
INSERT INTO Occupancies(RoomNo, Date, ResID) VALUES (105, '2020-09-18', 758);
INSERT INTO Occupancies(RoomNo, Date, ResID) VALUES (105, '2020-09-19', 758);
#759
INSERT INTO Customers(Fname, Lname, Phone, Email) VALUES ("Avis", "Moore", '313-852-4300', "Avis_Moore@gmail.com");
INSERT INTO Reservations(ID, StartDate, EndDate, NumGuests, CustomerID, Source, BookedAt) VALUES(759, '2021-02-23', '2021-02-24', 5, 759, 'direct', '2020-12-28 02:48:10');
INSERT INTO Occupancies(RoomNo, Date, ResID) VALUES (506, '2021-02-23', 759);
#760
INSERT INTO Customers(Fname, Lname, Phone, Email) VALUES ("Adrianna", "Metz", '699-531-5994', "Adrianna_Metz@gmail.com");
INSERT INTO Reservations(ID, StartDate, EndDate, NumGuests, CustomerID, Source, BookedAt) VALUES(760, '2021-03-11', '2021-03-13', 5, 760, 'direct', '2020-12-28 02:48:10');
INSERT INTO Occupancies(RoomNo, Date, ResID) VALUES (302, '2021-03-11', 760);
INSERT INTO Occupancies(RoomNo, Date, ResID) VALUES (302, '2021-03-12', 760);
#761
INSERT INTO Customers(Fname, Lname, Phone, Email) VALUES ("Rylee", "Schamberger", '542-403-2988', "Rylee_Schamberger@gmail.com");
INSERT INTO Reservations(ID, StartDate, EndDate, NumGuests, CustomerID, Source, BookedAt) VALUES(761, '2020-03-03', '2020-03-04', 4, 761, 'direct', '2020-12-28 02:48:10');
INSERT INTO Occupancies(RoomNo, Date, ResID) VALUES (203, '2020-03-03', 761);
#762
INSERT INTO Customers(Fname, Lname, Phone, Email) VALUES ("Astrid", "Altenwerth", '490-327-5220', "Astrid_Altenwerth@gmail.com");
INSERT INTO Reservations(ID, StartDate, EndDate, NumGuests, CustomerID, Source, BookedAt) VALUES(762, '2020-05-29', '2020-05-31', 3, 762, 'OTA', '2020-12-28 02:48:10');
INSERT INTO Occupancies(RoomNo, Date, ResID) VALUES (403, '2020-05-29', 762);
INSERT INTO Occupancies(RoomNo, Date, ResID) VALUES (403, '2020-05-30', 762);
#763
INSERT INTO Customers(Fname, Lname, Phone, Email) VALUES ("Golda", "Adams", '251-259-8625', "Golda_Adams@gmail.com");
INSERT INTO Reservations(ID, StartDate, EndDate, NumGuests, CustomerID, Source, BookedAt) VALUES(763, '2020-07-22', '2020-07-24', 2, 763, 'direct', '2020-12-28 02:48:10');
INSERT INTO Occupancies(RoomNo, Date, ResID) VALUES (103, '2020-07-22', 763);
INSERT INTO Occupancies(RoomNo, Date, ResID) VALUES (103, '2020-07-23', 763);
#764
INSERT INTO Customers(Fname, Lname, Phone, Email) VALUES ("Llewellyn", "Pouros", '546-399-7800', "Llewellyn_Pouros@gmail.com");
INSERT INTO Reservations(ID, StartDate, EndDate, NumGuests, CustomerID, Source, BookedAt) VALUES(764, '2020-08-12', '2020-08-16', 2, 764, 'OTA', '2020-12-28 02:48:10');
INSERT INTO Occupancies(RoomNo, Date, ResID) VALUES (302, '2020-08-12', 764);
INSERT INTO Occupancies(RoomNo, Date, ResID) VALUES (302, '2020-08-13', 764);
INSERT INTO Occupancies(RoomNo, Date, ResID) VALUES (302, '2020-08-14', 764);
INSERT INTO Occupancies(RoomNo, Date, ResID) VALUES (302, '2020-08-15', 764);
#765
INSERT INTO Customers(Fname, Lname, Phone, Email) VALUES ("Antonio", "Kerluke", '931-422-1087', "Antonio_Kerluke@gmail.com");
INSERT INTO Reservations(ID, StartDate, EndDate, NumGuests, CustomerID, Source, BookedAt) VALUES(765, '2020-02-26', '2020-03-01', 5, 765, 'OTA', '2020-12-28 02:48:10');
INSERT INTO Occupancies(RoomNo, Date, ResID) VALUES (405, '2020-02-26', 765);
INSERT INTO Occupancies(RoomNo, Date, ResID) VALUES (405, '2020-02-27', 765);
INSERT INTO Occupancies(RoomNo, Date, ResID) VALUES (405, '2020-02-28', 765);
INSERT INTO Occupancies(RoomNo, Date, ResID) VALUES (405, '2020-02-29', 765);
#766
INSERT INTO Customers(Fname, Lname, Phone, Email) VALUES ("Shad", "Mosciski", '203-417-5562', "Shad_Mosciski@gmail.com");
INSERT INTO Reservations(ID, StartDate, EndDate, NumGuests, CustomerID, Source, BookedAt) VALUES(766, '2021-01-11', '2021-01-13', 2, 766, 'corporate', '2020-12-28 02:48:10');
INSERT INTO Occupancies(RoomNo, Date, ResID) VALUES (302, '2021-01-11', 766);
INSERT INTO Occupancies(RoomNo, Date, ResID) VALUES (302, '2021-01-12', 766);
#767
INSERT INTO Customers(Fname, Lname, Phone, Email) VALUES ("Reid", "Hegmann", '539-852-8157', "Reid_Hegmann@gmail.com");
INSERT INTO Reservations(ID, StartDate, EndDate, NumGuests, CustomerID, Source, BookedAt) VALUES(767, '2020-10-03', '2020-10-04', 4, 767, 'OTA', '2020-12-28 02:48:10');
INSERT INTO Occupancies(RoomNo, Date, ResID) VALUES (504, '2020-10-03', 767);
#768
INSERT INTO Customers(Fname, Lname, Phone, Email) VALUES ("Damon", "Okuneva", '629-646-7394', "Damon_Okuneva@gmail.com");
INSERT INTO Reservations(ID, StartDate, EndDate, NumGuests, CustomerID, Source, BookedAt) VALUES(768, '2020-05-20', '2020-05-22', 2, 768, 'corporate', '2020-12-28 02:48:10');
INSERT INTO Occupancies(RoomNo, Date, ResID) VALUES (304, '2020-05-20', 768);
INSERT INTO Occupancies(RoomNo, Date, ResID) VALUES (304, '2020-05-21', 768);
#769
INSERT INTO Customers(Fname, Lname, Phone, Email) VALUES ("Gracie", "Simonis", '521-498-4118', "Gracie_Simonis@gmail.com");
INSERT INTO Reservations(ID, StartDate, EndDate, NumGuests, CustomerID, Source, BookedAt) VALUES(769, '2020-04-06', '2020-04-08', 4, 769, 'OTA', '2020-12-28 02:48:10');
INSERT INTO Occupancies(RoomNo, Date, ResID) VALUES (304, '2020-04-06', 769);
INSERT INTO Occupancies(RoomNo, Date, ResID) VALUES (304, '2020-04-07', 769);
#770
INSERT INTO Customers(Fname, Lname, Phone, Email) VALUES ("Joaquin", "Funk", '812-857-3359', "Joaquin_Funk@gmail.com");
INSERT INTO Reservations(ID, StartDate, EndDate, NumGuests, CustomerID, Source, BookedAt) VALUES(770, '2020-08-18', '2020-08-22', 1, 770, 'direct', '2020-12-28 02:48:10');
INSERT INTO Occupancies(RoomNo, Date, ResID) VALUES (406, '2020-08-18', 770);
INSERT INTO Occupancies(RoomNo, Date, ResID) VALUES (406, '2020-08-19', 770);
INSERT INTO Occupancies(RoomNo, Date, ResID) VALUES (406, '2020-08-20', 770);
INSERT INTO Occupancies(RoomNo, Date, ResID) VALUES (406, '2020-08-21', 770);
#771
INSERT INTO Customers(Fname, Lname, Phone, Email) VALUES ("Arno", "Lockman", '670-704-3015', "Arno_Lockman@gmail.com");
INSERT INTO Reservations(ID, StartDate, EndDate, NumGuests, CustomerID, Source, BookedAt) VALUES(771, '2020-05-31', '2020-06-01', 3, 771, 'direct', '2020-12-28 02:48:10');
INSERT INTO Occupancies(RoomNo, Date, ResID) VALUES (104, '2020-05-31', 771);
#772
INSERT INTO Customers(Fname, Lname, Phone, Email) VALUES ("Makenzie", "Littel", '684-475-2662', "Makenzie_Littel@gmail.com");
INSERT INTO Reservations(ID, StartDate, EndDate, NumGuests, CustomerID, Source, BookedAt) VALUES(772, '2020-09-13', '2020-09-14', 1, 772, 'corporate', '2020-12-28 02:48:10');
INSERT INTO Occupancies(RoomNo, Date, ResID) VALUES (306, '2020-09-13', 772);
#773
INSERT INTO Customers(Fname, Lname, Phone, Email) VALUES ("Berta", "Ward", '878-285-2693', "Berta_Ward@gmail.com");
INSERT INTO Reservations(ID, StartDate, EndDate, NumGuests, CustomerID, Source, BookedAt) VALUES(773, '2020-04-23', '2020-04-24', 2, 773, 'OTA', '2020-12-28 02:48:10');
INSERT INTO Occupancies(RoomNo, Date, ResID) VALUES (502, '2020-04-23', 773);
#774
INSERT INTO Customers(Fname, Lname, Phone, Email) VALUES ("Martin", "Marquardt", '689-471-3750', "Martin_Marquardt@gmail.com");
INSERT INTO Reservations(ID, StartDate, EndDate, NumGuests, CustomerID, Source, BookedAt) VALUES(774, '2021-08-04', '2021-08-05', 3, 774, 'OTA', '2020-12-28 02:48:10');
INSERT INTO Occupancies(RoomNo, Date, ResID) VALUES (102, '2021-08-04', 774);
#775
INSERT INTO Customers(Fname, Lname, Phone, Email) VALUES ("Leora", "Cummings", '410-352-6586', "Leora_Cummings@gmail.com");
INSERT INTO Reservations(ID, StartDate, EndDate, NumGuests, CustomerID, Source, BookedAt) VALUES(775, '2021-01-05', '2021-01-07', 2, 775, 'corporate', '2020-12-28 02:48:10');
INSERT INTO Occupancies(RoomNo, Date, ResID) VALUES (406, '2021-01-05', 775);
INSERT INTO Occupancies(RoomNo, Date, ResID) VALUES (406, '2021-01-06', 775);
#776
INSERT INTO Customers(Fname, Lname, Phone, Email) VALUES ("Juston", "Crona", '955-550-8289', "Juston_Crona@gmail.com");
INSERT INTO Reservations(ID, StartDate, EndDate, NumGuests, CustomerID, Source, BookedAt) VALUES(776, '2020-01-10', '2020-01-13', 5, 776, 'OTA', '2020-12-28 02:48:10');
INSERT INTO Occupancies(RoomNo, Date, ResID) VALUES (103, '2020-01-10', 776);
INSERT INTO Occupancies(RoomNo, Date, ResID) VALUES (103, '2020-01-11', 776);
INSERT INTO Occupancies(RoomNo, Date, ResID) VALUES (103, '2020-01-12', 776);
#777
INSERT INTO Customers(Fname, Lname, Phone, Email) VALUES ("Santiago", "Lakin", '491-378-7618', "Santiago_Lakin@gmail.com");
INSERT INTO Reservations(ID, StartDate, EndDate, NumGuests, CustomerID, Source, BookedAt) VALUES(777, '2020-06-08', '2020-06-09', 1, 777, 'OTA', '2020-12-28 02:48:10');
INSERT INTO Occupancies(RoomNo, Date, ResID) VALUES (403, '2020-06-08', 777);
#778
INSERT INTO Customers(Fname, Lname, Phone, Email) VALUES ("Bert", "Stracke", '239-853-3915', "Bert_Stracke@gmail.com");
INSERT INTO Reservations(ID, StartDate, EndDate, NumGuests, CustomerID, Source, BookedAt) VALUES(778, '2020-03-17', '2020-03-19', 3, 778, 'direct', '2020-12-28 02:48:10');
INSERT INTO Occupancies(RoomNo, Date, ResID) VALUES (401, '2020-03-17', 778);
INSERT INTO Occupancies(RoomNo, Date, ResID) VALUES (401, '2020-03-18', 778);
#779
INSERT INTO Customers(Fname, Lname, Phone, Email) VALUES ("Robert", "Block", '582-624-1701', "Robert_Block@gmail.com");
INSERT INTO Reservations(ID, StartDate, EndDate, NumGuests, CustomerID, Source, BookedAt) VALUES(779, '2020-10-02', '2020-10-03', 5, 779, 'OTA', '2020-12-28 02:48:10');
INSERT INTO Occupancies(RoomNo, Date, ResID) VALUES (205, '2020-10-02', 779);
#780
INSERT INTO Customers(Fname, Lname, Phone, Email) VALUES ("Candice", "Rath", '424-942-1963', "Candice_Rath@gmail.com");
INSERT INTO Reservations(ID, StartDate, EndDate, NumGuests, CustomerID, Source, BookedAt) VALUES(780, '2021-07-26', '2021-07-27', 2, 780, 'direct', '2020-12-28 02:48:10');
INSERT INTO Occupancies(RoomNo, Date, ResID) VALUES (201, '2021-07-26', 780);
#781
INSERT INTO Customers(Fname, Lname, Phone, Email) VALUES ("Hoyt", "Marks", '261-466-4018', "Hoyt_Marks@gmail.com");
INSERT INTO Reservations(ID, StartDate, EndDate, NumGuests, CustomerID, Source, BookedAt) VALUES(781, '2020-06-30', '2020-07-03', 3, 781, 'OTA', '2020-12-28 02:48:10');
INSERT INTO Occupancies(RoomNo, Date, ResID) VALUES (406, '2020-06-30', 781);
INSERT INTO Occupancies(RoomNo, Date, ResID) VALUES (406, '2020-07-01', 781);
INSERT INTO Occupancies(RoomNo, Date, ResID) VALUES (406, '2020-07-02', 781);
#782
INSERT INTO Customers(Fname, Lname, Phone, Email) VALUES ("Millie", "Muller", '451-212-9843', "Millie_Muller@gmail.com");
INSERT INTO Reservations(ID, StartDate, EndDate, NumGuests, CustomerID, Source, BookedAt) VALUES(782, '2020-06-24', '2020-06-26', 1, 782, 'direct', '2020-12-28 02:48:10');
INSERT INTO Occupancies(RoomNo, Date, ResID) VALUES (203, '2020-06-24', 782);
INSERT INTO Occupancies(RoomNo, Date, ResID) VALUES (203, '2020-06-25', 782);
#783
INSERT INTO Customers(Fname, Lname, Phone, Email) VALUES ("Freda", "Sauer", '839-511-7989', "Freda_Sauer@gmail.com");
INSERT INTO Reservations(ID, StartDate, EndDate, NumGuests, CustomerID, Source, BookedAt) VALUES(783, '2020-12-31', '2021-01-04', 5, 783, 'agency', '2020-12-28 02:48:10');
INSERT INTO Occupancies(RoomNo, Date, ResID) VALUES (506, '2020-12-31', 783);
INSERT INTO Occupancies(RoomNo, Date, ResID) VALUES (506, '2021-01-01', 783);
INSERT INTO Occupancies(RoomNo, Date, ResID) VALUES (506, '2021-01-02', 783);
INSERT INTO Occupancies(RoomNo, Date, ResID) VALUES (506, '2021-01-03', 783);
#784
INSERT INTO Customers(Fname, Lname, Phone, Email) VALUES ("Stacy", "Steuber", '419-335-4297', "Stacy_Steuber@gmail.com");
INSERT INTO Reservations(ID, StartDate, EndDate, NumGuests, CustomerID, Source, BookedAt) VALUES(784, '2020-03-13', '2020-03-17', 5, 784, 'OTA', '2020-12-28 02:48:10');
INSERT INTO Occupancies(RoomNo, Date, ResID) VALUES (103, '2020-03-13', 784);
INSERT INTO Occupancies(RoomNo, Date, ResID) VALUES (103, '2020-03-14', 784);
INSERT INTO Occupancies(RoomNo, Date, ResID) VALUES (103, '2020-03-15', 784);
INSERT INTO Occupancies(RoomNo, Date, ResID) VALUES (103, '2020-03-16', 784);
#785
INSERT INTO Customers(Fname, Lname, Phone, Email) VALUES ("Bianka", "Hammes", '338-568-5345', "Bianka_Hammes@gmail.com");
INSERT INTO Reservations(ID, StartDate, EndDate, NumGuests, CustomerID, Source, BookedAt) VALUES(785, '2020-10-13', '2020-10-14', 5, 785, 'OTA', '2020-12-28 02:48:10');
INSERT INTO Occupancies(RoomNo, Date, ResID) VALUES (403, '2020-10-13', 785);
#786
INSERT INTO Customers(Fname, Lname, Phone, Email) VALUES ("Gustave", "Weissnat", '649-383-5240', "Gustave_Weissnat@gmail.com");
INSERT INTO Reservations(ID, StartDate, EndDate, NumGuests, CustomerID, Source, BookedAt) VALUES(786, '2020-04-17', '2020-04-21', 4, 786, 'OTA', '2020-12-28 02:48:10');
INSERT INTO Occupancies(RoomNo, Date, ResID) VALUES (404, '2020-04-17', 786);
INSERT INTO Occupancies(RoomNo, Date, ResID) VALUES (404, '2020-04-18', 786);
INSERT INTO Occupancies(RoomNo, Date, ResID) VALUES (404, '2020-04-19', 786);
INSERT INTO Occupancies(RoomNo, Date, ResID) VALUES (404, '2020-04-20', 786);
#787
INSERT INTO Customers(Fname, Lname, Phone, Email) VALUES ("Marquis", "Windler", '415-727-9811', "Marquis_Windler@gmail.com");
INSERT INTO Reservations(ID, StartDate, EndDate, NumGuests, CustomerID, Source, BookedAt) VALUES(787, '2020-04-29', '2020-05-03', 1, 787, 'agency', '2020-12-28 02:48:10');
INSERT INTO Occupancies(RoomNo, Date, ResID) VALUES (305, '2020-04-29', 787);
INSERT INTO Occupancies(RoomNo, Date, ResID) VALUES (305, '2020-04-30', 787);
INSERT INTO Occupancies(RoomNo, Date, ResID) VALUES (305, '2020-05-01', 787);
INSERT INTO Occupancies(RoomNo, Date, ResID) VALUES (305, '2020-05-02', 787);
#788
INSERT INTO Customers(Fname, Lname, Phone, Email) VALUES ("Vivianne", "Murphy", '220-724-8812', "Vivianne_Murphy@gmail.com");
INSERT INTO Reservations(ID, StartDate, EndDate, NumGuests, CustomerID, Source, BookedAt) VALUES(788, '2020-02-24', '2020-02-25', 3, 788, 'direct', '2020-12-28 02:48:10');
INSERT INTO Occupancies(RoomNo, Date, ResID) VALUES (206, '2020-02-24', 788);
#789
INSERT INTO Customers(Fname, Lname, Phone, Email) VALUES ("Ernesto", "Borer", '554-619-9347', "Ernesto_Borer@gmail.com");
INSERT INTO Reservations(ID, StartDate, EndDate, NumGuests, CustomerID, Source, BookedAt) VALUES(789, '2021-12-22', '2021-12-23', 4, 789, 'direct', '2020-12-28 02:48:10');
INSERT INTO Occupancies(RoomNo, Date, ResID) VALUES (206, '2021-12-22', 789);
#790
INSERT INTO Customers(Fname, Lname, Phone, Email) VALUES ("Julien", "Turcotte", '477-470-0108', "Julien_Turcotte@gmail.com");
INSERT INTO Reservations(ID, StartDate, EndDate, NumGuests, CustomerID, Source, BookedAt) VALUES(790, '2020-05-30', '2020-06-02', 2, 790, 'OTA', '2020-12-28 02:48:10');
INSERT INTO Occupancies(RoomNo, Date, ResID) VALUES (306, '2020-05-30', 790);
INSERT INTO Occupancies(RoomNo, Date, ResID) VALUES (306, '2020-05-31', 790);
INSERT INTO Occupancies(RoomNo, Date, ResID) VALUES (306, '2020-06-01', 790);
#791
INSERT INTO Customers(Fname, Lname, Phone, Email) VALUES ("Fabiola", "Howell", '530-254-9191', "Fabiola_Howell@gmail.com");
INSERT INTO Reservations(ID, StartDate, EndDate, NumGuests, CustomerID, Source, BookedAt) VALUES(791, '2020-06-26', '2020-06-28', 1, 791, 'OTA', '2020-12-28 02:48:10');
INSERT INTO Occupancies(RoomNo, Date, ResID) VALUES (204, '2020-06-26', 791);
INSERT INTO Occupancies(RoomNo, Date, ResID) VALUES (204, '2020-06-27', 791);
#792
INSERT INTO Customers(Fname, Lname, Phone, Email) VALUES ("Sylvester", "Stehr", '762-576-1366', "Sylvester_Stehr@gmail.com");
INSERT INTO Reservations(ID, StartDate, EndDate, NumGuests, CustomerID, Source, BookedAt) VALUES(792, '2020-11-24', '2020-11-28', 3, 792, 'OTA', '2020-12-28 02:48:10');
INSERT INTO Occupancies(RoomNo, Date, ResID) VALUES (402, '2020-11-24', 792);
INSERT INTO Occupancies(RoomNo, Date, ResID) VALUES (402, '2020-11-25', 792);
INSERT INTO Occupancies(RoomNo, Date, ResID) VALUES (402, '2020-11-26', 792);
INSERT INTO Occupancies(RoomNo, Date, ResID) VALUES (402, '2020-11-27', 792);
#793
INSERT INTO Customers(Fname, Lname, Phone, Email) VALUES ("Andreane", "Predovic", '833-933-7078', "Andreane_Predovic@gmail.com");
INSERT INTO Reservations(ID, StartDate, EndDate, NumGuests, CustomerID, Source, BookedAt) VALUES(793, '2021-03-24', '2021-03-26', 3, 793, 'OTA', '2020-12-28 02:48:10');
INSERT INTO Occupancies(RoomNo, Date, ResID) VALUES (504, '2021-03-24', 793);
INSERT INTO Occupancies(RoomNo, Date, ResID) VALUES (504, '2021-03-25', 793);
#794
INSERT INTO Customers(Fname, Lname, Phone, Email) VALUES ("Marcelina", "Roob", '322-865-9722', "Marcelina_Roob@gmail.com");
INSERT INTO Reservations(ID, StartDate, EndDate, NumGuests, CustomerID, Source, BookedAt) VALUES(794, '2020-12-03', '2020-12-05', 5, 794, 'OTA', '2020-12-28 02:48:10');
INSERT INTO Occupancies(RoomNo, Date, ResID) VALUES (205, '2020-12-03', 794);
INSERT INTO Occupancies(RoomNo, Date, ResID) VALUES (205, '2020-12-04', 794);
#795
INSERT INTO Customers(Fname, Lname, Phone, Email) VALUES ("Robbie", "Fay", '641-271-3825', "Robbie_Fay@gmail.com");
INSERT INTO Reservations(ID, StartDate, EndDate, NumGuests, CustomerID, Source, BookedAt) VALUES(795, '2021-02-21', '2021-02-24', 5, 795, 'corporate', '2020-12-28 02:48:10');
INSERT INTO Occupancies(RoomNo, Date, ResID) VALUES (201, '2021-02-21', 795);
INSERT INTO Occupancies(RoomNo, Date, ResID) VALUES (201, '2021-02-22', 795);
INSERT INTO Occupancies(RoomNo, Date, ResID) VALUES (201, '2021-02-23', 795);
#796
INSERT INTO Customers(Fname, Lname, Phone, Email) VALUES ("Rowland", "Kuphal", '488-519-3868', "Rowland_Kuphal@gmail.com");
INSERT INTO Reservations(ID, StartDate, EndDate, NumGuests, CustomerID, Source, BookedAt) VALUES(796, '2020-02-28', '2020-03-04', 2, 796, 'direct', '2020-12-28 02:48:10');
INSERT INTO Occupancies(RoomNo, Date, ResID) VALUES (105, '2020-02-28', 796);
INSERT INTO Occupancies(RoomNo, Date, ResID) VALUES (105, '2020-02-29', 796);
INSERT INTO Occupancies(RoomNo, Date, ResID) VALUES (105, '2020-03-01', 796);
INSERT INTO Occupancies(RoomNo, Date, ResID) VALUES (105, '2020-03-02', 796);
INSERT INTO Occupancies(RoomNo, Date, ResID) VALUES (105, '2020-03-03', 796);
#797
INSERT INTO Customers(Fname, Lname, Phone, Email) VALUES ("Michel", "Boyle", '503-552-3678', "Michel_Boyle@gmail.com");
INSERT INTO Reservations(ID, StartDate, EndDate, NumGuests, CustomerID, Source, BookedAt) VALUES(797, '2020-09-18', '2020-09-20', 3, 797, 'OTA', '2020-12-28 02:48:10');
INSERT INTO Occupancies(RoomNo, Date, ResID) VALUES (101, '2020-09-18', 797);
INSERT INTO Occupancies(RoomNo, Date, ResID) VALUES (101, '2020-09-19', 797);
#798
INSERT INTO Customers(Fname, Lname, Phone, Email) VALUES ("Grover", "Bayer", '994-447-7048', "Grover_Bayer@gmail.com");
INSERT INTO Reservations(ID, StartDate, EndDate, NumGuests, CustomerID, Source, BookedAt) VALUES(798, '2020-02-15', '2020-02-20', 2, 798, 'agency', '2020-12-28 02:48:10');
INSERT INTO Occupancies(RoomNo, Date, ResID) VALUES (503, '2020-02-15', 798);
INSERT INTO Occupancies(RoomNo, Date, ResID) VALUES (503, '2020-02-16', 798);
INSERT INTO Occupancies(RoomNo, Date, ResID) VALUES (503, '2020-02-17', 798);
INSERT INTO Occupancies(RoomNo, Date, ResID) VALUES (503, '2020-02-18', 798);
INSERT INTO Occupancies(RoomNo, Date, ResID) VALUES (503, '2020-02-19', 798);
#799
INSERT INTO Customers(Fname, Lname, Phone, Email) VALUES ("Dorcas", "Larkin", '766-708-5138', "Dorcas_Larkin@gmail.com");
INSERT INTO Reservations(ID, StartDate, EndDate, NumGuests, CustomerID, Source, BookedAt) VALUES(799, '2020-11-03', '2020-11-05', 2, 799, 'direct', '2020-12-28 02:48:10');
INSERT INTO Occupancies(RoomNo, Date, ResID) VALUES (505, '2020-11-03', 799);
INSERT INTO Occupancies(RoomNo, Date, ResID) VALUES (505, '2020-11-04', 799);
#800
INSERT INTO Customers(Fname, Lname, Phone, Email) VALUES ("Junius", "Altenwerth", '608-966-2257', "Junius_Altenwerth@gmail.com");
INSERT INTO Reservations(ID, StartDate, EndDate, NumGuests, CustomerID, Source, BookedAt) VALUES(800, '2020-05-20', '2020-05-23', 5, 800, 'direct', '2020-12-28 02:48:10');
INSERT INTO Occupancies(RoomNo, Date, ResID) VALUES (506, '2020-05-20', 800);
INSERT INTO Occupancies(RoomNo, Date, ResID) VALUES (506, '2020-05-21', 800);
INSERT INTO Occupancies(RoomNo, Date, ResID) VALUES (506, '2020-05-22', 800);
#801
INSERT INTO Customers(Fname, Lname, Phone, Email) VALUES ("Brianne", "Schinner", '638-957-6464', "Brianne_Schinner@gmail.com");
INSERT INTO Reservations(ID, StartDate, EndDate, NumGuests, CustomerID, Source, BookedAt) VALUES(801, '2020-02-11', '2020-02-13', 2, 801, 'corporate', '2020-12-28 02:48:10');
INSERT INTO Occupancies(RoomNo, Date, ResID) VALUES (506, '2020-02-11', 801);
INSERT INTO Occupancies(RoomNo, Date, ResID) VALUES (506, '2020-02-12', 801);
#802
INSERT INTO Customers(Fname, Lname, Phone, Email) VALUES ("Savanah", "Kreiger", '809-371-5057', "Savanah_Kreiger@gmail.com");
INSERT INTO Reservations(ID, StartDate, EndDate, NumGuests, CustomerID, Source, BookedAt) VALUES(802, '2020-02-26', '2020-03-02', 2, 802, 'agency', '2020-12-28 02:48:10');
INSERT INTO Occupancies(RoomNo, Date, ResID) VALUES (206, '2020-02-26', 802);
INSERT INTO Occupancies(RoomNo, Date, ResID) VALUES (206, '2020-02-27', 802);
INSERT INTO Occupancies(RoomNo, Date, ResID) VALUES (206, '2020-02-28', 802);
INSERT INTO Occupancies(RoomNo, Date, ResID) VALUES (206, '2020-02-29', 802);
INSERT INTO Occupancies(RoomNo, Date, ResID) VALUES (206, '2020-03-01', 802);
#803
INSERT INTO Customers(Fname, Lname, Phone, Email) VALUES ("Rollin", "Kunde", '608-883-8454', "Rollin_Kunde@gmail.com");
INSERT INTO Reservations(ID, StartDate, EndDate, NumGuests, CustomerID, Source, BookedAt) VALUES(803, '2020-03-23', '2020-03-25', 4, 803, 'OTA', '2020-12-28 02:48:10');
INSERT INTO Occupancies(RoomNo, Date, ResID) VALUES (404, '2020-03-23', 803);
INSERT INTO Occupancies(RoomNo, Date, ResID) VALUES (404, '2020-03-24', 803);
#804
INSERT INTO Customers(Fname, Lname, Phone, Email) VALUES ("Sebastian", "Hilpert", '666-996-5022', "Sebastian_Hilpert@gmail.com");
INSERT INTO Reservations(ID, StartDate, EndDate, NumGuests, CustomerID, Source, BookedAt) VALUES(804, '2020-09-14', '2020-09-19', 3, 804, 'OTA', '2020-12-28 02:48:10');
INSERT INTO Occupancies(RoomNo, Date, ResID) VALUES (501, '2020-09-14', 804);
INSERT INTO Occupancies(RoomNo, Date, ResID) VALUES (501, '2020-09-15', 804);
INSERT INTO Occupancies(RoomNo, Date, ResID) VALUES (501, '2020-09-16', 804);
INSERT INTO Occupancies(RoomNo, Date, ResID) VALUES (501, '2020-09-17', 804);
INSERT INTO Occupancies(RoomNo, Date, ResID) VALUES (501, '2020-09-18', 804);
#805
INSERT INTO Customers(Fname, Lname, Phone, Email) VALUES ("Casandra", "Gleason", '772-225-7318', "Casandra_Gleason@gmail.com");
INSERT INTO Reservations(ID, StartDate, EndDate, NumGuests, CustomerID, Source, BookedAt) VALUES(805, '2020-01-15', '2020-01-16', 5, 805, 'corporate', '2020-12-28 02:48:10');
INSERT INTO Occupancies(RoomNo, Date, ResID) VALUES (405, '2020-01-15', 805);
#806
INSERT INTO Customers(Fname, Lname, Phone, Email) VALUES ("Valentine", "Rogahn", '215-466-2087', "Valentine_Rogahn@gmail.com");
INSERT INTO Reservations(ID, StartDate, EndDate, NumGuests, CustomerID, Source, BookedAt) VALUES(806, '2020-12-19', '2020-12-23', 3, 806, 'corporate', '2020-12-28 02:48:10');
INSERT INTO Occupancies(RoomNo, Date, ResID) VALUES (401, '2020-12-19', 806);
INSERT INTO Occupancies(RoomNo, Date, ResID) VALUES (401, '2020-12-20', 806);
INSERT INTO Occupancies(RoomNo, Date, ResID) VALUES (401, '2020-12-21', 806);
INSERT INTO Occupancies(RoomNo, Date, ResID) VALUES (401, '2020-12-22', 806);
#807
INSERT INTO Customers(Fname, Lname, Phone, Email) VALUES ("Haylie", "Hammes", '695-464-7843', "Haylie_Hammes@gmail.com");
INSERT INTO Reservations(ID, StartDate, EndDate, NumGuests, CustomerID, Source, BookedAt) VALUES(807, '2020-09-07', '2020-09-10', 1, 807, 'agency', '2020-12-28 02:48:10');
INSERT INTO Occupancies(RoomNo, Date, ResID) VALUES (305, '2020-09-07', 807);
INSERT INTO Occupancies(RoomNo, Date, ResID) VALUES (305, '2020-09-08', 807);
INSERT INTO Occupancies(RoomNo, Date, ResID) VALUES (305, '2020-09-09', 807);
#808
INSERT INTO Customers(Fname, Lname, Phone, Email) VALUES ("Marcelina", "King", '204-402-9365', "Marcelina_King@gmail.com");
INSERT INTO Reservations(ID, StartDate, EndDate, NumGuests, CustomerID, Source, BookedAt) VALUES(808, '2020-02-08', '2020-02-10', 1, 808, 'agency', '2020-12-28 02:48:10');
INSERT INTO Occupancies(RoomNo, Date, ResID) VALUES (205, '2020-02-08', 808);
INSERT INTO Occupancies(RoomNo, Date, ResID) VALUES (205, '2020-02-09', 808);
#809
INSERT INTO Customers(Fname, Lname, Phone, Email) VALUES ("Ayla", "Abshire", '733-714-9574', "Ayla_Abshire@gmail.com");
INSERT INTO Reservations(ID, StartDate, EndDate, NumGuests, CustomerID, Source, BookedAt) VALUES(809, '2020-02-12', '2020-02-14', 2, 809, 'direct', '2020-12-28 02:48:10');
INSERT INTO Occupancies(RoomNo, Date, ResID) VALUES (306, '2020-02-12', 809);
INSERT INTO Occupancies(RoomNo, Date, ResID) VALUES (306, '2020-02-13', 809);
#810
INSERT INTO Customers(Fname, Lname, Phone, Email) VALUES ("Lia", "Schroeder", '251-967-6607', "Lia_Schroeder@gmail.com");
INSERT INTO Reservations(ID, StartDate, EndDate, NumGuests, CustomerID, Source, BookedAt) VALUES(810, '2021-07-11', '2021-07-12', 5, 810, 'OTA', '2020-12-28 02:48:10');
INSERT INTO Occupancies(RoomNo, Date, ResID) VALUES (503, '2021-07-11', 810);
#811
INSERT INTO Customers(Fname, Lname, Phone, Email) VALUES ("Simeon", "Stark", '889-469-2421', "Simeon_Stark@gmail.com");
INSERT INTO Reservations(ID, StartDate, EndDate, NumGuests, CustomerID, Source, BookedAt) VALUES(811, '2020-10-27', '2020-10-31', 3, 811, 'direct', '2020-12-28 02:48:10');
INSERT INTO Occupancies(RoomNo, Date, ResID) VALUES (301, '2020-10-27', 811);
INSERT INTO Occupancies(RoomNo, Date, ResID) VALUES (301, '2020-10-28', 811);
INSERT INTO Occupancies(RoomNo, Date, ResID) VALUES (301, '2020-10-29', 811);
INSERT INTO Occupancies(RoomNo, Date, ResID) VALUES (301, '2020-10-30', 811);
#812
INSERT INTO Customers(Fname, Lname, Phone, Email) VALUES ("Vern", "Beier", '883-284-3562', "Vern_Beier@gmail.com");
INSERT INTO Reservations(ID, StartDate, EndDate, NumGuests, CustomerID, Source, BookedAt) VALUES(812, '2021-07-30', '2021-08-02', 4, 812, 'corporate', '2020-12-28 02:48:10');
INSERT INTO Occupancies(RoomNo, Date, ResID) VALUES (106, '2021-07-30', 812);
INSERT INTO Occupancies(RoomNo, Date, ResID) VALUES (106, '2021-07-31', 812);
INSERT INTO Occupancies(RoomNo, Date, ResID) VALUES (106, '2021-08-01', 812);
#813
INSERT INTO Customers(Fname, Lname, Phone, Email) VALUES ("Moses", "Williamson", '832-683-9247', "Moses_Williamson@gmail.com");
INSERT INTO Reservations(ID, StartDate, EndDate, NumGuests, CustomerID, Source, BookedAt) VALUES(813, '2020-05-05', '2020-05-10', 3, 813, 'direct', '2020-12-28 02:48:10');
INSERT INTO Occupancies(RoomNo, Date, ResID) VALUES (204, '2020-05-05', 813);
INSERT INTO Occupancies(RoomNo, Date, ResID) VALUES (204, '2020-05-06', 813);
INSERT INTO Occupancies(RoomNo, Date, ResID) VALUES (204, '2020-05-07', 813);
INSERT INTO Occupancies(RoomNo, Date, ResID) VALUES (204, '2020-05-08', 813);
INSERT INTO Occupancies(RoomNo, Date, ResID) VALUES (204, '2020-05-09', 813);
#814
INSERT INTO Customers(Fname, Lname, Phone, Email) VALUES ("Marielle", "Gleichner", '879-379-2246', "Marielle_Gleichner@gmail.com");
INSERT INTO Reservations(ID, StartDate, EndDate, NumGuests, CustomerID, Source, BookedAt) VALUES(814, '2021-10-10', '2021-10-15', 5, 814, 'direct', '2020-12-28 02:48:10');
INSERT INTO Occupancies(RoomNo, Date, ResID) VALUES (401, '2021-10-10', 814);
INSERT INTO Occupancies(RoomNo, Date, ResID) VALUES (401, '2021-10-11', 814);
INSERT INTO Occupancies(RoomNo, Date, ResID) VALUES (401, '2021-10-12', 814);
INSERT INTO Occupancies(RoomNo, Date, ResID) VALUES (401, '2021-10-13', 814);
INSERT INTO Occupancies(RoomNo, Date, ResID) VALUES (401, '2021-10-14', 814);
#815
INSERT INTO Customers(Fname, Lname, Phone, Email) VALUES ("Alessandro", "Ferry", '246-968-5599', "Alessandro_Ferry@gmail.com");
INSERT INTO Reservations(ID, StartDate, EndDate, NumGuests, CustomerID, Source, BookedAt) VALUES(815, '2020-02-09', '2020-02-13', 3, 815, 'OTA', '2020-12-28 02:48:10');
INSERT INTO Occupancies(RoomNo, Date, ResID) VALUES (304, '2020-02-09', 815);
INSERT INTO Occupancies(RoomNo, Date, ResID) VALUES (304, '2020-02-10', 815);
INSERT INTO Occupancies(RoomNo, Date, ResID) VALUES (304, '2020-02-11', 815);
INSERT INTO Occupancies(RoomNo, Date, ResID) VALUES (304, '2020-02-12', 815);
#816
INSERT INTO Customers(Fname, Lname, Phone, Email) VALUES ("Jaylin", "Conn", '428-902-8008', "Jaylin_Conn@gmail.com");
INSERT INTO Reservations(ID, StartDate, EndDate, NumGuests, CustomerID, Source, BookedAt) VALUES(816, '2020-01-08', '2020-01-11', 4, 816, 'direct', '2020-12-28 02:48:10');
INSERT INTO Occupancies(RoomNo, Date, ResID) VALUES (105, '2020-01-08', 816);
INSERT INTO Occupancies(RoomNo, Date, ResID) VALUES (105, '2020-01-09', 816);
INSERT INTO Occupancies(RoomNo, Date, ResID) VALUES (105, '2020-01-10', 816);
#817
INSERT INTO Customers(Fname, Lname, Phone, Email) VALUES ("Alexzander", "Wiza", '440-200-9967', "Alexzander_Wiza@gmail.com");
INSERT INTO Reservations(ID, StartDate, EndDate, NumGuests, CustomerID, Source, BookedAt) VALUES(817, '2020-04-28', '2020-04-30', 5, 817, 'OTA', '2020-12-28 02:48:10');
INSERT INTO Occupancies(RoomNo, Date, ResID) VALUES (405, '2020-04-28', 817);
INSERT INTO Occupancies(RoomNo, Date, ResID) VALUES (405, '2020-04-29', 817);
#818
INSERT INTO Customers(Fname, Lname, Phone, Email) VALUES ("Tyrel", "Parker", '279-871-8799', "Tyrel_Parker@gmail.com");
INSERT INTO Reservations(ID, StartDate, EndDate, NumGuests, CustomerID, Source, BookedAt) VALUES(818, '2020-10-03', '2020-10-06', 1, 818, 'OTA', '2020-12-28 02:48:10');
INSERT INTO Occupancies(RoomNo, Date, ResID) VALUES (205, '2020-10-03', 818);
INSERT INTO Occupancies(RoomNo, Date, ResID) VALUES (205, '2020-10-04', 818);
INSERT INTO Occupancies(RoomNo, Date, ResID) VALUES (205, '2020-10-05', 818);
#819
INSERT INTO Customers(Fname, Lname, Phone, Email) VALUES ("Pinkie", "Stehr", '287-804-0699', "Pinkie_Stehr@gmail.com");
INSERT INTO Reservations(ID, StartDate, EndDate, NumGuests, CustomerID, Source, BookedAt) VALUES(819, '2020-11-01', '2020-11-04', 1, 819, 'OTA', '2020-12-28 02:48:10');
INSERT INTO Occupancies(RoomNo, Date, ResID) VALUES (503, '2020-11-01', 819);
INSERT INTO Occupancies(RoomNo, Date, ResID) VALUES (503, '2020-11-02', 819);
INSERT INTO Occupancies(RoomNo, Date, ResID) VALUES (503, '2020-11-03', 819);
#820
INSERT INTO Customers(Fname, Lname, Phone, Email) VALUES ("Nannie", "Mann", '556-466-6896', "Nannie_Mann@gmail.com");
INSERT INTO Reservations(ID, StartDate, EndDate, NumGuests, CustomerID, Source, BookedAt) VALUES(820, '2021-07-23', '2021-07-27', 4, 820, 'direct', '2020-12-28 02:48:10');
INSERT INTO Occupancies(RoomNo, Date, ResID) VALUES (101, '2021-07-23', 820);
INSERT INTO Occupancies(RoomNo, Date, ResID) VALUES (101, '2021-07-24', 820);
INSERT INTO Occupancies(RoomNo, Date, ResID) VALUES (101, '2021-07-25', 820);
INSERT INTO Occupancies(RoomNo, Date, ResID) VALUES (101, '2021-07-26', 820);
#821
INSERT INTO Customers(Fname, Lname, Phone, Email) VALUES ("Marge", "Renner", '748-641-6203', "Marge_Renner@gmail.com");
INSERT INTO Reservations(ID, StartDate, EndDate, NumGuests, CustomerID, Source, BookedAt) VALUES(821, '2020-08-27', '2020-08-29', 4, 821, 'agency', '2020-12-28 02:48:10');
INSERT INTO Occupancies(RoomNo, Date, ResID) VALUES (304, '2020-08-27', 821);
INSERT INTO Occupancies(RoomNo, Date, ResID) VALUES (304, '2020-08-28', 821);
#822
INSERT INTO Customers(Fname, Lname, Phone, Email) VALUES ("Emilie", "Jaskolski", '944-971-2721', "Emilie_Jaskolski@gmail.com");
INSERT INTO Reservations(ID, StartDate, EndDate, NumGuests, CustomerID, Source, BookedAt) VALUES(822, '2020-03-10', '2020-03-12', 1, 822, 'OTA', '2020-12-28 02:48:10');
INSERT INTO Occupancies(RoomNo, Date, ResID) VALUES (304, '2020-03-10', 822);
INSERT INTO Occupancies(RoomNo, Date, ResID) VALUES (304, '2020-03-11', 822);
#823
INSERT INTO Customers(Fname, Lname, Phone, Email) VALUES ("Raheem", "Cartwright", '829-301-4386', "Raheem_Cartwright@gmail.com");
INSERT INTO Reservations(ID, StartDate, EndDate, NumGuests, CustomerID, Source, BookedAt) VALUES(823, '2020-12-12', '2020-12-17', 3, 823, 'direct', '2020-12-28 02:48:10');
INSERT INTO Occupancies(RoomNo, Date, ResID) VALUES (502, '2020-12-12', 823);
INSERT INTO Occupancies(RoomNo, Date, ResID) VALUES (502, '2020-12-13', 823);
INSERT INTO Occupancies(RoomNo, Date, ResID) VALUES (502, '2020-12-14', 823);
INSERT INTO Occupancies(RoomNo, Date, ResID) VALUES (502, '2020-12-15', 823);
INSERT INTO Occupancies(RoomNo, Date, ResID) VALUES (502, '2020-12-16', 823);
#824
INSERT INTO Customers(Fname, Lname, Phone, Email) VALUES ("Grover", "Walsh", '331-736-7544', "Grover_Walsh@gmail.com");
INSERT INTO Reservations(ID, StartDate, EndDate, NumGuests, CustomerID, Source, BookedAt) VALUES(824, '2020-11-01', '2020-11-06', 5, 824, 'corporate', '2020-12-28 02:48:10');
INSERT INTO Occupancies(RoomNo, Date, ResID) VALUES (302, '2020-11-01', 824);
INSERT INTO Occupancies(RoomNo, Date, ResID) VALUES (302, '2020-11-02', 824);
INSERT INTO Occupancies(RoomNo, Date, ResID) VALUES (302, '2020-11-03', 824);
INSERT INTO Occupancies(RoomNo, Date, ResID) VALUES (302, '2020-11-04', 824);
INSERT INTO Occupancies(RoomNo, Date, ResID) VALUES (302, '2020-11-05', 824);
#825
INSERT INTO Customers(Fname, Lname, Phone, Email) VALUES ("Breana", "Kertzmann", '925-484-2129', "Breana_Kertzmann@gmail.com");
INSERT INTO Reservations(ID, StartDate, EndDate, NumGuests, CustomerID, Source, BookedAt) VALUES(825, '2020-04-29', '2020-05-01', 2, 825, 'corporate', '2020-12-28 02:48:10');
INSERT INTO Occupancies(RoomNo, Date, ResID) VALUES (105, '2020-04-29', 825);
INSERT INTO Occupancies(RoomNo, Date, ResID) VALUES (105, '2020-04-30', 825);
#826
INSERT INTO Customers(Fname, Lname, Phone, Email) VALUES ("Alexandria", "Kling", '710-915-6971', "Alexandria_Kling@gmail.com");
INSERT INTO Reservations(ID, StartDate, EndDate, NumGuests, CustomerID, Source, BookedAt) VALUES(826, '2021-05-17', '2021-05-21', 3, 826, 'agency', '2020-12-28 02:48:10');
INSERT INTO Occupancies(RoomNo, Date, ResID) VALUES (103, '2021-05-17', 826);
INSERT INTO Occupancies(RoomNo, Date, ResID) VALUES (103, '2021-05-18', 826);
INSERT INTO Occupancies(RoomNo, Date, ResID) VALUES (103, '2021-05-19', 826);
INSERT INTO Occupancies(RoomNo, Date, ResID) VALUES (103, '2021-05-20', 826);
#827
INSERT INTO Customers(Fname, Lname, Phone, Email) VALUES ("Garnett", "Stiedemann", '533-626-1636', "Garnett_Stiedemann@gmail.com");
INSERT INTO Reservations(ID, StartDate, EndDate, NumGuests, CustomerID, Source, BookedAt) VALUES(827, '2021-07-12', '2021-07-17', 1, 827, 'corporate', '2020-12-28 02:48:10');
INSERT INTO Occupancies(RoomNo, Date, ResID) VALUES (303, '2021-07-12', 827);
INSERT INTO Occupancies(RoomNo, Date, ResID) VALUES (303, '2021-07-13', 827);
INSERT INTO Occupancies(RoomNo, Date, ResID) VALUES (303, '2021-07-14', 827);
INSERT INTO Occupancies(RoomNo, Date, ResID) VALUES (303, '2021-07-15', 827);
INSERT INTO Occupancies(RoomNo, Date, ResID) VALUES (303, '2021-07-16', 827);
#828
INSERT INTO Customers(Fname, Lname, Phone, Email) VALUES ("Joaquin", "Kshlerin", '872-390-8068', "Joaquin_Kshlerin@gmail.com");
INSERT INTO Reservations(ID, StartDate, EndDate, NumGuests, CustomerID, Source, BookedAt) VALUES(828, '2020-05-01', '2020-05-06', 5, 828, 'direct', '2020-12-28 02:48:10');
INSERT INTO Occupancies(RoomNo, Date, ResID) VALUES (101, '2020-05-01', 828);
INSERT INTO Occupancies(RoomNo, Date, ResID) VALUES (101, '2020-05-02', 828);
INSERT INTO Occupancies(RoomNo, Date, ResID) VALUES (101, '2020-05-03', 828);
INSERT INTO Occupancies(RoomNo, Date, ResID) VALUES (101, '2020-05-04', 828);
INSERT INTO Occupancies(RoomNo, Date, ResID) VALUES (101, '2020-05-05', 828);
#829
INSERT INTO Customers(Fname, Lname, Phone, Email) VALUES ("Zackery", "Swaniawski", '241-291-6326', "Zackery_Swaniawski@gmail.com");
INSERT INTO Reservations(ID, StartDate, EndDate, NumGuests, CustomerID, Source, BookedAt) VALUES(829, '2020-08-12', '2020-08-17', 5, 829, 'OTA', '2020-12-28 02:48:10');
INSERT INTO Occupancies(RoomNo, Date, ResID) VALUES (503, '2020-08-12', 829);
INSERT INTO Occupancies(RoomNo, Date, ResID) VALUES (503, '2020-08-13', 829);
INSERT INTO Occupancies(RoomNo, Date, ResID) VALUES (503, '2020-08-14', 829);
INSERT INTO Occupancies(RoomNo, Date, ResID) VALUES (503, '2020-08-15', 829);
INSERT INTO Occupancies(RoomNo, Date, ResID) VALUES (503, '2020-08-16', 829);
#830
INSERT INTO Customers(Fname, Lname, Phone, Email) VALUES ("Cameron", "Doyle", '955-713-3194', "Cameron_Doyle@gmail.com");
INSERT INTO Reservations(ID, StartDate, EndDate, NumGuests, CustomerID, Source, BookedAt) VALUES(830, '2020-09-19', '2020-09-21', 4, 830, 'direct', '2020-12-28 02:48:10');
INSERT INTO Occupancies(RoomNo, Date, ResID) VALUES (506, '2020-09-19', 830);
INSERT INTO Occupancies(RoomNo, Date, ResID) VALUES (506, '2020-09-20', 830);
#831
INSERT INTO Customers(Fname, Lname, Phone, Email) VALUES ("Tristian", "Carroll", '319-358-0091', "Tristian_Carroll@gmail.com");
INSERT INTO Reservations(ID, StartDate, EndDate, NumGuests, CustomerID, Source, BookedAt) VALUES(831, '2020-04-09', '2020-04-13', 1, 831, 'direct', '2020-12-28 02:48:10');
INSERT INTO Occupancies(RoomNo, Date, ResID) VALUES (506, '2020-04-09', 831);
INSERT INTO Occupancies(RoomNo, Date, ResID) VALUES (506, '2020-04-10', 831);
INSERT INTO Occupancies(RoomNo, Date, ResID) VALUES (506, '2020-04-11', 831);
INSERT INTO Occupancies(RoomNo, Date, ResID) VALUES (506, '2020-04-12', 831);
#832
INSERT INTO Customers(Fname, Lname, Phone, Email) VALUES ("Oceane", "Satterfield", '636-441-8694', "Oceane_Satterfield@gmail.com");
INSERT INTO Reservations(ID, StartDate, EndDate, NumGuests, CustomerID, Source, BookedAt) VALUES(832, '2021-01-11', '2021-01-12', 2, 832, 'OTA', '2020-12-28 02:48:10');
INSERT INTO Occupancies(RoomNo, Date, ResID) VALUES (305, '2021-01-11', 832);
#833
INSERT INTO Customers(Fname, Lname, Phone, Email) VALUES ("Garfield", "Osinski", '901-646-1819', "Garfield_Osinski@gmail.com");
INSERT INTO Reservations(ID, StartDate, EndDate, NumGuests, CustomerID, Source, BookedAt) VALUES(833, '2020-01-10', '2020-01-13', 3, 833, 'corporate', '2020-12-28 02:48:10');
INSERT INTO Occupancies(RoomNo, Date, ResID) VALUES (306, '2020-01-10', 833);
INSERT INTO Occupancies(RoomNo, Date, ResID) VALUES (306, '2020-01-11', 833);
INSERT INTO Occupancies(RoomNo, Date, ResID) VALUES (306, '2020-01-12', 833);
#834
INSERT INTO Customers(Fname, Lname, Phone, Email) VALUES ("Richmond", "Barton", '714-903-9646', "Richmond_Barton@gmail.com");
INSERT INTO Reservations(ID, StartDate, EndDate, NumGuests, CustomerID, Source, BookedAt) VALUES(834, '2021-04-22', '2021-04-27', 3, 834, 'corporate', '2020-12-28 02:48:10');
INSERT INTO Occupancies(RoomNo, Date, ResID) VALUES (404, '2021-04-22', 834);
INSERT INTO Occupancies(RoomNo, Date, ResID) VALUES (404, '2021-04-23', 834);
INSERT INTO Occupancies(RoomNo, Date, ResID) VALUES (404, '2021-04-24', 834);
INSERT INTO Occupancies(RoomNo, Date, ResID) VALUES (404, '2021-04-25', 834);
INSERT INTO Occupancies(RoomNo, Date, ResID) VALUES (404, '2021-04-26', 834);
#835
INSERT INTO Customers(Fname, Lname, Phone, Email) VALUES ("Angel", "Schoen", '363-799-0709', "Angel_Schoen@gmail.com");
INSERT INTO Reservations(ID, StartDate, EndDate, NumGuests, CustomerID, Source, BookedAt) VALUES(835, '2020-12-27', '2020-12-28', 3, 835, 'OTA', '2020-12-28 02:48:10');
INSERT INTO Occupancies(RoomNo, Date, ResID) VALUES (101, '2020-12-27', 835);
#836
INSERT INTO Customers(Fname, Lname, Phone, Email) VALUES ("Hattie", "Watsica", '988-299-9969', "Hattie_Watsica@gmail.com");
INSERT INTO Reservations(ID, StartDate, EndDate, NumGuests, CustomerID, Source, BookedAt) VALUES(836, '2020-05-11', '2020-05-13', 1, 836, 'agency', '2020-12-28 02:48:10');
INSERT INTO Occupancies(RoomNo, Date, ResID) VALUES (206, '2020-05-11', 836);
INSERT INTO Occupancies(RoomNo, Date, ResID) VALUES (206, '2020-05-12', 836);
#837
INSERT INTO Customers(Fname, Lname, Phone, Email) VALUES ("Maymie", "Kemmer", '403-888-2273', "Maymie_Kemmer@gmail.com");
INSERT INTO Reservations(ID, StartDate, EndDate, NumGuests, CustomerID, Source, BookedAt) VALUES(837, '2021-10-10', '2021-10-14', 2, 837, 'agency', '2020-12-28 02:48:10');
INSERT INTO Occupancies(RoomNo, Date, ResID) VALUES (201, '2021-10-10', 837);
INSERT INTO Occupancies(RoomNo, Date, ResID) VALUES (201, '2021-10-11', 837);
INSERT INTO Occupancies(RoomNo, Date, ResID) VALUES (201, '2021-10-12', 837);
INSERT INTO Occupancies(RoomNo, Date, ResID) VALUES (201, '2021-10-13', 837);
#838
INSERT INTO Customers(Fname, Lname, Phone, Email) VALUES ("Asha", "Franecki", '379-331-4193', "Asha_Franecki@gmail.com");
INSERT INTO Reservations(ID, StartDate, EndDate, NumGuests, CustomerID, Source, BookedAt) VALUES(838, '2020-09-01', '2020-09-03', 4, 838, 'OTA', '2020-12-28 02:48:10');
INSERT INTO Occupancies(RoomNo, Date, ResID) VALUES (402, '2020-09-01', 838);
INSERT INTO Occupancies(RoomNo, Date, ResID) VALUES (402, '2020-09-02', 838);
#839
INSERT INTO Customers(Fname, Lname, Phone, Email) VALUES ("Yesenia", "Ryan", '883-309-5679', "Yesenia_Ryan@gmail.com");
INSERT INTO Reservations(ID, StartDate, EndDate, NumGuests, CustomerID, Source, BookedAt) VALUES(839, '2020-09-02', '2020-09-06', 5, 839, 'agency', '2020-12-28 02:48:10');
INSERT INTO Occupancies(RoomNo, Date, ResID) VALUES (503, '2020-09-02', 839);
INSERT INTO Occupancies(RoomNo, Date, ResID) VALUES (503, '2020-09-03', 839);
INSERT INTO Occupancies(RoomNo, Date, ResID) VALUES (503, '2020-09-04', 839);
INSERT INTO Occupancies(RoomNo, Date, ResID) VALUES (503, '2020-09-05', 839);
#840
INSERT INTO Customers(Fname, Lname, Phone, Email) VALUES ("Luciano", "Rolfson", '863-536-4009', "Luciano_Rolfson@gmail.com");
INSERT INTO Reservations(ID, StartDate, EndDate, NumGuests, CustomerID, Source, BookedAt) VALUES(840, '2020-11-15', '2020-11-17', 5, 840, 'direct', '2020-12-28 02:48:10');
INSERT INTO Occupancies(RoomNo, Date, ResID) VALUES (106, '2020-11-15', 840);
INSERT INTO Occupancies(RoomNo, Date, ResID) VALUES (106, '2020-11-16', 840);
#841
INSERT INTO Customers(Fname, Lname, Phone, Email) VALUES ("Valentine", "Gaylord", '863-601-8085', "Valentine_Gaylord@gmail.com");
INSERT INTO Reservations(ID, StartDate, EndDate, NumGuests, CustomerID, Source, BookedAt) VALUES(841, '2020-01-28', '2020-02-01', 5, 841, 'agency', '2020-12-28 02:48:10');
INSERT INTO Occupancies(RoomNo, Date, ResID) VALUES (306, '2020-01-28', 841);
INSERT INTO Occupancies(RoomNo, Date, ResID) VALUES (306, '2020-01-29', 841);
INSERT INTO Occupancies(RoomNo, Date, ResID) VALUES (306, '2020-01-30', 841);
INSERT INTO Occupancies(RoomNo, Date, ResID) VALUES (306, '2020-01-31', 841);
#842
INSERT INTO Customers(Fname, Lname, Phone, Email) VALUES ("Erin", "Purdy", '470-364-0455', "Erin_Purdy@gmail.com");
INSERT INTO Reservations(ID, StartDate, EndDate, NumGuests, CustomerID, Source, BookedAt) VALUES(842, '2020-10-27', '2020-10-31', 4, 842, 'OTA', '2020-12-28 02:48:10');
INSERT INTO Occupancies(RoomNo, Date, ResID) VALUES (503, '2020-10-27', 842);
INSERT INTO Occupancies(RoomNo, Date, ResID) VALUES (503, '2020-10-28', 842);
INSERT INTO Occupancies(RoomNo, Date, ResID) VALUES (503, '2020-10-29', 842);
INSERT INTO Occupancies(RoomNo, Date, ResID) VALUES (503, '2020-10-30', 842);
#843
INSERT INTO Customers(Fname, Lname, Phone, Email) VALUES ("Theo", "Kuvalis", '202-229-6677', "Theo_Kuvalis@gmail.com");
INSERT INTO Reservations(ID, StartDate, EndDate, NumGuests, CustomerID, Source, BookedAt) VALUES(843, '2021-06-23', '2021-06-28', 2, 843, 'agency', '2020-12-28 02:48:10');
INSERT INTO Occupancies(RoomNo, Date, ResID) VALUES (201, '2021-06-23', 843);
INSERT INTO Occupancies(RoomNo, Date, ResID) VALUES (201, '2021-06-24', 843);
INSERT INTO Occupancies(RoomNo, Date, ResID) VALUES (201, '2021-06-25', 843);
INSERT INTO Occupancies(RoomNo, Date, ResID) VALUES (201, '2021-06-26', 843);
INSERT INTO Occupancies(RoomNo, Date, ResID) VALUES (201, '2021-06-27', 843);
#844
INSERT INTO Customers(Fname, Lname, Phone, Email) VALUES ("Lorine", "Cole", '377-715-9048', "Lorine_Cole@gmail.com");
INSERT INTO Reservations(ID, StartDate, EndDate, NumGuests, CustomerID, Source, BookedAt) VALUES(844, '2020-08-31', '2020-09-04', 2, 844, 'direct', '2020-12-28 02:48:10');
INSERT INTO Occupancies(RoomNo, Date, ResID) VALUES (505, '2020-08-31', 844);
INSERT INTO Occupancies(RoomNo, Date, ResID) VALUES (505, '2020-09-01', 844);
INSERT INTO Occupancies(RoomNo, Date, ResID) VALUES (505, '2020-09-02', 844);
INSERT INTO Occupancies(RoomNo, Date, ResID) VALUES (505, '2020-09-03', 844);
#845
INSERT INTO Customers(Fname, Lname, Phone, Email) VALUES ("Jerod", "Labadie", '941-826-9474', "Jerod_Labadie@gmail.com");
INSERT INTO Reservations(ID, StartDate, EndDate, NumGuests, CustomerID, Source, BookedAt) VALUES(845, '2020-08-01', '2020-08-02', 4, 845, 'agency', '2020-12-28 02:48:10');
INSERT INTO Occupancies(RoomNo, Date, ResID) VALUES (504, '2020-08-01', 845);
#846
INSERT INTO Customers(Fname, Lname, Phone, Email) VALUES ("Bridgette", "Grant", '661-803-5578', "Bridgette_Grant@gmail.com");
INSERT INTO Reservations(ID, StartDate, EndDate, NumGuests, CustomerID, Source, BookedAt) VALUES(846, '2021-08-31', '2021-09-05', 5, 846, 'direct', '2020-12-28 02:48:10');
INSERT INTO Occupancies(RoomNo, Date, ResID) VALUES (205, '2021-08-31', 846);
INSERT INTO Occupancies(RoomNo, Date, ResID) VALUES (205, '2021-09-01', 846);
INSERT INTO Occupancies(RoomNo, Date, ResID) VALUES (205, '2021-09-02', 846);
INSERT INTO Occupancies(RoomNo, Date, ResID) VALUES (205, '2021-09-03', 846);
INSERT INTO Occupancies(RoomNo, Date, ResID) VALUES (205, '2021-09-04', 846);
#847
INSERT INTO Customers(Fname, Lname, Phone, Email) VALUES ("Tristian", "Ortiz", '499-316-1667', "Tristian_Ortiz@gmail.com");
INSERT INTO Reservations(ID, StartDate, EndDate, NumGuests, CustomerID, Source, BookedAt) VALUES(847, '2020-10-06', '2020-10-07', 4, 847, 'direct', '2020-12-28 02:48:10');
INSERT INTO Occupancies(RoomNo, Date, ResID) VALUES (405, '2020-10-06', 847);
#848
INSERT INTO Customers(Fname, Lname, Phone, Email) VALUES ("Ettie", "Gusikowski", '804-377-0998', "Ettie_Gusikowski@gmail.com");
INSERT INTO Reservations(ID, StartDate, EndDate, NumGuests, CustomerID, Source, BookedAt) VALUES(848, '2020-01-22', '2020-01-26', 3, 848, 'corporate', '2020-12-28 02:48:10');
INSERT INTO Occupancies(RoomNo, Date, ResID) VALUES (301, '2020-01-22', 848);
INSERT INTO Occupancies(RoomNo, Date, ResID) VALUES (301, '2020-01-23', 848);
INSERT INTO Occupancies(RoomNo, Date, ResID) VALUES (301, '2020-01-24', 848);
INSERT INTO Occupancies(RoomNo, Date, ResID) VALUES (301, '2020-01-25', 848);
#849
INSERT INTO Customers(Fname, Lname, Phone, Email) VALUES ("Celestino", "Smith", '637-529-7461', "Celestino_Smith@gmail.com");
INSERT INTO Reservations(ID, StartDate, EndDate, NumGuests, CustomerID, Source, BookedAt) VALUES(849, '2020-10-04', '2020-10-07', 5, 849, 'agency', '2020-12-28 02:48:10');
INSERT INTO Occupancies(RoomNo, Date, ResID) VALUES (506, '2020-10-04', 849);
INSERT INTO Occupancies(RoomNo, Date, ResID) VALUES (506, '2020-10-05', 849);
INSERT INTO Occupancies(RoomNo, Date, ResID) VALUES (506, '2020-10-06', 849);
#850
INSERT INTO Customers(Fname, Lname, Phone, Email) VALUES ("Freeda", "Schaefer", '557-863-9215', "Freeda_Schaefer@gmail.com");
INSERT INTO Reservations(ID, StartDate, EndDate, NumGuests, CustomerID, Source, BookedAt) VALUES(850, '2020-04-18', '2020-04-21', 1, 850, 'direct', '2020-12-28 02:48:10');
INSERT INTO Occupancies(RoomNo, Date, ResID) VALUES (206, '2020-04-18', 850);
INSERT INTO Occupancies(RoomNo, Date, ResID) VALUES (206, '2020-04-19', 850);
INSERT INTO Occupancies(RoomNo, Date, ResID) VALUES (206, '2020-04-20', 850);
#851
INSERT INTO Customers(Fname, Lname, Phone, Email) VALUES ("Orrin", "Barton", '671-372-3084', "Orrin_Barton@gmail.com");
INSERT INTO Reservations(ID, StartDate, EndDate, NumGuests, CustomerID, Source, BookedAt) VALUES(851, '2020-10-29', '2020-11-03', 1, 851, 'direct', '2020-12-28 02:48:10');
INSERT INTO Occupancies(RoomNo, Date, ResID) VALUES (203, '2020-10-29', 851);
INSERT INTO Occupancies(RoomNo, Date, ResID) VALUES (203, '2020-10-30', 851);
INSERT INTO Occupancies(RoomNo, Date, ResID) VALUES (203, '2020-10-31', 851);
INSERT INTO Occupancies(RoomNo, Date, ResID) VALUES (203, '2020-11-01', 851);
INSERT INTO Occupancies(RoomNo, Date, ResID) VALUES (203, '2020-11-02', 851);
#852
INSERT INTO Customers(Fname, Lname, Phone, Email) VALUES ("Torrey", "Pollich", '638-309-7322', "Torrey_Pollich@gmail.com");
INSERT INTO Reservations(ID, StartDate, EndDate, NumGuests, CustomerID, Source, BookedAt) VALUES(852, '2020-12-08', '2020-12-12', 1, 852, 'direct', '2020-12-28 02:48:10');
INSERT INTO Occupancies(RoomNo, Date, ResID) VALUES (102, '2020-12-08', 852);
INSERT INTO Occupancies(RoomNo, Date, ResID) VALUES (102, '2020-12-09', 852);
INSERT INTO Occupancies(RoomNo, Date, ResID) VALUES (102, '2020-12-10', 852);
INSERT INTO Occupancies(RoomNo, Date, ResID) VALUES (102, '2020-12-11', 852);
#853
INSERT INTO Customers(Fname, Lname, Phone, Email) VALUES ("Lester", "Denesik", '546-612-8872', "Lester_Denesik@gmail.com");
INSERT INTO Reservations(ID, StartDate, EndDate, NumGuests, CustomerID, Source, BookedAt) VALUES(853, '2020-09-24', '2020-09-25', 5, 853, 'direct', '2020-12-28 02:48:10');
INSERT INTO Occupancies(RoomNo, Date, ResID) VALUES (504, '2020-09-24', 853);
#854
INSERT INTO Customers(Fname, Lname, Phone, Email) VALUES ("Melvina", "Hamill", '238-960-1644', "Melvina_Hamill@gmail.com");
INSERT INTO Reservations(ID, StartDate, EndDate, NumGuests, CustomerID, Source, BookedAt) VALUES(854, '2021-04-02', '2021-04-05', 3, 854, 'direct', '2020-12-28 02:48:10');
INSERT INTO Occupancies(RoomNo, Date, ResID) VALUES (306, '2021-04-02', 854);
INSERT INTO Occupancies(RoomNo, Date, ResID) VALUES (306, '2021-04-03', 854);
INSERT INTO Occupancies(RoomNo, Date, ResID) VALUES (306, '2021-04-04', 854);
#855
INSERT INTO Customers(Fname, Lname, Phone, Email) VALUES ("Avery", "Hagenes", '777-516-0466', "Avery_Hagenes@gmail.com");
INSERT INTO Reservations(ID, StartDate, EndDate, NumGuests, CustomerID, Source, BookedAt) VALUES(855, '2020-07-10', '2020-07-11', 2, 855, 'OTA', '2020-12-28 02:48:10');
INSERT INTO Occupancies(RoomNo, Date, ResID) VALUES (106, '2020-07-10', 855);
#856
INSERT INTO Customers(Fname, Lname, Phone, Email) VALUES ("Nash", "Ledner", '670-468-5585', "Nash_Ledner@gmail.com");
INSERT INTO Reservations(ID, StartDate, EndDate, NumGuests, CustomerID, Source, BookedAt) VALUES(856, '2020-03-16', '2020-03-19', 1, 856, 'corporate', '2020-12-28 02:48:10');
INSERT INTO Occupancies(RoomNo, Date, ResID) VALUES (101, '2020-03-16', 856);
INSERT INTO Occupancies(RoomNo, Date, ResID) VALUES (101, '2020-03-17', 856);
INSERT INTO Occupancies(RoomNo, Date, ResID) VALUES (101, '2020-03-18', 856);
#857
INSERT INTO Customers(Fname, Lname, Phone, Email) VALUES ("Brooklyn", "Hessel", '767-302-9844', "Brooklyn_Hessel@gmail.com");
INSERT INTO Reservations(ID, StartDate, EndDate, NumGuests, CustomerID, Source, BookedAt) VALUES(857, '2020-11-21', '2020-11-23', 3, 857, 'agency', '2020-12-28 02:48:10');
INSERT INTO Occupancies(RoomNo, Date, ResID) VALUES (404, '2020-11-21', 857);
INSERT INTO Occupancies(RoomNo, Date, ResID) VALUES (404, '2020-11-22', 857);
#858
INSERT INTO Customers(Fname, Lname, Phone, Email) VALUES ("Nelda", "Daugherty", '332-983-1388', "Nelda_Daugherty@gmail.com");
INSERT INTO Reservations(ID, StartDate, EndDate, NumGuests, CustomerID, Source, BookedAt) VALUES(858, '2020-05-23', '2020-05-24', 5, 858, 'direct', '2020-12-28 02:48:10');
INSERT INTO Occupancies(RoomNo, Date, ResID) VALUES (406, '2020-05-23', 858);
#859
INSERT INTO Customers(Fname, Lname, Phone, Email) VALUES ("Regan", "Jacobson", '429-679-5803', "Regan_Jacobson@gmail.com");
INSERT INTO Reservations(ID, StartDate, EndDate, NumGuests, CustomerID, Source, BookedAt) VALUES(859, '2020-01-09', '2020-01-12', 1, 859, 'OTA', '2020-12-28 02:48:10');
INSERT INTO Occupancies(RoomNo, Date, ResID) VALUES (403, '2020-01-09', 859);
INSERT INTO Occupancies(RoomNo, Date, ResID) VALUES (403, '2020-01-10', 859);
INSERT INTO Occupancies(RoomNo, Date, ResID) VALUES (403, '2020-01-11', 859);
#860
INSERT INTO Customers(Fname, Lname, Phone, Email) VALUES ("Jadyn", "Cole", '343-533-6951', "Jadyn_Cole@gmail.com");
INSERT INTO Reservations(ID, StartDate, EndDate, NumGuests, CustomerID, Source, BookedAt) VALUES(860, '2021-07-31', '2021-08-05', 5, 860, 'OTA', '2020-12-28 02:48:10');
INSERT INTO Occupancies(RoomNo, Date, ResID) VALUES (401, '2021-07-31', 860);
INSERT INTO Occupancies(RoomNo, Date, ResID) VALUES (401, '2021-08-01', 860);
INSERT INTO Occupancies(RoomNo, Date, ResID) VALUES (401, '2021-08-02', 860);
INSERT INTO Occupancies(RoomNo, Date, ResID) VALUES (401, '2021-08-03', 860);
INSERT INTO Occupancies(RoomNo, Date, ResID) VALUES (401, '2021-08-04', 860);
#861
INSERT INTO Customers(Fname, Lname, Phone, Email) VALUES ("Zora", "Keeling", '845-700-3937', "Zora_Keeling@gmail.com");
INSERT INTO Reservations(ID, StartDate, EndDate, NumGuests, CustomerID, Source, BookedAt) VALUES(861, '2020-06-20', '2020-06-23', 5, 861, 'corporate', '2020-12-28 02:48:10');
INSERT INTO Occupancies(RoomNo, Date, ResID) VALUES (504, '2020-06-20', 861);
INSERT INTO Occupancies(RoomNo, Date, ResID) VALUES (504, '2020-06-21', 861);
INSERT INTO Occupancies(RoomNo, Date, ResID) VALUES (504, '2020-06-22', 861);
#862
INSERT INTO Customers(Fname, Lname, Phone, Email) VALUES ("Berry", "Buckridge", '981-937-7439', "Berry_Buckridge@gmail.com");
INSERT INTO Reservations(ID, StartDate, EndDate, NumGuests, CustomerID, Source, BookedAt) VALUES(862, '2020-08-14', '2020-08-19', 3, 862, 'OTA', '2020-12-28 02:48:10');
INSERT INTO Occupancies(RoomNo, Date, ResID) VALUES (206, '2020-08-14', 862);
INSERT INTO Occupancies(RoomNo, Date, ResID) VALUES (206, '2020-08-15', 862);
INSERT INTO Occupancies(RoomNo, Date, ResID) VALUES (206, '2020-08-16', 862);
INSERT INTO Occupancies(RoomNo, Date, ResID) VALUES (206, '2020-08-17', 862);
INSERT INTO Occupancies(RoomNo, Date, ResID) VALUES (206, '2020-08-18', 862);
#863
INSERT INTO Customers(Fname, Lname, Phone, Email) VALUES ("Andres", "King", '869-878-9748', "Andres_King@gmail.com");
INSERT INTO Reservations(ID, StartDate, EndDate, NumGuests, CustomerID, Source, BookedAt) VALUES(863, '2020-12-06', '2020-12-09', 5, 863, 'direct', '2020-12-28 02:48:10');
INSERT INTO Occupancies(RoomNo, Date, ResID) VALUES (404, '2020-12-06', 863);
INSERT INTO Occupancies(RoomNo, Date, ResID) VALUES (404, '2020-12-07', 863);
INSERT INTO Occupancies(RoomNo, Date, ResID) VALUES (404, '2020-12-08', 863);
#864
INSERT INTO Customers(Fname, Lname, Phone, Email) VALUES ("Mellie", "Zulauf", '896-509-0131', "Mellie_Zulauf@gmail.com");
INSERT INTO Reservations(ID, StartDate, EndDate, NumGuests, CustomerID, Source, BookedAt) VALUES(864, '2020-02-17', '2020-02-18', 4, 864, 'agency', '2020-12-28 02:48:10');
INSERT INTO Occupancies(RoomNo, Date, ResID) VALUES (402, '2020-02-17', 864);
#865
INSERT INTO Customers(Fname, Lname, Phone, Email) VALUES ("Elton", "McLaughlin", '952-206-3473', "Elton_McLaughlin@gmail.com");
INSERT INTO Reservations(ID, StartDate, EndDate, NumGuests, CustomerID, Source, BookedAt) VALUES(865, '2020-10-29', '2020-11-02', 2, 865, 'direct', '2020-12-28 02:48:10');
INSERT INTO Occupancies(RoomNo, Date, ResID) VALUES (104, '2020-10-29', 865);
INSERT INTO Occupancies(RoomNo, Date, ResID) VALUES (104, '2020-10-30', 865);
INSERT INTO Occupancies(RoomNo, Date, ResID) VALUES (104, '2020-10-31', 865);
INSERT INTO Occupancies(RoomNo, Date, ResID) VALUES (104, '2020-11-01', 865);
#866
INSERT INTO Customers(Fname, Lname, Phone, Email) VALUES ("Lorna", "Pfannerstill", '839-993-4059', "Lorna_Pfannerstill@gmail.com");
INSERT INTO Reservations(ID, StartDate, EndDate, NumGuests, CustomerID, Source, BookedAt) VALUES(866, '2020-08-30', '2020-09-03', 2, 866, 'OTA', '2020-12-28 02:48:10');
INSERT INTO Occupancies(RoomNo, Date, ResID) VALUES (104, '2020-08-30', 866);
INSERT INTO Occupancies(RoomNo, Date, ResID) VALUES (104, '2020-08-31', 866);
INSERT INTO Occupancies(RoomNo, Date, ResID) VALUES (104, '2020-09-01', 866);
INSERT INTO Occupancies(RoomNo, Date, ResID) VALUES (104, '2020-09-02', 866);
#867
INSERT INTO Customers(Fname, Lname, Phone, Email) VALUES ("Caesar", "Torphy", '676-508-6707', "Caesar_Torphy@gmail.com");
INSERT INTO Reservations(ID, StartDate, EndDate, NumGuests, CustomerID, Source, BookedAt) VALUES(867, '2021-04-12', '2021-04-14', 5, 867, 'direct', '2020-12-28 02:48:10');
INSERT INTO Occupancies(RoomNo, Date, ResID) VALUES (203, '2021-04-12', 867);
INSERT INTO Occupancies(RoomNo, Date, ResID) VALUES (203, '2021-04-13', 867);
#868
INSERT INTO Customers(Fname, Lname, Phone, Email) VALUES ("Jimmy", "McDermott", '923-275-6076', "Jimmy_McDermott@gmail.com");
INSERT INTO Reservations(ID, StartDate, EndDate, NumGuests, CustomerID, Source, BookedAt) VALUES(868, '2020-08-11', '2020-08-15', 5, 868, 'corporate', '2020-12-28 02:48:10');
INSERT INTO Occupancies(RoomNo, Date, ResID) VALUES (102, '2020-08-11', 868);
INSERT INTO Occupancies(RoomNo, Date, ResID) VALUES (102, '2020-08-12', 868);
INSERT INTO Occupancies(RoomNo, Date, ResID) VALUES (102, '2020-08-13', 868);
INSERT INTO Occupancies(RoomNo, Date, ResID) VALUES (102, '2020-08-14', 868);
#869
INSERT INTO Customers(Fname, Lname, Phone, Email) VALUES ("Tyrell", "Wilderman", '456-395-7361', "Tyrell_Wilderman@gmail.com");
INSERT INTO Reservations(ID, StartDate, EndDate, NumGuests, CustomerID, Source, BookedAt) VALUES(869, '2020-04-02', '2020-04-04', 3, 869, 'direct', '2020-12-28 02:48:10');
INSERT INTO Occupancies(RoomNo, Date, ResID) VALUES (506, '2020-04-02', 869);
INSERT INTO Occupancies(RoomNo, Date, ResID) VALUES (506, '2020-04-03', 869);
#870
INSERT INTO Customers(Fname, Lname, Phone, Email) VALUES ("Eleazar", "Considine", '977-245-5024', "Eleazar_Considine@gmail.com");
INSERT INTO Reservations(ID, StartDate, EndDate, NumGuests, CustomerID, Source, BookedAt) VALUES(870, '2020-05-03', '2020-05-04', 4, 870, 'OTA', '2020-12-28 02:48:10');
INSERT INTO Occupancies(RoomNo, Date, ResID) VALUES (505, '2020-05-03', 870);
#871
INSERT INTO Customers(Fname, Lname, Phone, Email) VALUES ("Kevon", "Dooley", '412-712-7019', "Kevon_Dooley@gmail.com");
INSERT INTO Reservations(ID, StartDate, EndDate, NumGuests, CustomerID, Source, BookedAt) VALUES(871, '2020-09-16', '2020-09-17', 4, 871, 'direct', '2020-12-28 02:48:10');
INSERT INTO Occupancies(RoomNo, Date, ResID) VALUES (406, '2020-09-16', 871);
#872
INSERT INTO Customers(Fname, Lname, Phone, Email) VALUES ("Freeman", "Kozey", '677-396-6558', "Freeman_Kozey@gmail.com");
INSERT INTO Reservations(ID, StartDate, EndDate, NumGuests, CustomerID, Source, BookedAt) VALUES(872, '2020-02-25', '2020-02-27', 4, 872, 'corporate', '2020-12-28 02:48:10');
INSERT INTO Occupancies(RoomNo, Date, ResID) VALUES (202, '2020-02-25', 872);
INSERT INTO Occupancies(RoomNo, Date, ResID) VALUES (202, '2020-02-26', 872);
#873
INSERT INTO Customers(Fname, Lname, Phone, Email) VALUES ("Maggie", "Bogisich", '692-212-6709', "Maggie_Bogisich@gmail.com");
INSERT INTO Reservations(ID, StartDate, EndDate, NumGuests, CustomerID, Source, BookedAt) VALUES(873, '2020-11-30', '2020-12-02', 3, 873, 'direct', '2020-12-28 02:48:10');
INSERT INTO Occupancies(RoomNo, Date, ResID) VALUES (402, '2020-11-30', 873);
INSERT INTO Occupancies(RoomNo, Date, ResID) VALUES (402, '2020-12-01', 873);
#874
INSERT INTO Customers(Fname, Lname, Phone, Email) VALUES ("Robin", "Hane", '333-890-3176', "Robin_Hane@gmail.com");
INSERT INTO Reservations(ID, StartDate, EndDate, NumGuests, CustomerID, Source, BookedAt) VALUES(874, '2021-03-06', '2021-03-09', 3, 874, 'OTA', '2020-12-28 02:48:10');
INSERT INTO Occupancies(RoomNo, Date, ResID) VALUES (106, '2021-03-06', 874);
INSERT INTO Occupancies(RoomNo, Date, ResID) VALUES (106, '2021-03-07', 874);
INSERT INTO Occupancies(RoomNo, Date, ResID) VALUES (106, '2021-03-08', 874);
#875
INSERT INTO Customers(Fname, Lname, Phone, Email) VALUES ("Demetrius", "Kovacek", '484-262-7979', "Demetrius_Kovacek@gmail.com");
INSERT INTO Reservations(ID, StartDate, EndDate, NumGuests, CustomerID, Source, BookedAt) VALUES(875, '2020-01-19', '2020-01-20', 5, 875, 'OTA', '2020-12-28 02:48:10');
INSERT INTO Occupancies(RoomNo, Date, ResID) VALUES (503, '2020-01-19', 875);
#876
INSERT INTO Customers(Fname, Lname, Phone, Email) VALUES ("Lorine", "White", '750-734-8102', "Lorine_White@gmail.com");
INSERT INTO Reservations(ID, StartDate, EndDate, NumGuests, CustomerID, Source, BookedAt) VALUES(876, '2020-10-21', '2020-10-23', 5, 876, 'direct', '2020-12-28 02:48:10');
INSERT INTO Occupancies(RoomNo, Date, ResID) VALUES (404, '2020-10-21', 876);
INSERT INTO Occupancies(RoomNo, Date, ResID) VALUES (404, '2020-10-22', 876);
#877
INSERT INTO Customers(Fname, Lname, Phone, Email) VALUES ("Lilian", "Pacocha", '630-232-3020', "Lilian_Pacocha@gmail.com");
INSERT INTO Reservations(ID, StartDate, EndDate, NumGuests, CustomerID, Source, BookedAt) VALUES(877, '2020-04-16', '2020-04-21', 1, 877, 'corporate', '2020-12-28 02:48:10');
INSERT INTO Occupancies(RoomNo, Date, ResID) VALUES (501, '2020-04-16', 877);
INSERT INTO Occupancies(RoomNo, Date, ResID) VALUES (501, '2020-04-17', 877);
INSERT INTO Occupancies(RoomNo, Date, ResID) VALUES (501, '2020-04-18', 877);
INSERT INTO Occupancies(RoomNo, Date, ResID) VALUES (501, '2020-04-19', 877);
INSERT INTO Occupancies(RoomNo, Date, ResID) VALUES (501, '2020-04-20', 877);
#878
INSERT INTO Customers(Fname, Lname, Phone, Email) VALUES ("Zoe", "Schmitt", '474-663-4832', "Zoe_Schmitt@gmail.com");
INSERT INTO Reservations(ID, StartDate, EndDate, NumGuests, CustomerID, Source, BookedAt) VALUES(878, '2021-01-16', '2021-01-17', 4, 878, 'OTA', '2020-12-28 02:48:10');
INSERT INTO Occupancies(RoomNo, Date, ResID) VALUES (105, '2021-01-16', 878);
#879
INSERT INTO Customers(Fname, Lname, Phone, Email) VALUES ("Myrl", "Runolfsson", '516-720-5172', "Myrl_Runolfsson@gmail.com");
INSERT INTO Reservations(ID, StartDate, EndDate, NumGuests, CustomerID, Source, BookedAt) VALUES(879, '2020-10-28', '2020-10-29', 2, 879, 'agency', '2020-12-28 02:48:10');
INSERT INTO Occupancies(RoomNo, Date, ResID) VALUES (202, '2020-10-28', 879);
#880
INSERT INTO Customers(Fname, Lname, Phone, Email) VALUES ("Libby", "Ziemann", '993-786-6373', "Libby_Ziemann@gmail.com");
INSERT INTO Reservations(ID, StartDate, EndDate, NumGuests, CustomerID, Source, BookedAt) VALUES(880, '2020-08-22', '2020-08-27', 2, 880, 'agency', '2020-12-28 02:48:10');
INSERT INTO Occupancies(RoomNo, Date, ResID) VALUES (304, '2020-08-22', 880);
INSERT INTO Occupancies(RoomNo, Date, ResID) VALUES (304, '2020-08-23', 880);
INSERT INTO Occupancies(RoomNo, Date, ResID) VALUES (304, '2020-08-24', 880);
INSERT INTO Occupancies(RoomNo, Date, ResID) VALUES (304, '2020-08-25', 880);
INSERT INTO Occupancies(RoomNo, Date, ResID) VALUES (304, '2020-08-26', 880);
#881
INSERT INTO Customers(Fname, Lname, Phone, Email) VALUES ("Orland", "Cole", '741-415-7376', "Orland_Cole@gmail.com");
INSERT INTO Reservations(ID, StartDate, EndDate, NumGuests, CustomerID, Source, BookedAt) VALUES(881, '2020-09-15', '2020-09-18', 5, 881, 'corporate', '2020-12-28 02:48:10');
INSERT INTO Occupancies(RoomNo, Date, ResID) VALUES (401, '2020-09-15', 881);
INSERT INTO Occupancies(RoomNo, Date, ResID) VALUES (401, '2020-09-16', 881);
INSERT INTO Occupancies(RoomNo, Date, ResID) VALUES (401, '2020-09-17', 881);
#882
INSERT INTO Customers(Fname, Lname, Phone, Email) VALUES ("Rachel", "Krajcik", '996-602-6450', "Rachel_Krajcik@gmail.com");
INSERT INTO Reservations(ID, StartDate, EndDate, NumGuests, CustomerID, Source, BookedAt) VALUES(882, '2020-09-06', '2020-09-08', 1, 882, 'OTA', '2020-12-28 02:48:10');
INSERT INTO Occupancies(RoomNo, Date, ResID) VALUES (405, '2020-09-06', 882);
INSERT INTO Occupancies(RoomNo, Date, ResID) VALUES (405, '2020-09-07', 882);
#883
INSERT INTO Customers(Fname, Lname, Phone, Email) VALUES ("Brycen", "Ratke", '791-459-9436', "Brycen_Ratke@gmail.com");
INSERT INTO Reservations(ID, StartDate, EndDate, NumGuests, CustomerID, Source, BookedAt) VALUES(883, '2021-05-24', '2021-05-28', 5, 883, 'direct', '2020-12-28 02:48:10');
INSERT INTO Occupancies(RoomNo, Date, ResID) VALUES (303, '2021-05-24', 883);
INSERT INTO Occupancies(RoomNo, Date, ResID) VALUES (303, '2021-05-25', 883);
INSERT INTO Occupancies(RoomNo, Date, ResID) VALUES (303, '2021-05-26', 883);
INSERT INTO Occupancies(RoomNo, Date, ResID) VALUES (303, '2021-05-27', 883);
#884
INSERT INTO Customers(Fname, Lname, Phone, Email) VALUES ("Mya", "Schuppe", '782-723-4963', "Mya_Schuppe@gmail.com");
INSERT INTO Reservations(ID, StartDate, EndDate, NumGuests, CustomerID, Source, BookedAt) VALUES(884, '2021-04-26', '2021-04-30', 1, 884, 'direct', '2020-12-28 02:48:10');
INSERT INTO Occupancies(RoomNo, Date, ResID) VALUES (305, '2021-04-26', 884);
INSERT INTO Occupancies(RoomNo, Date, ResID) VALUES (305, '2021-04-27', 884);
INSERT INTO Occupancies(RoomNo, Date, ResID) VALUES (305, '2021-04-28', 884);
INSERT INTO Occupancies(RoomNo, Date, ResID) VALUES (305, '2021-04-29', 884);
#885
INSERT INTO Customers(Fname, Lname, Phone, Email) VALUES ("Asha", "Gleichner", '686-493-9759', "Asha_Gleichner@gmail.com");
INSERT INTO Reservations(ID, StartDate, EndDate, NumGuests, CustomerID, Source, BookedAt) VALUES(885, '2020-09-08', '2020-09-09', 3, 885, 'direct', '2020-12-28 02:48:10');
INSERT INTO Occupancies(RoomNo, Date, ResID) VALUES (503, '2020-09-08', 885);
#886
INSERT INTO Customers(Fname, Lname, Phone, Email) VALUES ("Jaycee", "Hammes", '675-511-4771', "Jaycee_Hammes@gmail.com");
INSERT INTO Reservations(ID, StartDate, EndDate, NumGuests, CustomerID, Source, BookedAt) VALUES(886, '2020-09-15', '2020-09-16', 4, 886, 'agency', '2020-12-28 02:48:10');
INSERT INTO Occupancies(RoomNo, Date, ResID) VALUES (402, '2020-09-15', 886);
#887
INSERT INTO Customers(Fname, Lname, Phone, Email) VALUES ("Nina", "Reilly", '692-354-9448', "Nina_Reilly@gmail.com");
INSERT INTO Reservations(ID, StartDate, EndDate, NumGuests, CustomerID, Source, BookedAt) VALUES(887, '2021-02-21', '2021-02-22', 3, 887, 'OTA', '2020-12-28 02:48:10');
INSERT INTO Occupancies(RoomNo, Date, ResID) VALUES (405, '2021-02-21', 887);
#888
INSERT INTO Customers(Fname, Lname, Phone, Email) VALUES ("Kiel", "Green", '235-314-5314', "Kiel_Green@gmail.com");
INSERT INTO Reservations(ID, StartDate, EndDate, NumGuests, CustomerID, Source, BookedAt) VALUES(888, '2020-08-16', '2020-08-19', 1, 888, 'agency', '2020-12-28 02:48:10');
INSERT INTO Occupancies(RoomNo, Date, ResID) VALUES (101, '2020-08-16', 888);
INSERT INTO Occupancies(RoomNo, Date, ResID) VALUES (101, '2020-08-17', 888);
INSERT INTO Occupancies(RoomNo, Date, ResID) VALUES (101, '2020-08-18', 888);
#889
INSERT INTO Customers(Fname, Lname, Phone, Email) VALUES ("Waylon", "Okuneva", '756-787-4751', "Waylon_Okuneva@gmail.com");
INSERT INTO Reservations(ID, StartDate, EndDate, NumGuests, CustomerID, Source, BookedAt) VALUES(889, '2020-09-09', '2020-09-13', 3, 889, 'agency', '2020-12-28 02:48:10');
INSERT INTO Occupancies(RoomNo, Date, ResID) VALUES (402, '2020-09-09', 889);
INSERT INTO Occupancies(RoomNo, Date, ResID) VALUES (402, '2020-09-10', 889);
INSERT INTO Occupancies(RoomNo, Date, ResID) VALUES (402, '2020-09-11', 889);
INSERT INTO Occupancies(RoomNo, Date, ResID) VALUES (402, '2020-09-12', 889);
#890
INSERT INTO Customers(Fname, Lname, Phone, Email) VALUES ("Ethelyn", "Thompson", '522-258-2935', "Ethelyn_Thompson@gmail.com");
INSERT INTO Reservations(ID, StartDate, EndDate, NumGuests, CustomerID, Source, BookedAt) VALUES(890, '2020-09-22', '2020-09-24', 2, 890, 'direct', '2020-12-28 02:48:10');
INSERT INTO Occupancies(RoomNo, Date, ResID) VALUES (506, '2020-09-22', 890);
INSERT INTO Occupancies(RoomNo, Date, ResID) VALUES (506, '2020-09-23', 890);
#891
INSERT INTO Customers(Fname, Lname, Phone, Email) VALUES ("Thelma", "Hickle", '498-411-5157', "Thelma_Hickle@gmail.com");
INSERT INTO Reservations(ID, StartDate, EndDate, NumGuests, CustomerID, Source, BookedAt) VALUES(891, '2020-01-17', '2020-01-22', 4, 891, 'OTA', '2020-12-28 02:48:10');
INSERT INTO Occupancies(RoomNo, Date, ResID) VALUES (103, '2020-01-17', 891);
INSERT INTO Occupancies(RoomNo, Date, ResID) VALUES (103, '2020-01-18', 891);
INSERT INTO Occupancies(RoomNo, Date, ResID) VALUES (103, '2020-01-19', 891);
INSERT INTO Occupancies(RoomNo, Date, ResID) VALUES (103, '2020-01-20', 891);
INSERT INTO Occupancies(RoomNo, Date, ResID) VALUES (103, '2020-01-21', 891);
#892
INSERT INTO Customers(Fname, Lname, Phone, Email) VALUES ("Tristin", "Muller", '279-829-4152', "Tristin_Muller@gmail.com");
INSERT INTO Reservations(ID, StartDate, EndDate, NumGuests, CustomerID, Source, BookedAt) VALUES(892, '2020-11-29', '2020-11-30', 3, 892, 'corporate', '2020-12-28 02:48:10');
INSERT INTO Occupancies(RoomNo, Date, ResID) VALUES (105, '2020-11-29', 892);
#893
INSERT INTO Customers(Fname, Lname, Phone, Email) VALUES ("Fabiola", "Quigley", '681-668-8606', "Fabiola_Quigley@gmail.com");
INSERT INTO Reservations(ID, StartDate, EndDate, NumGuests, CustomerID, Source, BookedAt) VALUES(893, '2020-08-24', '2020-08-25', 1, 893, 'OTA', '2020-12-28 02:48:10');
INSERT INTO Occupancies(RoomNo, Date, ResID) VALUES (102, '2020-08-24', 893);
#894
INSERT INTO Customers(Fname, Lname, Phone, Email) VALUES ("Leonor", "Nienow", '669-919-3292', "Leonor_Nienow@gmail.com");
INSERT INTO Reservations(ID, StartDate, EndDate, NumGuests, CustomerID, Source, BookedAt) VALUES(894, '2021-05-15', '2021-05-20', 5, 894, 'direct', '2020-12-28 02:48:10');
INSERT INTO Occupancies(RoomNo, Date, ResID) VALUES (104, '2021-05-15', 894);
INSERT INTO Occupancies(RoomNo, Date, ResID) VALUES (104, '2021-05-16', 894);
INSERT INTO Occupancies(RoomNo, Date, ResID) VALUES (104, '2021-05-17', 894);
INSERT INTO Occupancies(RoomNo, Date, ResID) VALUES (104, '2021-05-18', 894);
INSERT INTO Occupancies(RoomNo, Date, ResID) VALUES (104, '2021-05-19', 894);
#895
INSERT INTO Customers(Fname, Lname, Phone, Email) VALUES ("Elissa", "Bashirian", '605-774-3869', "Elissa_Bashirian@gmail.com");
INSERT INTO Reservations(ID, StartDate, EndDate, NumGuests, CustomerID, Source, BookedAt) VALUES(895, '2020-09-02', '2020-09-04', 3, 895, 'direct', '2020-12-28 02:48:10');
INSERT INTO Occupancies(RoomNo, Date, ResID) VALUES (101, '2020-09-02', 895);
INSERT INTO Occupancies(RoomNo, Date, ResID) VALUES (101, '2020-09-03', 895);
#896
INSERT INTO Customers(Fname, Lname, Phone, Email) VALUES ("Jamey", "Wisoky", '630-476-0703', "Jamey_Wisoky@gmail.com");
INSERT INTO Reservations(ID, StartDate, EndDate, NumGuests, CustomerID, Source, BookedAt) VALUES(896, '2020-04-07', '2020-04-11', 2, 896, 'direct', '2020-12-28 02:48:10');
INSERT INTO Occupancies(RoomNo, Date, ResID) VALUES (206, '2020-04-07', 896);
INSERT INTO Occupancies(RoomNo, Date, ResID) VALUES (206, '2020-04-08', 896);
INSERT INTO Occupancies(RoomNo, Date, ResID) VALUES (206, '2020-04-09', 896);
INSERT INTO Occupancies(RoomNo, Date, ResID) VALUES (206, '2020-04-10', 896);
#897
INSERT INTO Customers(Fname, Lname, Phone, Email) VALUES ("Don", "Kuhlman", '792-484-6555', "Don_Kuhlman@gmail.com");
INSERT INTO Reservations(ID, StartDate, EndDate, NumGuests, CustomerID, Source, BookedAt) VALUES(897, '2020-09-26', '2020-09-29', 5, 897, 'direct', '2020-12-28 02:48:10');
INSERT INTO Occupancies(RoomNo, Date, ResID) VALUES (201, '2020-09-26', 897);
INSERT INTO Occupancies(RoomNo, Date, ResID) VALUES (201, '2020-09-27', 897);
INSERT INTO Occupancies(RoomNo, Date, ResID) VALUES (201, '2020-09-28', 897);
#898
INSERT INTO Customers(Fname, Lname, Phone, Email) VALUES ("Mafalda", "Erdman", '721-729-2817', "Mafalda_Erdman@gmail.com");
INSERT INTO Reservations(ID, StartDate, EndDate, NumGuests, CustomerID, Source, BookedAt) VALUES(898, '2020-04-29', '2020-04-30', 5, 898, 'OTA', '2020-12-28 02:48:10');
INSERT INTO Occupancies(RoomNo, Date, ResID) VALUES (204, '2020-04-29', 898);
#899
INSERT INTO Customers(Fname, Lname, Phone, Email) VALUES ("Nicole", "Bashirian", '556-548-1551', "Nicole_Bashirian@gmail.com");
INSERT INTO Reservations(ID, StartDate, EndDate, NumGuests, CustomerID, Source, BookedAt) VALUES(899, '2020-03-17', '2020-03-18', 4, 899, 'direct', '2020-12-28 02:48:10');
INSERT INTO Occupancies(RoomNo, Date, ResID) VALUES (202, '2020-03-17', 899);
#900
INSERT INTO Customers(Fname, Lname, Phone, Email) VALUES ("Kale", "Zieme", '910-991-2018', "Kale_Zieme@gmail.com");
INSERT INTO Reservations(ID, StartDate, EndDate, NumGuests, CustomerID, Source, BookedAt) VALUES(900, '2020-03-13', '2020-03-16', 2, 900, 'OTA', '2020-12-28 02:48:10');
INSERT INTO Occupancies(RoomNo, Date, ResID) VALUES (405, '2020-03-13', 900);
INSERT INTO Occupancies(RoomNo, Date, ResID) VALUES (405, '2020-03-14', 900);
INSERT INTO Occupancies(RoomNo, Date, ResID) VALUES (405, '2020-03-15', 900);
#901
INSERT INTO Customers(Fname, Lname, Phone, Email) VALUES ("Darien", "Dare", '570-331-5152', "Darien_Dare@gmail.com");
INSERT INTO Reservations(ID, StartDate, EndDate, NumGuests, CustomerID, Source, BookedAt) VALUES(901, '2019-12-29', '2020-01-01', 1, 901, 'OTA', '2020-12-28 02:48:10');
INSERT INTO Occupancies(RoomNo, Date, ResID) VALUES (504, '2019-12-29', 901);
INSERT INTO Occupancies(RoomNo, Date, ResID) VALUES (504, '2019-12-30', 901);
INSERT INTO Occupancies(RoomNo, Date, ResID) VALUES (504, '2019-12-31', 901);
#902
INSERT INTO Customers(Fname, Lname, Phone, Email) VALUES ("Florian", "Johns", '962-678-2723', "Florian_Johns@gmail.com");
INSERT INTO Reservations(ID, StartDate, EndDate, NumGuests, CustomerID, Source, BookedAt) VALUES(902, '2020-02-15', '2020-02-20', 4, 902, 'OTA', '2020-12-28 02:48:10');
INSERT INTO Occupancies(RoomNo, Date, ResID) VALUES (505, '2020-02-15', 902);
INSERT INTO Occupancies(RoomNo, Date, ResID) VALUES (505, '2020-02-16', 902);
INSERT INTO Occupancies(RoomNo, Date, ResID) VALUES (505, '2020-02-17', 902);
INSERT INTO Occupancies(RoomNo, Date, ResID) VALUES (505, '2020-02-18', 902);
INSERT INTO Occupancies(RoomNo, Date, ResID) VALUES (505, '2020-02-19', 902);
#903
INSERT INTO Customers(Fname, Lname, Phone, Email) VALUES ("Neoma", "Jacobi", '617-501-2088', "Neoma_Jacobi@gmail.com");
INSERT INTO Reservations(ID, StartDate, EndDate, NumGuests, CustomerID, Source, BookedAt) VALUES(903, '2020-10-26', '2020-10-28', 5, 903, 'direct', '2020-12-28 02:48:10');
INSERT INTO Occupancies(RoomNo, Date, ResID) VALUES (206, '2020-10-26', 903);
INSERT INTO Occupancies(RoomNo, Date, ResID) VALUES (206, '2020-10-27', 903);
#904
INSERT INTO Customers(Fname, Lname, Phone, Email) VALUES ("Darion", "Kihn", '824-357-2767', "Darion_Kihn@gmail.com");
INSERT INTO Reservations(ID, StartDate, EndDate, NumGuests, CustomerID, Source, BookedAt) VALUES(904, '2020-06-29', '2020-06-30', 5, 904, 'direct', '2020-12-28 02:48:10');
INSERT INTO Occupancies(RoomNo, Date, ResID) VALUES (201, '2020-06-29', 904);
#905
INSERT INTO Customers(Fname, Lname, Phone, Email) VALUES ("Cortney", "Moen", '603-590-2006', "Cortney_Moen@gmail.com");
INSERT INTO Reservations(ID, StartDate, EndDate, NumGuests, CustomerID, Source, BookedAt) VALUES(905, '2020-03-12', '2020-03-13', 3, 905, 'direct', '2020-12-28 02:48:10');
INSERT INTO Occupancies(RoomNo, Date, ResID) VALUES (506, '2020-03-12', 905);
#906
INSERT INTO Customers(Fname, Lname, Phone, Email) VALUES ("Natasha", "O'Connell", '356-265-6509', "Natasha_O'Connell@gmail.com");
INSERT INTO Reservations(ID, StartDate, EndDate, NumGuests, CustomerID, Source, BookedAt) VALUES(906, '2020-11-24', '2020-11-26', 5, 906, 'OTA', '2020-12-28 02:48:10');
INSERT INTO Occupancies(RoomNo, Date, ResID) VALUES (503, '2020-11-24', 906);
INSERT INTO Occupancies(RoomNo, Date, ResID) VALUES (503, '2020-11-25', 906);
#907
INSERT INTO Customers(Fname, Lname, Phone, Email) VALUES ("Peter", "Ullrich", '276-320-7346', "Peter_Ullrich@gmail.com");
INSERT INTO Reservations(ID, StartDate, EndDate, NumGuests, CustomerID, Source, BookedAt) VALUES(907, '2020-05-12', '2020-05-15', 4, 907, 'OTA', '2020-12-28 02:48:10');
INSERT INTO Occupancies(RoomNo, Date, ResID) VALUES (504, '2020-05-12', 907);
INSERT INTO Occupancies(RoomNo, Date, ResID) VALUES (504, '2020-05-13', 907);
INSERT INTO Occupancies(RoomNo, Date, ResID) VALUES (504, '2020-05-14', 907);
#908
INSERT INTO Customers(Fname, Lname, Phone, Email) VALUES ("Reuben", "Block", '248-213-5067', "Reuben_Block@gmail.com");
INSERT INTO Reservations(ID, StartDate, EndDate, NumGuests, CustomerID, Source, BookedAt) VALUES(908, '2020-07-26', '2020-07-30', 3, 908, 'direct', '2020-12-28 02:48:10');
INSERT INTO Occupancies(RoomNo, Date, ResID) VALUES (403, '2020-07-26', 908);
INSERT INTO Occupancies(RoomNo, Date, ResID) VALUES (403, '2020-07-27', 908);
INSERT INTO Occupancies(RoomNo, Date, ResID) VALUES (403, '2020-07-28', 908);
INSERT INTO Occupancies(RoomNo, Date, ResID) VALUES (403, '2020-07-29', 908);
#909
INSERT INTO Customers(Fname, Lname, Phone, Email) VALUES ("Lula", "Sipes", '551-639-0505', "Lula_Sipes@gmail.com");
INSERT INTO Reservations(ID, StartDate, EndDate, NumGuests, CustomerID, Source, BookedAt) VALUES(909, '2020-04-26', '2020-04-28', 4, 909, 'OTA', '2020-12-28 02:48:10');
INSERT INTO Occupancies(RoomNo, Date, ResID) VALUES (501, '2020-04-26', 909);
INSERT INTO Occupancies(RoomNo, Date, ResID) VALUES (501, '2020-04-27', 909);
#910
INSERT INTO Customers(Fname, Lname, Phone, Email) VALUES ("Gladyce", "Haley", '664-371-9285', "Gladyce_Haley@gmail.com");
INSERT INTO Reservations(ID, StartDate, EndDate, NumGuests, CustomerID, Source, BookedAt) VALUES(910, '2020-07-25', '2020-07-27', 5, 910, 'direct', '2020-12-28 02:48:10');
INSERT INTO Occupancies(RoomNo, Date, ResID) VALUES (101, '2020-07-25', 910);
INSERT INTO Occupancies(RoomNo, Date, ResID) VALUES (101, '2020-07-26', 910);
#911
INSERT INTO Customers(Fname, Lname, Phone, Email) VALUES ("Anastacio", "Wintheiser", '668-220-2164', "Anastacio_Wintheiser@gmail.com");
INSERT INTO Reservations(ID, StartDate, EndDate, NumGuests, CustomerID, Source, BookedAt) VALUES(911, '2021-02-16', '2021-02-19', 1, 911, 'direct', '2020-12-28 02:48:10');
INSERT INTO Occupancies(RoomNo, Date, ResID) VALUES (502, '2021-02-16', 911);
INSERT INTO Occupancies(RoomNo, Date, ResID) VALUES (502, '2021-02-17', 911);
INSERT INTO Occupancies(RoomNo, Date, ResID) VALUES (502, '2021-02-18', 911);
#912
INSERT INTO Customers(Fname, Lname, Phone, Email) VALUES ("Maximilian", "Nicolas", '807-785-6302', "Maximilian_Nicolas@gmail.com");
INSERT INTO Reservations(ID, StartDate, EndDate, NumGuests, CustomerID, Source, BookedAt) VALUES(912, '2021-02-18', '2021-02-19', 1, 912, 'OTA', '2020-12-28 02:48:10');
INSERT INTO Occupancies(RoomNo, Date, ResID) VALUES (106, '2021-02-18', 912);
#913
INSERT INTO Customers(Fname, Lname, Phone, Email) VALUES ("Delfina", "Langosh", '787-557-6974', "Delfina_Langosh@gmail.com");
INSERT INTO Reservations(ID, StartDate, EndDate, NumGuests, CustomerID, Source, BookedAt) VALUES(913, '2020-09-17', '2020-09-19', 5, 913, 'agency', '2020-12-28 02:48:10');
INSERT INTO Occupancies(RoomNo, Date, ResID) VALUES (104, '2020-09-17', 913);
INSERT INTO Occupancies(RoomNo, Date, ResID) VALUES (104, '2020-09-18', 913);
#914
INSERT INTO Customers(Fname, Lname, Phone, Email) VALUES ("Cordia", "Bruen", '426-317-5556', "Cordia_Bruen@gmail.com");
INSERT INTO Reservations(ID, StartDate, EndDate, NumGuests, CustomerID, Source, BookedAt) VALUES(914, '2021-09-04', '2021-09-05', 2, 914, 'OTA', '2020-12-28 02:48:10');
INSERT INTO Occupancies(RoomNo, Date, ResID) VALUES (405, '2021-09-04', 914);
#915
INSERT INTO Customers(Fname, Lname, Phone, Email) VALUES ("Etha", "Greenholt", '405-231-3709', "Etha_Greenholt@gmail.com");
INSERT INTO Reservations(ID, StartDate, EndDate, NumGuests, CustomerID, Source, BookedAt) VALUES(915, '2021-06-10', '2021-06-11', 2, 915, 'direct', '2020-12-28 02:48:10');
INSERT INTO Occupancies(RoomNo, Date, ResID) VALUES (205, '2021-06-10', 915);
#916
INSERT INTO Customers(Fname, Lname, Phone, Email) VALUES ("Trisha", "Corkery", '435-451-0179', "Trisha_Corkery@gmail.com");
INSERT INTO Reservations(ID, StartDate, EndDate, NumGuests, CustomerID, Source, BookedAt) VALUES(916, '2020-05-24', '2020-05-25', 1, 916, 'direct', '2020-12-28 02:48:10');
INSERT INTO Occupancies(RoomNo, Date, ResID) VALUES (405, '2020-05-24', 916);
#917
INSERT INTO Customers(Fname, Lname, Phone, Email) VALUES ("Erna", "Mayer", '847-489-0398', "Erna_Mayer@gmail.com");
INSERT INTO Reservations(ID, StartDate, EndDate, NumGuests, CustomerID, Source, BookedAt) VALUES(917, '2020-07-03', '2020-07-06', 1, 917, 'OTA', '2020-12-28 02:48:10');
INSERT INTO Occupancies(RoomNo, Date, ResID) VALUES (404, '2020-07-03', 917);
INSERT INTO Occupancies(RoomNo, Date, ResID) VALUES (404, '2020-07-04', 917);
INSERT INTO Occupancies(RoomNo, Date, ResID) VALUES (404, '2020-07-05', 917);
#918
INSERT INTO Customers(Fname, Lname, Phone, Email) VALUES ("Bonita", "Moen", '458-529-0308', "Bonita_Moen@gmail.com");
INSERT INTO Reservations(ID, StartDate, EndDate, NumGuests, CustomerID, Source, BookedAt) VALUES(918, '2020-09-21', '2020-09-24', 5, 918, 'OTA', '2020-12-28 02:48:10');
INSERT INTO Occupancies(RoomNo, Date, ResID) VALUES (204, '2020-09-21', 918);
INSERT INTO Occupancies(RoomNo, Date, ResID) VALUES (204, '2020-09-22', 918);
INSERT INTO Occupancies(RoomNo, Date, ResID) VALUES (204, '2020-09-23', 918);
#919
INSERT INTO Customers(Fname, Lname, Phone, Email) VALUES ("Jameson", "Emmerich", '818-225-2749', "Jameson_Emmerich@gmail.com");
INSERT INTO Reservations(ID, StartDate, EndDate, NumGuests, CustomerID, Source, BookedAt) VALUES(919, '2020-02-02', '2020-02-05', 4, 919, 'direct', '2020-12-28 02:48:10');
INSERT INTO Occupancies(RoomNo, Date, ResID) VALUES (204, '2020-02-02', 919);
INSERT INTO Occupancies(RoomNo, Date, ResID) VALUES (204, '2020-02-03', 919);
INSERT INTO Occupancies(RoomNo, Date, ResID) VALUES (204, '2020-02-04', 919);
#920
INSERT INTO Customers(Fname, Lname, Phone, Email) VALUES ("Finn", "Pouros", '581-434-2840', "Finn_Pouros@gmail.com");
INSERT INTO Reservations(ID, StartDate, EndDate, NumGuests, CustomerID, Source, BookedAt) VALUES(920, '2020-08-26', '2020-08-30', 2, 920, 'direct', '2020-12-28 02:48:10');
INSERT INTO Occupancies(RoomNo, Date, ResID) VALUES (203, '2020-08-26', 920);
INSERT INTO Occupancies(RoomNo, Date, ResID) VALUES (203, '2020-08-27', 920);
INSERT INTO Occupancies(RoomNo, Date, ResID) VALUES (203, '2020-08-28', 920);
INSERT INTO Occupancies(RoomNo, Date, ResID) VALUES (203, '2020-08-29', 920);
#921
INSERT INTO Customers(Fname, Lname, Phone, Email) VALUES ("Dusty", "Moore", '759-376-8564', "Dusty_Moore@gmail.com");
INSERT INTO Reservations(ID, StartDate, EndDate, NumGuests, CustomerID, Source, BookedAt) VALUES(921, '2020-08-21', '2020-08-25', 4, 921, 'corporate', '2020-12-28 02:48:10');
INSERT INTO Occupancies(RoomNo, Date, ResID) VALUES (202, '2020-08-21', 921);
INSERT INTO Occupancies(RoomNo, Date, ResID) VALUES (202, '2020-08-22', 921);
INSERT INTO Occupancies(RoomNo, Date, ResID) VALUES (202, '2020-08-23', 921);
INSERT INTO Occupancies(RoomNo, Date, ResID) VALUES (202, '2020-08-24', 921);
#922
INSERT INTO Customers(Fname, Lname, Phone, Email) VALUES ("Cristian", "Koepp", '535-213-5251', "Cristian_Koepp@gmail.com");
INSERT INTO Reservations(ID, StartDate, EndDate, NumGuests, CustomerID, Source, BookedAt) VALUES(922, '2021-06-01', '2021-06-05', 3, 922, 'OTA', '2020-12-28 02:48:10');
INSERT INTO Occupancies(RoomNo, Date, ResID) VALUES (306, '2021-06-01', 922);
INSERT INTO Occupancies(RoomNo, Date, ResID) VALUES (306, '2021-06-02', 922);
INSERT INTO Occupancies(RoomNo, Date, ResID) VALUES (306, '2021-06-03', 922);
INSERT INTO Occupancies(RoomNo, Date, ResID) VALUES (306, '2021-06-04', 922);
#923
INSERT INTO Customers(Fname, Lname, Phone, Email) VALUES ("Torrey", "Hauck", '914-721-7994', "Torrey_Hauck@gmail.com");
INSERT INTO Reservations(ID, StartDate, EndDate, NumGuests, CustomerID, Source, BookedAt) VALUES(923, '2021-11-21', '2021-11-23', 3, 923, 'direct', '2020-12-28 02:48:10');
INSERT INTO Occupancies(RoomNo, Date, ResID) VALUES (201, '2021-11-21', 923);
INSERT INTO Occupancies(RoomNo, Date, ResID) VALUES (201, '2021-11-22', 923);
#924
INSERT INTO Customers(Fname, Lname, Phone, Email) VALUES ("Jose", "Leannon", '377-921-2858', "Jose_Leannon@gmail.com");
INSERT INTO Reservations(ID, StartDate, EndDate, NumGuests, CustomerID, Source, BookedAt) VALUES(924, '2020-12-02', '2020-12-04', 2, 924, 'OTA', '2020-12-28 02:48:10');
INSERT INTO Occupancies(RoomNo, Date, ResID) VALUES (102, '2020-12-02', 924);
INSERT INTO Occupancies(RoomNo, Date, ResID) VALUES (102, '2020-12-03', 924);
#925
INSERT INTO Customers(Fname, Lname, Phone, Email) VALUES ("Virginie", "Zemlak", '345-590-1828', "Virginie_Zemlak@gmail.com");
INSERT INTO Reservations(ID, StartDate, EndDate, NumGuests, CustomerID, Source, BookedAt) VALUES(925, '2021-09-08', '2021-09-10', 1, 925, 'OTA', '2020-12-28 02:48:10');
INSERT INTO Occupancies(RoomNo, Date, ResID) VALUES (104, '2021-09-08', 925);
INSERT INTO Occupancies(RoomNo, Date, ResID) VALUES (104, '2021-09-09', 925);
#926
INSERT INTO Customers(Fname, Lname, Phone, Email) VALUES ("Scot", "Powlowski", '441-201-2521', "Scot_Powlowski@gmail.com");
INSERT INTO Reservations(ID, StartDate, EndDate, NumGuests, CustomerID, Source, BookedAt) VALUES(926, '2020-12-17', '2020-12-20', 5, 926, 'direct', '2020-12-28 02:48:10');
INSERT INTO Occupancies(RoomNo, Date, ResID) VALUES (106, '2020-12-17', 926);
INSERT INTO Occupancies(RoomNo, Date, ResID) VALUES (106, '2020-12-18', 926);
INSERT INTO Occupancies(RoomNo, Date, ResID) VALUES (106, '2020-12-19', 926);
#927
INSERT INTO Customers(Fname, Lname, Phone, Email) VALUES ("Maximillian", "Nolan", '426-980-9613', "Maximillian_Nolan@gmail.com");
INSERT INTO Reservations(ID, StartDate, EndDate, NumGuests, CustomerID, Source, BookedAt) VALUES(927, '2020-09-21', '2020-09-22', 4, 927, 'OTA', '2020-12-28 02:48:10');
INSERT INTO Occupancies(RoomNo, Date, ResID) VALUES (205, '2020-09-21', 927);
#928
INSERT INTO Customers(Fname, Lname, Phone, Email) VALUES ("Laurine", "Kirlin", '685-344-8929', "Laurine_Kirlin@gmail.com");
INSERT INTO Reservations(ID, StartDate, EndDate, NumGuests, CustomerID, Source, BookedAt) VALUES(928, '2021-07-03', '2021-07-08', 4, 928, 'direct', '2020-12-28 02:48:10');
INSERT INTO Occupancies(RoomNo, Date, ResID) VALUES (105, '2021-07-03', 928);
INSERT INTO Occupancies(RoomNo, Date, ResID) VALUES (105, '2021-07-04', 928);
INSERT INTO Occupancies(RoomNo, Date, ResID) VALUES (105, '2021-07-05', 928);
INSERT INTO Occupancies(RoomNo, Date, ResID) VALUES (105, '2021-07-06', 928);
INSERT INTO Occupancies(RoomNo, Date, ResID) VALUES (105, '2021-07-07', 928);
#929
INSERT INTO Customers(Fname, Lname, Phone, Email) VALUES ("Chet", "Skiles", '311-639-4363', "Chet_Skiles@gmail.com");
INSERT INTO Reservations(ID, StartDate, EndDate, NumGuests, CustomerID, Source, BookedAt) VALUES(929, '2021-03-27', '2021-03-28', 5, 929, 'OTA', '2020-12-28 02:48:10');
INSERT INTO Occupancies(RoomNo, Date, ResID) VALUES (204, '2021-03-27', 929);
#930
INSERT INTO Customers(Fname, Lname, Phone, Email) VALUES ("Camron", "Schultz", '973-249-0645', "Camron_Schultz@gmail.com");
INSERT INTO Reservations(ID, StartDate, EndDate, NumGuests, CustomerID, Source, BookedAt) VALUES(930, '2020-10-26', '2020-10-30', 2, 930, 'direct', '2020-12-28 02:48:10');
INSERT INTO Occupancies(RoomNo, Date, ResID) VALUES (402, '2020-10-26', 930);
INSERT INTO Occupancies(RoomNo, Date, ResID) VALUES (402, '2020-10-27', 930);
INSERT INTO Occupancies(RoomNo, Date, ResID) VALUES (402, '2020-10-28', 930);
INSERT INTO Occupancies(RoomNo, Date, ResID) VALUES (402, '2020-10-29', 930);
#931
INSERT INTO Customers(Fname, Lname, Phone, Email) VALUES ("Markus", "Schamberger", '716-355-7216', "Markus_Schamberger@gmail.com");
INSERT INTO Reservations(ID, StartDate, EndDate, NumGuests, CustomerID, Source, BookedAt) VALUES(931, '2021-01-21', '2021-01-24', 1, 931, 'OTA', '2020-12-28 02:48:10');
INSERT INTO Occupancies(RoomNo, Date, ResID) VALUES (503, '2021-01-21', 931);
INSERT INTO Occupancies(RoomNo, Date, ResID) VALUES (503, '2021-01-22', 931);
INSERT INTO Occupancies(RoomNo, Date, ResID) VALUES (503, '2021-01-23', 931);
#932
INSERT INTO Customers(Fname, Lname, Phone, Email) VALUES ("Brenda", "Gorczany", '409-863-0658', "Brenda_Gorczany@gmail.com");
INSERT INTO Reservations(ID, StartDate, EndDate, NumGuests, CustomerID, Source, BookedAt) VALUES(932, '2020-05-29', '2020-06-01', 3, 932, 'OTA', '2020-12-28 02:48:10');
INSERT INTO Occupancies(RoomNo, Date, ResID) VALUES (505, '2020-05-29', 932);
INSERT INTO Occupancies(RoomNo, Date, ResID) VALUES (505, '2020-05-30', 932);
INSERT INTO Occupancies(RoomNo, Date, ResID) VALUES (505, '2020-05-31', 932);
#933
INSERT INTO Customers(Fname, Lname, Phone, Email) VALUES ("Jaren", "Gutkowski", '442-515-4740', "Jaren_Gutkowski@gmail.com");
INSERT INTO Reservations(ID, StartDate, EndDate, NumGuests, CustomerID, Source, BookedAt) VALUES(933, '2020-02-07', '2020-02-10', 4, 933, 'corporate', '2020-12-28 02:48:10');
INSERT INTO Occupancies(RoomNo, Date, ResID) VALUES (402, '2020-02-07', 933);
INSERT INTO Occupancies(RoomNo, Date, ResID) VALUES (402, '2020-02-08', 933);
INSERT INTO Occupancies(RoomNo, Date, ResID) VALUES (402, '2020-02-09', 933);
#934
INSERT INTO Customers(Fname, Lname, Phone, Email) VALUES ("Leonie", "Zulauf", '729-925-8121', "Leonie_Zulauf@gmail.com");
INSERT INTO Reservations(ID, StartDate, EndDate, NumGuests, CustomerID, Source, BookedAt) VALUES(934, '2021-01-28', '2021-01-31', 3, 934, 'OTA', '2020-12-28 02:48:10');
INSERT INTO Occupancies(RoomNo, Date, ResID) VALUES (303, '2021-01-28', 934);
INSERT INTO Occupancies(RoomNo, Date, ResID) VALUES (303, '2021-01-29', 934);
INSERT INTO Occupancies(RoomNo, Date, ResID) VALUES (303, '2021-01-30', 934);
#935
INSERT INTO Customers(Fname, Lname, Phone, Email) VALUES ("Durward", "Torp", '693-495-3335', "Durward_Torp@gmail.com");
INSERT INTO Reservations(ID, StartDate, EndDate, NumGuests, CustomerID, Source, BookedAt) VALUES(935, '2020-04-04', '2020-04-07', 4, 935, 'corporate', '2020-12-28 02:48:10');
INSERT INTO Occupancies(RoomNo, Date, ResID) VALUES (102, '2020-04-04', 935);
INSERT INTO Occupancies(RoomNo, Date, ResID) VALUES (102, '2020-04-05', 935);
INSERT INTO Occupancies(RoomNo, Date, ResID) VALUES (102, '2020-04-06', 935);
#936
INSERT INTO Customers(Fname, Lname, Phone, Email) VALUES ("Jerry", "Kautzer", '421-844-3158', "Jerry_Kautzer@gmail.com");
INSERT INTO Reservations(ID, StartDate, EndDate, NumGuests, CustomerID, Source, BookedAt) VALUES(936, '2020-11-08', '2020-11-09', 2, 936, 'OTA', '2020-12-28 02:48:10');
INSERT INTO Occupancies(RoomNo, Date, ResID) VALUES (404, '2020-11-08', 936);
#937
INSERT INTO Customers(Fname, Lname, Phone, Email) VALUES ("Geraldine", "Bashirian", '489-639-2360', "Geraldine_Bashirian@gmail.com");
INSERT INTO Reservations(ID, StartDate, EndDate, NumGuests, CustomerID, Source, BookedAt) VALUES(937, '2020-12-09', '2020-12-14', 2, 937, 'direct', '2020-12-28 02:48:10');
INSERT INTO Occupancies(RoomNo, Date, ResID) VALUES (404, '2020-12-09', 937);
INSERT INTO Occupancies(RoomNo, Date, ResID) VALUES (404, '2020-12-10', 937);
INSERT INTO Occupancies(RoomNo, Date, ResID) VALUES (404, '2020-12-11', 937);
INSERT INTO Occupancies(RoomNo, Date, ResID) VALUES (404, '2020-12-12', 937);
INSERT INTO Occupancies(RoomNo, Date, ResID) VALUES (404, '2020-12-13', 937);
#938
INSERT INTO Customers(Fname, Lname, Phone, Email) VALUES ("Tania", "Hessel", '684-828-6050', "Tania_Hessel@gmail.com");
INSERT INTO Reservations(ID, StartDate, EndDate, NumGuests, CustomerID, Source, BookedAt) VALUES(938, '2020-01-12', '2020-01-17', 2, 938, 'direct', '2020-12-28 02:48:10');
INSERT INTO Occupancies(RoomNo, Date, ResID) VALUES (403, '2020-01-12', 938);
INSERT INTO Occupancies(RoomNo, Date, ResID) VALUES (403, '2020-01-13', 938);
INSERT INTO Occupancies(RoomNo, Date, ResID) VALUES (403, '2020-01-14', 938);
INSERT INTO Occupancies(RoomNo, Date, ResID) VALUES (403, '2020-01-15', 938);
INSERT INTO Occupancies(RoomNo, Date, ResID) VALUES (403, '2020-01-16', 938);
#939
INSERT INTO Customers(Fname, Lname, Phone, Email) VALUES ("Teresa", "Reinger", '360-392-3928', "Teresa_Reinger@gmail.com");
INSERT INTO Reservations(ID, StartDate, EndDate, NumGuests, CustomerID, Source, BookedAt) VALUES(939, '2020-09-18', '2020-09-19', 5, 939, 'OTA', '2020-12-28 02:48:10');
INSERT INTO Occupancies(RoomNo, Date, ResID) VALUES (305, '2020-09-18', 939);
#940
INSERT INTO Customers(Fname, Lname, Phone, Email) VALUES ("Ebba", "Gusikowski", '509-787-2617', "Ebba_Gusikowski@gmail.com");
INSERT INTO Reservations(ID, StartDate, EndDate, NumGuests, CustomerID, Source, BookedAt) VALUES(940, '2021-12-03', '2021-12-07', 1, 940, 'OTA', '2020-12-28 02:48:10');
INSERT INTO Occupancies(RoomNo, Date, ResID) VALUES (101, '2021-12-03', 940);
INSERT INTO Occupancies(RoomNo, Date, ResID) VALUES (101, '2021-12-04', 940);
INSERT INTO Occupancies(RoomNo, Date, ResID) VALUES (101, '2021-12-05', 940);
INSERT INTO Occupancies(RoomNo, Date, ResID) VALUES (101, '2021-12-06', 940);
#941
INSERT INTO Customers(Fname, Lname, Phone, Email) VALUES ("Kylee", "Gusikowski", '855-425-4168', "Kylee_Gusikowski@gmail.com");
INSERT INTO Reservations(ID, StartDate, EndDate, NumGuests, CustomerID, Source, BookedAt) VALUES(941, '2020-01-17', '2020-01-22', 5, 941, 'agency', '2020-12-28 02:48:10');
INSERT INTO Occupancies(RoomNo, Date, ResID) VALUES (306, '2020-01-17', 941);
INSERT INTO Occupancies(RoomNo, Date, ResID) VALUES (306, '2020-01-18', 941);
INSERT INTO Occupancies(RoomNo, Date, ResID) VALUES (306, '2020-01-19', 941);
INSERT INTO Occupancies(RoomNo, Date, ResID) VALUES (306, '2020-01-20', 941);
INSERT INTO Occupancies(RoomNo, Date, ResID) VALUES (306, '2020-01-21', 941);
#942
INSERT INTO Customers(Fname, Lname, Phone, Email) VALUES ("Dave", "Feil", '979-744-6054', "Dave_Feil@gmail.com");
INSERT INTO Reservations(ID, StartDate, EndDate, NumGuests, CustomerID, Source, BookedAt) VALUES(942, '2020-03-06', '2020-03-11', 4, 942, 'OTA', '2020-12-28 02:48:10');
INSERT INTO Occupancies(RoomNo, Date, ResID) VALUES (104, '2020-03-06', 942);
INSERT INTO Occupancies(RoomNo, Date, ResID) VALUES (104, '2020-03-07', 942);
INSERT INTO Occupancies(RoomNo, Date, ResID) VALUES (104, '2020-03-08', 942);
INSERT INTO Occupancies(RoomNo, Date, ResID) VALUES (104, '2020-03-09', 942);
INSERT INTO Occupancies(RoomNo, Date, ResID) VALUES (104, '2020-03-10', 942);
#943
INSERT INTO Customers(Fname, Lname, Phone, Email) VALUES ("Litzy", "Schroeder", '821-831-0358', "Litzy_Schroeder@gmail.com");
INSERT INTO Reservations(ID, StartDate, EndDate, NumGuests, CustomerID, Source, BookedAt) VALUES(943, '2020-04-14', '2020-04-16', 1, 943, 'direct', '2020-12-28 02:48:10');
INSERT INTO Occupancies(RoomNo, Date, ResID) VALUES (205, '2020-04-14', 943);
INSERT INTO Occupancies(RoomNo, Date, ResID) VALUES (205, '2020-04-15', 943);
#944
INSERT INTO Customers(Fname, Lname, Phone, Email) VALUES ("Shanelle", "Ferry", '810-435-7497', "Shanelle_Ferry@gmail.com");
INSERT INTO Reservations(ID, StartDate, EndDate, NumGuests, CustomerID, Source, BookedAt) VALUES(944, '2020-01-04', '2020-01-07', 1, 944, 'agency', '2020-12-28 02:48:10');
INSERT INTO Occupancies(RoomNo, Date, ResID) VALUES (404, '2020-01-04', 944);
INSERT INTO Occupancies(RoomNo, Date, ResID) VALUES (404, '2020-01-05', 944);
INSERT INTO Occupancies(RoomNo, Date, ResID) VALUES (404, '2020-01-06', 944);
#945
INSERT INTO Customers(Fname, Lname, Phone, Email) VALUES ("Mertie", "Reinger", '896-485-0386', "Mertie_Reinger@gmail.com");
INSERT INTO Reservations(ID, StartDate, EndDate, NumGuests, CustomerID, Source, BookedAt) VALUES(945, '2020-01-06', '2020-01-08', 3, 945, 'direct', '2020-12-28 02:48:10');
INSERT INTO Occupancies(RoomNo, Date, ResID) VALUES (501, '2020-01-06', 945);
INSERT INTO Occupancies(RoomNo, Date, ResID) VALUES (501, '2020-01-07', 945);
#946
INSERT INTO Customers(Fname, Lname, Phone, Email) VALUES ("Ezra", "Steuber", '346-660-5562', "Ezra_Steuber@gmail.com");
INSERT INTO Reservations(ID, StartDate, EndDate, NumGuests, CustomerID, Source, BookedAt) VALUES(946, '2020-08-05', '2020-08-06', 4, 946, 'agency', '2020-12-28 02:48:10');
INSERT INTO Occupancies(RoomNo, Date, ResID) VALUES (501, '2020-08-05', 946);
#947
INSERT INTO Customers(Fname, Lname, Phone, Email) VALUES ("Rosamond", "Murray", '392-937-4460', "Rosamond_Murray@gmail.com");
INSERT INTO Reservations(ID, StartDate, EndDate, NumGuests, CustomerID, Source, BookedAt) VALUES(947, '2020-09-14', '2020-09-16', 2, 947, 'direct', '2020-12-28 02:48:10');
INSERT INTO Occupancies(RoomNo, Date, ResID) VALUES (201, '2020-09-14', 947);
INSERT INTO Occupancies(RoomNo, Date, ResID) VALUES (201, '2020-09-15', 947);
#948
INSERT INTO Customers(Fname, Lname, Phone, Email) VALUES ("Tom", "Corwin", '552-385-8749', "Tom_Corwin@gmail.com");
INSERT INTO Reservations(ID, StartDate, EndDate, NumGuests, CustomerID, Source, BookedAt) VALUES(948, '2020-05-19', '2020-05-21', 5, 948, 'agency', '2020-12-28 02:48:10');
INSERT INTO Occupancies(RoomNo, Date, ResID) VALUES (206, '2020-05-19', 948);
INSERT INTO Occupancies(RoomNo, Date, ResID) VALUES (206, '2020-05-20', 948);
#949
INSERT INTO Customers(Fname, Lname, Phone, Email) VALUES ("Assunta", "Simonis", '859-227-3771', "Assunta_Simonis@gmail.com");
INSERT INTO Reservations(ID, StartDate, EndDate, NumGuests, CustomerID, Source, BookedAt) VALUES(949, '2020-09-11', '2020-09-13', 3, 949, 'direct', '2020-12-28 02:48:10');
INSERT INTO Occupancies(RoomNo, Date, ResID) VALUES (301, '2020-09-11', 949);
INSERT INTO Occupancies(RoomNo, Date, ResID) VALUES (301, '2020-09-12', 949);
#950
INSERT INTO Customers(Fname, Lname, Phone, Email) VALUES ("Janelle", "Reichel", '468-409-3433', "Janelle_Reichel@gmail.com");
INSERT INTO Reservations(ID, StartDate, EndDate, NumGuests, CustomerID, Source, BookedAt) VALUES(950, '2020-01-17', '2020-01-18', 3, 950, 'OTA', '2020-12-28 02:48:10');
INSERT INTO Occupancies(RoomNo, Date, ResID) VALUES (305, '2020-01-17', 950);
#951
INSERT INTO Customers(Fname, Lname, Phone, Email) VALUES ("Estella", "Dickens", '946-557-8065', "Estella_Dickens@gmail.com");
INSERT INTO Reservations(ID, StartDate, EndDate, NumGuests, CustomerID, Source, BookedAt) VALUES(951, '2020-03-10', '2020-03-12', 4, 951, 'agency', '2020-12-28 02:48:10');
INSERT INTO Occupancies(RoomNo, Date, ResID) VALUES (506, '2020-03-10', 951);
INSERT INTO Occupancies(RoomNo, Date, ResID) VALUES (506, '2020-03-11', 951);
#952
INSERT INTO Customers(Fname, Lname, Phone, Email) VALUES ("Americo", "Bruen", '456-266-0356', "Americo_Bruen@gmail.com");
INSERT INTO Reservations(ID, StartDate, EndDate, NumGuests, CustomerID, Source, BookedAt) VALUES(952, '2020-10-25', '2020-10-30', 3, 952, 'direct', '2020-12-28 02:48:10');
INSERT INTO Occupancies(RoomNo, Date, ResID) VALUES (103, '2020-10-25', 952);
INSERT INTO Occupancies(RoomNo, Date, ResID) VALUES (103, '2020-10-26', 952);
INSERT INTO Occupancies(RoomNo, Date, ResID) VALUES (103, '2020-10-27', 952);
INSERT INTO Occupancies(RoomNo, Date, ResID) VALUES (103, '2020-10-28', 952);
INSERT INTO Occupancies(RoomNo, Date, ResID) VALUES (103, '2020-10-29', 952);
#953
INSERT INTO Customers(Fname, Lname, Phone, Email) VALUES ("Osborne", "Smitham", '785-557-1232', "Osborne_Smitham@gmail.com");
INSERT INTO Reservations(ID, StartDate, EndDate, NumGuests, CustomerID, Source, BookedAt) VALUES(953, '2021-08-09', '2021-08-12', 5, 953, 'agency', '2020-12-28 02:48:10');
INSERT INTO Occupancies(RoomNo, Date, ResID) VALUES (406, '2021-08-09', 953);
INSERT INTO Occupancies(RoomNo, Date, ResID) VALUES (406, '2021-08-10', 953);
INSERT INTO Occupancies(RoomNo, Date, ResID) VALUES (406, '2021-08-11', 953);
#954
INSERT INTO Customers(Fname, Lname, Phone, Email) VALUES ("Estell", "Hilll", '413-453-4839', "Estell_Hilll@gmail.com");
INSERT INTO Reservations(ID, StartDate, EndDate, NumGuests, CustomerID, Source, BookedAt) VALUES(954, '2020-06-05', '2020-06-09', 3, 954, 'OTA', '2020-12-28 02:48:10');
INSERT INTO Occupancies(RoomNo, Date, ResID) VALUES (105, '2020-06-05', 954);
INSERT INTO Occupancies(RoomNo, Date, ResID) VALUES (105, '2020-06-06', 954);
INSERT INTO Occupancies(RoomNo, Date, ResID) VALUES (105, '2020-06-07', 954);
INSERT INTO Occupancies(RoomNo, Date, ResID) VALUES (105, '2020-06-08', 954);
#955
INSERT INTO Customers(Fname, Lname, Phone, Email) VALUES ("Junior", "Anderson", '604-604-8158', "Junior_Anderson@gmail.com");
INSERT INTO Reservations(ID, StartDate, EndDate, NumGuests, CustomerID, Source, BookedAt) VALUES(955, '2020-06-03', '2020-06-07', 3, 955, 'OTA', '2020-12-28 02:48:10');
INSERT INTO Occupancies(RoomNo, Date, ResID) VALUES (106, '2020-06-03', 955);
INSERT INTO Occupancies(RoomNo, Date, ResID) VALUES (106, '2020-06-04', 955);
INSERT INTO Occupancies(RoomNo, Date, ResID) VALUES (106, '2020-06-05', 955);
INSERT INTO Occupancies(RoomNo, Date, ResID) VALUES (106, '2020-06-06', 955);
#956
INSERT INTO Customers(Fname, Lname, Phone, Email) VALUES ("Holly", "Kreiger", '613-588-3256', "Holly_Kreiger@gmail.com");
INSERT INTO Reservations(ID, StartDate, EndDate, NumGuests, CustomerID, Source, BookedAt) VALUES(956, '2020-04-18', '2020-04-22', 4, 956, 'OTA', '2020-12-28 02:48:10');
INSERT INTO Occupancies(RoomNo, Date, ResID) VALUES (402, '2020-04-18', 956);
INSERT INTO Occupancies(RoomNo, Date, ResID) VALUES (402, '2020-04-19', 956);
INSERT INTO Occupancies(RoomNo, Date, ResID) VALUES (402, '2020-04-20', 956);
INSERT INTO Occupancies(RoomNo, Date, ResID) VALUES (402, '2020-04-21', 956);
#957
INSERT INTO Customers(Fname, Lname, Phone, Email) VALUES ("Clarissa", "Ferry", '372-296-3137', "Clarissa_Ferry@gmail.com");
INSERT INTO Reservations(ID, StartDate, EndDate, NumGuests, CustomerID, Source, BookedAt) VALUES(957, '2021-12-05', '2021-12-06', 2, 957, 'direct', '2020-12-28 02:48:10');
INSERT INTO Occupancies(RoomNo, Date, ResID) VALUES (301, '2021-12-05', 957);
#958
INSERT INTO Customers(Fname, Lname, Phone, Email) VALUES ("Lonny", "Ferry", '737-615-1608', "Lonny_Ferry@gmail.com");
INSERT INTO Reservations(ID, StartDate, EndDate, NumGuests, CustomerID, Source, BookedAt) VALUES(958, '2020-10-24', '2020-10-28', 3, 958, 'agency', '2020-12-28 02:48:10');
INSERT INTO Occupancies(RoomNo, Date, ResID) VALUES (506, '2020-10-24', 958);
INSERT INTO Occupancies(RoomNo, Date, ResID) VALUES (506, '2020-10-25', 958);
INSERT INTO Occupancies(RoomNo, Date, ResID) VALUES (506, '2020-10-26', 958);
INSERT INTO Occupancies(RoomNo, Date, ResID) VALUES (506, '2020-10-27', 958);
#959
INSERT INTO Customers(Fname, Lname, Phone, Email) VALUES ("Madelynn", "Hickle", '378-929-4968', "Madelynn_Hickle@gmail.com");
INSERT INTO Reservations(ID, StartDate, EndDate, NumGuests, CustomerID, Source, BookedAt) VALUES(959, '2020-02-10', '2020-02-11', 1, 959, 'direct', '2020-12-28 02:48:10');
INSERT INTO Occupancies(RoomNo, Date, ResID) VALUES (301, '2020-02-10', 959);
#960
INSERT INTO Customers(Fname, Lname, Phone, Email) VALUES ("Faustino", "Sporer", '334-276-5582', "Faustino_Sporer@gmail.com");
INSERT INTO Reservations(ID, StartDate, EndDate, NumGuests, CustomerID, Source, BookedAt) VALUES(960, '2020-03-17', '2020-03-18', 1, 960, 'corporate', '2020-12-28 02:48:10');
INSERT INTO Occupancies(RoomNo, Date, ResID) VALUES (203, '2020-03-17', 960);
#961
INSERT INTO Customers(Fname, Lname, Phone, Email) VALUES ("Nathen", "Ratke", '589-772-5480', "Nathen_Ratke@gmail.com");
INSERT INTO Reservations(ID, StartDate, EndDate, NumGuests, CustomerID, Source, BookedAt) VALUES(961, '2021-03-29', '2021-03-31', 4, 961, 'OTA', '2020-12-28 02:48:10');
INSERT INTO Occupancies(RoomNo, Date, ResID) VALUES (405, '2021-03-29', 961);
INSERT INTO Occupancies(RoomNo, Date, ResID) VALUES (405, '2021-03-30', 961);
#962
INSERT INTO Customers(Fname, Lname, Phone, Email) VALUES ("Ottilie", "Botsford", '342-477-7180', "Ottilie_Botsford@gmail.com");
INSERT INTO Reservations(ID, StartDate, EndDate, NumGuests, CustomerID, Source, BookedAt) VALUES(962, '2020-06-11', '2020-06-12', 5, 962, 'corporate', '2020-12-28 02:48:10');
INSERT INTO Occupancies(RoomNo, Date, ResID) VALUES (401, '2020-06-11', 962);
#963
INSERT INTO Customers(Fname, Lname, Phone, Email) VALUES ("Jimmie", "Pfeffer", '326-370-9181', "Jimmie_Pfeffer@gmail.com");
INSERT INTO Reservations(ID, StartDate, EndDate, NumGuests, CustomerID, Source, BookedAt) VALUES(963, '2020-11-18', '2020-11-22', 5, 963, 'direct', '2020-12-28 02:48:10');
INSERT INTO Occupancies(RoomNo, Date, ResID) VALUES (206, '2020-11-18', 963);
INSERT INTO Occupancies(RoomNo, Date, ResID) VALUES (206, '2020-11-19', 963);
INSERT INTO Occupancies(RoomNo, Date, ResID) VALUES (206, '2020-11-20', 963);
INSERT INTO Occupancies(RoomNo, Date, ResID) VALUES (206, '2020-11-21', 963);
#964
INSERT INTO Customers(Fname, Lname, Phone, Email) VALUES ("Stephan", "Treutel", '805-963-6548', "Stephan_Treutel@gmail.com");
INSERT INTO Reservations(ID, StartDate, EndDate, NumGuests, CustomerID, Source, BookedAt) VALUES(964, '2020-03-31', '2020-04-01', 1, 964, 'OTA', '2020-12-28 02:48:10');
INSERT INTO Occupancies(RoomNo, Date, ResID) VALUES (304, '2020-03-31', 964);
#965
INSERT INTO Customers(Fname, Lname, Phone, Email) VALUES ("Pattie", "Davis", '718-820-6623', "Pattie_Davis@gmail.com");
INSERT INTO Reservations(ID, StartDate, EndDate, NumGuests, CustomerID, Source, BookedAt) VALUES(965, '2020-03-29', '2020-04-01', 2, 965, 'corporate', '2020-12-28 02:48:10');
INSERT INTO Occupancies(RoomNo, Date, ResID) VALUES (106, '2020-03-29', 965);
INSERT INTO Occupancies(RoomNo, Date, ResID) VALUES (106, '2020-03-30', 965);
INSERT INTO Occupancies(RoomNo, Date, ResID) VALUES (106, '2020-03-31', 965);
#966
INSERT INTO Customers(Fname, Lname, Phone, Email) VALUES ("Keagan", "Wolf", '894-256-8395', "Keagan_Wolf@gmail.com");
INSERT INTO Reservations(ID, StartDate, EndDate, NumGuests, CustomerID, Source, BookedAt) VALUES(966, '2020-05-03', '2020-05-05', 3, 966, 'direct', '2020-12-28 02:48:10');
INSERT INTO Occupancies(RoomNo, Date, ResID) VALUES (401, '2020-05-03', 966);
INSERT INTO Occupancies(RoomNo, Date, ResID) VALUES (401, '2020-05-04', 966);
#967
INSERT INTO Customers(Fname, Lname, Phone, Email) VALUES ("Joe", "Pfeffer", '760-799-4936', "Joe_Pfeffer@gmail.com");
INSERT INTO Reservations(ID, StartDate, EndDate, NumGuests, CustomerID, Source, BookedAt) VALUES(967, '2021-04-17', '2021-04-19', 1, 967, 'corporate', '2020-12-28 02:48:10');
INSERT INTO Occupancies(RoomNo, Date, ResID) VALUES (303, '2021-04-17', 967);
INSERT INTO Occupancies(RoomNo, Date, ResID) VALUES (303, '2021-04-18', 967);
#968
INSERT INTO Customers(Fname, Lname, Phone, Email) VALUES ("Viviane", "Rogahn", '862-664-3257', "Viviane_Rogahn@gmail.com");
INSERT INTO Reservations(ID, StartDate, EndDate, NumGuests, CustomerID, Source, BookedAt) VALUES(968, '2020-11-15', '2020-11-17', 1, 968, 'OTA', '2020-12-28 02:48:10');
INSERT INTO Occupancies(RoomNo, Date, ResID) VALUES (506, '2020-11-15', 968);
INSERT INTO Occupancies(RoomNo, Date, ResID) VALUES (506, '2020-11-16', 968);
#969
INSERT INTO Customers(Fname, Lname, Phone, Email) VALUES ("Patsy", "Boehm", '319-270-7333', "Patsy_Boehm@gmail.com");
INSERT INTO Reservations(ID, StartDate, EndDate, NumGuests, CustomerID, Source, BookedAt) VALUES(969, '2020-05-27', '2020-05-29', 2, 969, 'OTA', '2020-12-28 02:48:10');
INSERT INTO Occupancies(RoomNo, Date, ResID) VALUES (101, '2020-05-27', 969);
INSERT INTO Occupancies(RoomNo, Date, ResID) VALUES (101, '2020-05-28', 969);
#970
INSERT INTO Customers(Fname, Lname, Phone, Email) VALUES ("Justice", "Abshire", '510-691-5520', "Justice_Abshire@gmail.com");
INSERT INTO Reservations(ID, StartDate, EndDate, NumGuests, CustomerID, Source, BookedAt) VALUES(970, '2021-02-09', '2021-02-13', 1, 970, 'OTA', '2020-12-28 02:48:10');
INSERT INTO Occupancies(RoomNo, Date, ResID) VALUES (301, '2021-02-09', 970);
INSERT INTO Occupancies(RoomNo, Date, ResID) VALUES (301, '2021-02-10', 970);
INSERT INTO Occupancies(RoomNo, Date, ResID) VALUES (301, '2021-02-11', 970);
INSERT INTO Occupancies(RoomNo, Date, ResID) VALUES (301, '2021-02-12', 970);
#971
INSERT INTO Customers(Fname, Lname, Phone, Email) VALUES ("Shaylee", "Buckridge", '899-758-4797', "Shaylee_Buckridge@gmail.com");
INSERT INTO Reservations(ID, StartDate, EndDate, NumGuests, CustomerID, Source, BookedAt) VALUES(971, '2020-11-16', '2020-11-19', 5, 971, 'OTA', '2020-12-28 02:48:10');
INSERT INTO Occupancies(RoomNo, Date, ResID) VALUES (401, '2020-11-16', 971);
INSERT INTO Occupancies(RoomNo, Date, ResID) VALUES (401, '2020-11-17', 971);
INSERT INTO Occupancies(RoomNo, Date, ResID) VALUES (401, '2020-11-18', 971);
#972
INSERT INTO Customers(Fname, Lname, Phone, Email) VALUES ("Chadrick", "Wunsch", '296-944-7722', "Chadrick_Wunsch@gmail.com");
INSERT INTO Reservations(ID, StartDate, EndDate, NumGuests, CustomerID, Source, BookedAt) VALUES(972, '2021-10-25', '2021-10-27', 3, 972, 'OTA', '2020-12-28 02:48:10');
INSERT INTO Occupancies(RoomNo, Date, ResID) VALUES (202, '2021-10-25', 972);
INSERT INTO Occupancies(RoomNo, Date, ResID) VALUES (202, '2021-10-26', 972);
#973
INSERT INTO Customers(Fname, Lname, Phone, Email) VALUES ("Edgardo", "Bailey", '378-896-0600', "Edgardo_Bailey@gmail.com");
INSERT INTO Reservations(ID, StartDate, EndDate, NumGuests, CustomerID, Source, BookedAt) VALUES(973, '2020-03-30', '2020-03-31', 4, 973, 'corporate', '2020-12-28 02:48:10');
INSERT INTO Occupancies(RoomNo, Date, ResID) VALUES (403, '2020-03-30', 973);
#974
INSERT INTO Customers(Fname, Lname, Phone, Email) VALUES ("Abdullah", "Jones", '988-719-9910', "Abdullah_Jones@gmail.com");
INSERT INTO Reservations(ID, StartDate, EndDate, NumGuests, CustomerID, Source, BookedAt) VALUES(974, '2020-03-07', '2020-03-09', 3, 974, 'direct', '2020-12-28 02:48:10');
INSERT INTO Occupancies(RoomNo, Date, ResID) VALUES (302, '2020-03-07', 974);
INSERT INTO Occupancies(RoomNo, Date, ResID) VALUES (302, '2020-03-08', 974);
#975
INSERT INTO Customers(Fname, Lname, Phone, Email) VALUES ("Anne", "Johnston", '771-392-5130', "Anne_Johnston@gmail.com");
INSERT INTO Reservations(ID, StartDate, EndDate, NumGuests, CustomerID, Source, BookedAt) VALUES(975, '2020-09-20', '2020-09-21', 1, 975, 'direct', '2020-12-28 02:48:10');
INSERT INTO Occupancies(RoomNo, Date, ResID) VALUES (103, '2020-09-20', 975);
#976
INSERT INTO Customers(Fname, Lname, Phone, Email) VALUES ("Keyshawn", "Konopelski", '744-578-3203', "Keyshawn_Konopelski@gmail.com");
INSERT INTO Reservations(ID, StartDate, EndDate, NumGuests, CustomerID, Source, BookedAt) VALUES(976, '2021-09-15', '2021-09-17', 1, 976, 'corporate', '2020-12-28 02:48:10');
INSERT INTO Occupancies(RoomNo, Date, ResID) VALUES (401, '2021-09-15', 976);
INSERT INTO Occupancies(RoomNo, Date, ResID) VALUES (401, '2021-09-16', 976);
#977
INSERT INTO Customers(Fname, Lname, Phone, Email) VALUES ("Shaniya", "Rolfson", '817-434-8801', "Shaniya_Rolfson@gmail.com");
INSERT INTO Reservations(ID, StartDate, EndDate, NumGuests, CustomerID, Source, BookedAt) VALUES(977, '2020-11-13', '2020-11-16', 1, 977, 'agency', '2020-12-28 02:48:10');
INSERT INTO Occupancies(RoomNo, Date, ResID) VALUES (206, '2020-11-13', 977);
INSERT INTO Occupancies(RoomNo, Date, ResID) VALUES (206, '2020-11-14', 977);
INSERT INTO Occupancies(RoomNo, Date, ResID) VALUES (206, '2020-11-15', 977);
#978
INSERT INTO Customers(Fname, Lname, Phone, Email) VALUES ("Judah", "Deckow", '580-967-5615', "Judah_Deckow@gmail.com");
INSERT INTO Reservations(ID, StartDate, EndDate, NumGuests, CustomerID, Source, BookedAt) VALUES(978, '2021-11-12', '2021-11-13', 2, 978, 'OTA', '2020-12-28 02:48:10');
INSERT INTO Occupancies(RoomNo, Date, ResID) VALUES (505, '2021-11-12', 978);
#979
INSERT INTO Customers(Fname, Lname, Phone, Email) VALUES ("Naomie", "Cassin", '508-703-2516', "Naomie_Cassin@gmail.com");
INSERT INTO Reservations(ID, StartDate, EndDate, NumGuests, CustomerID, Source, BookedAt) VALUES(979, '2020-09-10', '2020-09-14', 3, 979, 'OTA', '2020-12-28 02:48:10');
INSERT INTO Occupancies(RoomNo, Date, ResID) VALUES (206, '2020-09-10', 979);
INSERT INTO Occupancies(RoomNo, Date, ResID) VALUES (206, '2020-09-11', 979);
INSERT INTO Occupancies(RoomNo, Date, ResID) VALUES (206, '2020-09-12', 979);
INSERT INTO Occupancies(RoomNo, Date, ResID) VALUES (206, '2020-09-13', 979);
#980
INSERT INTO Customers(Fname, Lname, Phone, Email) VALUES ("Adriana", "Schuppe", '581-359-3022', "Adriana_Schuppe@gmail.com");
INSERT INTO Reservations(ID, StartDate, EndDate, NumGuests, CustomerID, Source, BookedAt) VALUES(980, '2021-11-09', '2021-11-12', 1, 980, 'direct', '2020-12-28 02:48:10');
INSERT INTO Occupancies(RoomNo, Date, ResID) VALUES (506, '2021-11-09', 980);
INSERT INTO Occupancies(RoomNo, Date, ResID) VALUES (506, '2021-11-10', 980);
INSERT INTO Occupancies(RoomNo, Date, ResID) VALUES (506, '2021-11-11', 980);
#981
INSERT INTO Customers(Fname, Lname, Phone, Email) VALUES ("Ernestina", "Harvey", '502-333-8178', "Ernestina_Harvey@gmail.com");
INSERT INTO Reservations(ID, StartDate, EndDate, NumGuests, CustomerID, Source, BookedAt) VALUES(981, '2020-06-19', '2020-06-20', 3, 981, 'direct', '2020-12-28 02:48:10');
INSERT INTO Occupancies(RoomNo, Date, ResID) VALUES (404, '2020-06-19', 981);
#982
INSERT INTO Customers(Fname, Lname, Phone, Email) VALUES ("Chadrick", "Streich", '740-667-2781', "Chadrick_Streich@gmail.com");
INSERT INTO Reservations(ID, StartDate, EndDate, NumGuests, CustomerID, Source, BookedAt) VALUES(982, '2020-10-24', '2020-10-27', 3, 982, 'OTA', '2020-12-28 02:48:10');
INSERT INTO Occupancies(RoomNo, Date, ResID) VALUES (501, '2020-10-24', 982);
INSERT INTO Occupancies(RoomNo, Date, ResID) VALUES (501, '2020-10-25', 982);
INSERT INTO Occupancies(RoomNo, Date, ResID) VALUES (501, '2020-10-26', 982);
#983
INSERT INTO Customers(Fname, Lname, Phone, Email) VALUES ("Johanna", "Bins", '659-454-1114', "Johanna_Bins@gmail.com");
INSERT INTO Reservations(ID, StartDate, EndDate, NumGuests, CustomerID, Source, BookedAt) VALUES(983, '2020-06-16', '2020-06-17', 3, 983, 'direct', '2020-12-28 02:48:10');
INSERT INTO Occupancies(RoomNo, Date, ResID) VALUES (301, '2020-06-16', 983);
#984
INSERT INTO Customers(Fname, Lname, Phone, Email) VALUES ("Danielle", "Lubowitz", '345-722-5748', "Danielle_Lubowitz@gmail.com");
INSERT INTO Reservations(ID, StartDate, EndDate, NumGuests, CustomerID, Source, BookedAt) VALUES(984, '2021-04-09', '2021-04-10', 1, 984, 'direct', '2020-12-28 02:48:10');
INSERT INTO Occupancies(RoomNo, Date, ResID) VALUES (103, '2021-04-09', 984);
#985
INSERT INTO Customers(Fname, Lname, Phone, Email) VALUES ("Antwan", "McDermott", '602-734-6294', "Antwan_McDermott@gmail.com");
INSERT INTO Reservations(ID, StartDate, EndDate, NumGuests, CustomerID, Source, BookedAt) VALUES(985, '2020-11-10', '2020-11-12', 4, 985, 'corporate', '2020-12-28 02:48:10');
INSERT INTO Occupancies(RoomNo, Date, ResID) VALUES (206, '2020-11-10', 985);
INSERT INTO Occupancies(RoomNo, Date, ResID) VALUES (206, '2020-11-11', 985);
#986
INSERT INTO Customers(Fname, Lname, Phone, Email) VALUES ("Matt", "Bogisich", '326-720-4652', "Matt_Bogisich@gmail.com");
INSERT INTO Reservations(ID, StartDate, EndDate, NumGuests, CustomerID, Source, BookedAt) VALUES(986, '2021-05-12', '2021-05-13', 2, 986, 'corporate', '2020-12-28 02:48:10');
INSERT INTO Occupancies(RoomNo, Date, ResID) VALUES (206, '2021-05-12', 986);
#987
INSERT INTO Customers(Fname, Lname, Phone, Email) VALUES ("Zetta", "Kub", '765-248-7565', "Zetta_Kub@gmail.com");
INSERT INTO Reservations(ID, StartDate, EndDate, NumGuests, CustomerID, Source, BookedAt) VALUES(987, '2020-06-12', '2020-06-14', 3, 987, 'OTA', '2020-12-28 02:48:10');
INSERT INTO Occupancies(RoomNo, Date, ResID) VALUES (505, '2020-06-12', 987);
INSERT INTO Occupancies(RoomNo, Date, ResID) VALUES (505, '2020-06-13', 987);
#988
INSERT INTO Customers(Fname, Lname, Phone, Email) VALUES ("Hildegard", "Heller", '363-952-9681', "Hildegard_Heller@gmail.com");
INSERT INTO Reservations(ID, StartDate, EndDate, NumGuests, CustomerID, Source, BookedAt) VALUES(988, '2020-11-22', '2020-11-24', 4, 988, 'OTA', '2020-12-28 02:48:10');
INSERT INTO Occupancies(RoomNo, Date, ResID) VALUES (102, '2020-11-22', 988);
INSERT INTO Occupancies(RoomNo, Date, ResID) VALUES (102, '2020-11-23', 988);
#989
INSERT INTO Customers(Fname, Lname, Phone, Email) VALUES ("Jett", "Wehner", '679-316-1267', "Jett_Wehner@gmail.com");
INSERT INTO Reservations(ID, StartDate, EndDate, NumGuests, CustomerID, Source, BookedAt) VALUES(989, '2020-01-01', '2020-01-06', 5, 989, 'OTA', '2020-12-28 02:48:10');
INSERT INTO Occupancies(RoomNo, Date, ResID) VALUES (506, '2020-01-01', 989);
INSERT INTO Occupancies(RoomNo, Date, ResID) VALUES (506, '2020-01-02', 989);
INSERT INTO Occupancies(RoomNo, Date, ResID) VALUES (506, '2020-01-03', 989);
INSERT INTO Occupancies(RoomNo, Date, ResID) VALUES (506, '2020-01-04', 989);
INSERT INTO Occupancies(RoomNo, Date, ResID) VALUES (506, '2020-01-05', 989);
#990
INSERT INTO Customers(Fname, Lname, Phone, Email) VALUES ("Filiberto", "Koepp", '441-631-0863', "Filiberto_Koepp@gmail.com");
INSERT INTO Reservations(ID, StartDate, EndDate, NumGuests, CustomerID, Source, BookedAt) VALUES(990, '2020-11-10', '2020-11-14', 2, 990, 'OTA', '2020-12-28 02:48:10');
INSERT INTO Occupancies(RoomNo, Date, ResID) VALUES (506, '2020-11-10', 990);
INSERT INTO Occupancies(RoomNo, Date, ResID) VALUES (506, '2020-11-11', 990);
INSERT INTO Occupancies(RoomNo, Date, ResID) VALUES (506, '2020-11-12', 990);
INSERT INTO Occupancies(RoomNo, Date, ResID) VALUES (506, '2020-11-13', 990);
#991
INSERT INTO Customers(Fname, Lname, Phone, Email) VALUES ("Cody", "Blick", '391-229-5869', "Cody_Blick@gmail.com");
INSERT INTO Reservations(ID, StartDate, EndDate, NumGuests, CustomerID, Source, BookedAt) VALUES(991, '2020-09-13', '2020-09-18', 2, 991, 'direct', '2020-12-28 02:48:10');
INSERT INTO Occupancies(RoomNo, Date, ResID) VALUES (305, '2020-09-13', 991);
INSERT INTO Occupancies(RoomNo, Date, ResID) VALUES (305, '2020-09-14', 991);
INSERT INTO Occupancies(RoomNo, Date, ResID) VALUES (305, '2020-09-15', 991);
INSERT INTO Occupancies(RoomNo, Date, ResID) VALUES (305, '2020-09-16', 991);
INSERT INTO Occupancies(RoomNo, Date, ResID) VALUES (305, '2020-09-17', 991);
#992
INSERT INTO Customers(Fname, Lname, Phone, Email) VALUES ("Nicole", "Stokes", '245-732-0105', "Nicole_Stokes@gmail.com");
INSERT INTO Reservations(ID, StartDate, EndDate, NumGuests, CustomerID, Source, BookedAt) VALUES(992, '2020-02-27', '2020-02-28', 2, 992, 'direct', '2020-12-28 02:48:10');
INSERT INTO Occupancies(RoomNo, Date, ResID) VALUES (403, '2020-02-27', 992);
#993
INSERT INTO Customers(Fname, Lname, Phone, Email) VALUES ("Zora", "Bernhard", '958-532-1531', "Zora_Bernhard@gmail.com");
INSERT INTO Reservations(ID, StartDate, EndDate, NumGuests, CustomerID, Source, BookedAt) VALUES(993, '2020-07-09', '2020-07-13', 1, 993, 'direct', '2020-12-28 02:48:10');
INSERT INTO Occupancies(RoomNo, Date, ResID) VALUES (405, '2020-07-09', 993);
INSERT INTO Occupancies(RoomNo, Date, ResID) VALUES (405, '2020-07-10', 993);
INSERT INTO Occupancies(RoomNo, Date, ResID) VALUES (405, '2020-07-11', 993);
INSERT INTO Occupancies(RoomNo, Date, ResID) VALUES (405, '2020-07-12', 993);
#994
INSERT INTO Customers(Fname, Lname, Phone, Email) VALUES ("Dereck", "Medhurst", '885-554-1389', "Dereck_Medhurst@gmail.com");
INSERT INTO Reservations(ID, StartDate, EndDate, NumGuests, CustomerID, Source, BookedAt) VALUES(994, '2020-12-22', '2020-12-24', 5, 994, 'direct', '2020-12-28 02:48:10');
INSERT INTO Occupancies(RoomNo, Date, ResID) VALUES (102, '2020-12-22', 994);
INSERT INTO Occupancies(RoomNo, Date, ResID) VALUES (102, '2020-12-23', 994);
#995
INSERT INTO Customers(Fname, Lname, Phone, Email) VALUES ("Etha", "Hegmann", '464-823-0593', "Etha_Hegmann@gmail.com");
INSERT INTO Reservations(ID, StartDate, EndDate, NumGuests, CustomerID, Source, BookedAt) VALUES(995, '2020-01-19', '2020-01-20', 3, 995, 'OTA', '2020-12-28 02:48:10');
INSERT INTO Occupancies(RoomNo, Date, ResID) VALUES (101, '2020-01-19', 995);
#996
INSERT INTO Customers(Fname, Lname, Phone, Email) VALUES ("Danika", "Kreiger", '710-316-4921', "Danika_Kreiger@gmail.com");
INSERT INTO Reservations(ID, StartDate, EndDate, NumGuests, CustomerID, Source, BookedAt) VALUES(996, '2021-08-11', '2021-08-14', 2, 996, 'direct', '2020-12-28 02:48:10');
INSERT INTO Occupancies(RoomNo, Date, ResID) VALUES (304, '2021-08-11', 996);
INSERT INTO Occupancies(RoomNo, Date, ResID) VALUES (304, '2021-08-12', 996);
INSERT INTO Occupancies(RoomNo, Date, ResID) VALUES (304, '2021-08-13', 996);
#997
INSERT INTO Customers(Fname, Lname, Phone, Email) VALUES ("Gregory", "Batz", '559-622-0960', "Gregory_Batz@gmail.com");
INSERT INTO Reservations(ID, StartDate, EndDate, NumGuests, CustomerID, Source, BookedAt) VALUES(997, '2020-07-10', '2020-07-13', 5, 997, 'OTA', '2020-12-28 02:48:10');
INSERT INTO Occupancies(RoomNo, Date, ResID) VALUES (402, '2020-07-10', 997);
INSERT INTO Occupancies(RoomNo, Date, ResID) VALUES (402, '2020-07-11', 997);
INSERT INTO Occupancies(RoomNo, Date, ResID) VALUES (402, '2020-07-12', 997);
#998
INSERT INTO Customers(Fname, Lname, Phone, Email) VALUES ("Davin", "Raynor", '557-481-6610', "Davin_Raynor@gmail.com");
INSERT INTO Reservations(ID, StartDate, EndDate, NumGuests, CustomerID, Source, BookedAt) VALUES(998, '2020-05-23', '2020-05-24', 1, 998, 'agency', '2020-12-28 02:48:10');
INSERT INTO Occupancies(RoomNo, Date, ResID) VALUES (506, '2020-05-23', 998);
#999
INSERT INTO Customers(Fname, Lname, Phone, Email) VALUES ("Stewart", "VonRueden", '634-429-9228', "Stewart_VonRueden@gmail.com");
INSERT INTO Reservations(ID, StartDate, EndDate, NumGuests, CustomerID, Source, BookedAt) VALUES(999, '2020-03-19', '2020-03-21', 1, 999, 'agency', '2020-12-28 02:48:10');
INSERT INTO Occupancies(RoomNo, Date, ResID) VALUES (501, '2020-03-19', 999);
INSERT INTO Occupancies(RoomNo, Date, ResID) VALUES (501, '2020-03-20', 999);
#1000
INSERT INTO Customers(Fname, Lname, Phone, Email) VALUES ("Thurman", "Langworth", '949-624-8289', "Thurman_Langworth@gmail.com");
INSERT INTO Reservations(ID, StartDate, EndDate, NumGuests, CustomerID, Source, BookedAt) VALUES(1000, '2020-10-24', '2020-10-28', 1, 1000, 'direct', '2020-12-28 02:48:10');
INSERT INTO Occupancies(RoomNo, Date, ResID) VALUES (504, '2020-10-24', 1000);
INSERT INTO Occupancies(RoomNo, Date, ResID) VALUES (504, '2020-10-25', 1000);
INSERT INTO Occupancies(RoomNo, Date, ResID) VALUES (504, '2020-10-26', 1000);
INSERT INTO Occupancies(RoomNo, Date, ResID) VALUES (504, '2020-10-27', 1000);
#1001
INSERT INTO Customers(Fname, Lname, Phone, Email) VALUES ("Norval", "Glover", '732-245-9172', "Norval_Glover@gmail.com");
INSERT INTO Reservations(ID, StartDate, EndDate, NumGuests, CustomerID, Source, BookedAt) VALUES(1001, '2020-01-25', '2020-01-28', 1, 1001, 'OTA', '2020-12-28 02:48:10');
INSERT INTO Occupancies(RoomNo, Date, ResID) VALUES (504, '2020-01-25', 1001);
INSERT INTO Occupancies(RoomNo, Date, ResID) VALUES (504, '2020-01-26', 1001);
INSERT INTO Occupancies(RoomNo, Date, ResID) VALUES (504, '2020-01-27', 1001);
#1002
INSERT INTO Customers(Fname, Lname, Phone, Email) VALUES ("Sally", "Rempel", '347-655-9879', "Sally_Rempel@gmail.com");
INSERT INTO Reservations(ID, StartDate, EndDate, NumGuests, CustomerID, Source, BookedAt) VALUES(1002, '2020-05-07', '2020-05-08', 5, 1002, 'agency', '2020-12-28 02:48:10');
INSERT INTO Occupancies(RoomNo, Date, ResID) VALUES (102, '2020-05-07', 1002);
#1003
INSERT INTO Customers(Fname, Lname, Phone, Email) VALUES ("Athena", "O'Connell", '743-388-9029', "Athena_O'Connell@gmail.com");
INSERT INTO Reservations(ID, StartDate, EndDate, NumGuests, CustomerID, Source, BookedAt) VALUES(1003, '2020-04-22', '2020-04-25', 2, 1003, 'agency', '2020-12-28 02:48:10');
INSERT INTO Occupancies(RoomNo, Date, ResID) VALUES (205, '2020-04-22', 1003);
INSERT INTO Occupancies(RoomNo, Date, ResID) VALUES (205, '2020-04-23', 1003);
INSERT INTO Occupancies(RoomNo, Date, ResID) VALUES (205, '2020-04-24', 1003);
#1004
INSERT INTO Customers(Fname, Lname, Phone, Email) VALUES ("Ford", "Keeling", '930-985-2106', "Ford_Keeling@gmail.com");
INSERT INTO Reservations(ID, StartDate, EndDate, NumGuests, CustomerID, Source, BookedAt) VALUES(1004, '2021-06-11', '2021-06-16', 3, 1004, 'agency', '2020-12-28 02:48:10');
INSERT INTO Occupancies(RoomNo, Date, ResID) VALUES (106, '2021-06-11', 1004);
INSERT INTO Occupancies(RoomNo, Date, ResID) VALUES (106, '2021-06-12', 1004);
INSERT INTO Occupancies(RoomNo, Date, ResID) VALUES (106, '2021-06-13', 1004);
INSERT INTO Occupancies(RoomNo, Date, ResID) VALUES (106, '2021-06-14', 1004);
INSERT INTO Occupancies(RoomNo, Date, ResID) VALUES (106, '2021-06-15', 1004);
#1005
INSERT INTO Customers(Fname, Lname, Phone, Email) VALUES ("Gregory", "Romaguera", '471-781-1357', "Gregory_Romaguera@gmail.com");
INSERT INTO Reservations(ID, StartDate, EndDate, NumGuests, CustomerID, Source, BookedAt) VALUES(1005, '2021-12-18', '2021-12-21', 3, 1005, 'agency', '2020-12-28 02:48:10');
INSERT INTO Occupancies(RoomNo, Date, ResID) VALUES (106, '2021-12-18', 1005);
INSERT INTO Occupancies(RoomNo, Date, ResID) VALUES (106, '2021-12-19', 1005);
INSERT INTO Occupancies(RoomNo, Date, ResID) VALUES (106, '2021-12-20', 1005);
#1006
INSERT INTO Customers(Fname, Lname, Phone, Email) VALUES ("Daija", "Schamberger", '822-739-5564', "Daija_Schamberger@gmail.com");
INSERT INTO Reservations(ID, StartDate, EndDate, NumGuests, CustomerID, Source, BookedAt) VALUES(1006, '2020-04-05', '2020-04-09', 4, 1006, 'corporate', '2020-12-28 02:48:10');
INSERT INTO Occupancies(RoomNo, Date, ResID) VALUES (502, '2020-04-05', 1006);
INSERT INTO Occupancies(RoomNo, Date, ResID) VALUES (502, '2020-04-06', 1006);
INSERT INTO Occupancies(RoomNo, Date, ResID) VALUES (502, '2020-04-07', 1006);
INSERT INTO Occupancies(RoomNo, Date, ResID) VALUES (502, '2020-04-08', 1006);
#1007
INSERT INTO Customers(Fname, Lname, Phone, Email) VALUES ("Angelita", "Dickens", '958-363-9030', "Angelita_Dickens@gmail.com");
INSERT INTO Reservations(ID, StartDate, EndDate, NumGuests, CustomerID, Source, BookedAt) VALUES(1007, '2021-11-09', '2021-11-12', 1, 1007, 'corporate', '2020-12-28 02:48:10');
INSERT INTO Occupancies(RoomNo, Date, ResID) VALUES (505, '2021-11-09', 1007);
INSERT INTO Occupancies(RoomNo, Date, ResID) VALUES (505, '2021-11-10', 1007);
INSERT INTO Occupancies(RoomNo, Date, ResID) VALUES (505, '2021-11-11', 1007);
#1008
INSERT INTO Customers(Fname, Lname, Phone, Email) VALUES ("Russel", "Hoeger", '609-784-6581', "Russel_Hoeger@gmail.com");
INSERT INTO Reservations(ID, StartDate, EndDate, NumGuests, CustomerID, Source, BookedAt) VALUES(1008, '2020-03-08', '2020-03-10', 1, 1008, 'direct', '2020-12-28 02:48:10');
INSERT INTO Occupancies(RoomNo, Date, ResID) VALUES (303, '2020-03-08', 1008);
INSERT INTO Occupancies(RoomNo, Date, ResID) VALUES (303, '2020-03-09', 1008);
#1009
INSERT INTO Customers(Fname, Lname, Phone, Email) VALUES ("Jedidiah", "DuBuque", '716-509-7937', "Jedidiah_DuBuque@gmail.com");
INSERT INTO Reservations(ID, StartDate, EndDate, NumGuests, CustomerID, Source, BookedAt) VALUES(1009, '2020-10-12', '2020-10-14', 2, 1009, 'agency', '2020-12-28 02:48:10');
INSERT INTO Occupancies(RoomNo, Date, ResID) VALUES (201, '2020-10-12', 1009);
INSERT INTO Occupancies(RoomNo, Date, ResID) VALUES (201, '2020-10-13', 1009);
#1010
INSERT INTO Customers(Fname, Lname, Phone, Email) VALUES ("Rolando", "Powlowski", '956-564-6995', "Rolando_Powlowski@gmail.com");
INSERT INTO Reservations(ID, StartDate, EndDate, NumGuests, CustomerID, Source, BookedAt) VALUES(1010, '2020-05-11', '2020-05-13', 5, 1010, 'direct', '2020-12-28 02:48:10');
INSERT INTO Occupancies(RoomNo, Date, ResID) VALUES (502, '2020-05-11', 1010);
INSERT INTO Occupancies(RoomNo, Date, ResID) VALUES (502, '2020-05-12', 1010);
#1011
INSERT INTO Customers(Fname, Lname, Phone, Email) VALUES ("Luz", "Roob", '290-901-6068', "Luz_Roob@gmail.com");
INSERT INTO Reservations(ID, StartDate, EndDate, NumGuests, CustomerID, Source, BookedAt) VALUES(1011, '2021-05-26', '2021-05-27', 2, 1011, 'corporate', '2020-12-28 02:48:10');
INSERT INTO Occupancies(RoomNo, Date, ResID) VALUES (204, '2021-05-26', 1011);
#1012
INSERT INTO Customers(Fname, Lname, Phone, Email) VALUES ("Eula", "Hackett", '308-291-5397', "Eula_Hackett@gmail.com");
INSERT INTO Reservations(ID, StartDate, EndDate, NumGuests, CustomerID, Source, BookedAt) VALUES(1012, '2020-01-01', '2020-01-03', 2, 1012, 'direct', '2020-12-28 02:48:10');
INSERT INTO Occupancies(RoomNo, Date, ResID) VALUES (104, '2020-01-01', 1012);
INSERT INTO Occupancies(RoomNo, Date, ResID) VALUES (104, '2020-01-02', 1012);
#1013
INSERT INTO Customers(Fname, Lname, Phone, Email) VALUES ("Maureen", "Leffler", '737-384-1802', "Maureen_Leffler@gmail.com");
INSERT INTO Reservations(ID, StartDate, EndDate, NumGuests, CustomerID, Source, BookedAt) VALUES(1013, '2020-06-17', '2020-06-21', 1, 1013, 'corporate', '2020-12-28 02:48:10');
INSERT INTO Occupancies(RoomNo, Date, ResID) VALUES (205, '2020-06-17', 1013);
INSERT INTO Occupancies(RoomNo, Date, ResID) VALUES (205, '2020-06-18', 1013);
INSERT INTO Occupancies(RoomNo, Date, ResID) VALUES (205, '2020-06-19', 1013);
INSERT INTO Occupancies(RoomNo, Date, ResID) VALUES (205, '2020-06-20', 1013);
#1014
INSERT INTO Customers(Fname, Lname, Phone, Email) VALUES ("Tyrique", "Hills", '354-688-8302', "Tyrique_Hills@gmail.com");
INSERT INTO Reservations(ID, StartDate, EndDate, NumGuests, CustomerID, Source, BookedAt) VALUES(1014, '2020-12-01', '2020-12-03', 1, 1014, 'direct', '2020-12-28 02:48:10');
INSERT INTO Occupancies(RoomNo, Date, ResID) VALUES (101, '2020-12-01', 1014);
INSERT INTO Occupancies(RoomNo, Date, ResID) VALUES (101, '2020-12-02', 1014);
#1015
INSERT INTO Customers(Fname, Lname, Phone, Email) VALUES ("Lois", "Anderson", '657-997-4794', "Lois_Anderson@gmail.com");
INSERT INTO Reservations(ID, StartDate, EndDate, NumGuests, CustomerID, Source, BookedAt) VALUES(1015, '2020-02-04', '2020-02-05', 5, 1015, 'OTA', '2020-12-28 02:48:10');
INSERT INTO Occupancies(RoomNo, Date, ResID) VALUES (202, '2020-02-04', 1015);
#1016
INSERT INTO Customers(Fname, Lname, Phone, Email) VALUES ("Elda", "Frami", '385-445-6103', "Elda_Frami@gmail.com");
INSERT INTO Reservations(ID, StartDate, EndDate, NumGuests, CustomerID, Source, BookedAt) VALUES(1016, '2020-12-14', '2020-12-17', 4, 1016, 'direct', '2020-12-28 02:48:10');
INSERT INTO Occupancies(RoomNo, Date, ResID) VALUES (105, '2020-12-14', 1016);
INSERT INTO Occupancies(RoomNo, Date, ResID) VALUES (105, '2020-12-15', 1016);
INSERT INTO Occupancies(RoomNo, Date, ResID) VALUES (105, '2020-12-16', 1016);
#1017
INSERT INTO Customers(Fname, Lname, Phone, Email) VALUES ("Asha", "VonRueden", '729-548-6486', "Asha_VonRueden@gmail.com");
INSERT INTO Reservations(ID, StartDate, EndDate, NumGuests, CustomerID, Source, BookedAt) VALUES(1017, '2020-08-30', '2020-09-02', 3, 1017, 'direct', '2020-12-28 02:48:10');
INSERT INTO Occupancies(RoomNo, Date, ResID) VALUES (502, '2020-08-30', 1017);
INSERT INTO Occupancies(RoomNo, Date, ResID) VALUES (502, '2020-08-31', 1017);
INSERT INTO Occupancies(RoomNo, Date, ResID) VALUES (502, '2020-09-01', 1017);
#1018
INSERT INTO Customers(Fname, Lname, Phone, Email) VALUES ("Mertie", "Waelchi", '729-989-1443', "Mertie_Waelchi@gmail.com");
INSERT INTO Reservations(ID, StartDate, EndDate, NumGuests, CustomerID, Source, BookedAt) VALUES(1018, '2021-02-04', '2021-02-08', 4, 1018, 'corporate', '2020-12-28 02:48:10');
INSERT INTO Occupancies(RoomNo, Date, ResID) VALUES (202, '2021-02-04', 1018);
INSERT INTO Occupancies(RoomNo, Date, ResID) VALUES (202, '2021-02-05', 1018);
INSERT INTO Occupancies(RoomNo, Date, ResID) VALUES (202, '2021-02-06', 1018);
INSERT INTO Occupancies(RoomNo, Date, ResID) VALUES (202, '2021-02-07', 1018);
#1019
INSERT INTO Customers(Fname, Lname, Phone, Email) VALUES ("Carmela", "Hintz", '926-909-3831', "Carmela_Hintz@gmail.com");
INSERT INTO Reservations(ID, StartDate, EndDate, NumGuests, CustomerID, Source, BookedAt) VALUES(1019, '2020-12-23', '2020-12-26', 4, 1019, 'OTA', '2020-12-28 02:48:10');
INSERT INTO Occupancies(RoomNo, Date, ResID) VALUES (501, '2020-12-23', 1019);
INSERT INTO Occupancies(RoomNo, Date, ResID) VALUES (501, '2020-12-24', 1019);
INSERT INTO Occupancies(RoomNo, Date, ResID) VALUES (501, '2020-12-25', 1019);
#1020
INSERT INTO Customers(Fname, Lname, Phone, Email) VALUES ("Georgette", "Parker", '624-238-5040', "Georgette_Parker@gmail.com");
INSERT INTO Reservations(ID, StartDate, EndDate, NumGuests, CustomerID, Source, BookedAt) VALUES(1020, '2020-01-07', '2020-01-08', 3, 1020, 'direct', '2020-12-28 02:48:10');
INSERT INTO Occupancies(RoomNo, Date, ResID) VALUES (505, '2020-01-07', 1020);
#1021
INSERT INTO Customers(Fname, Lname, Phone, Email) VALUES ("Cathrine", "Rodriguez", '500-298-4884', "Cathrine_Rodriguez@gmail.com");
INSERT INTO Reservations(ID, StartDate, EndDate, NumGuests, CustomerID, Source, BookedAt) VALUES(1021, '2020-01-03', '2020-01-05', 4, 1021, 'agency', '2020-12-28 02:48:10');
INSERT INTO Occupancies(RoomNo, Date, ResID) VALUES (105, '2020-01-03', 1021);
INSERT INTO Occupancies(RoomNo, Date, ResID) VALUES (105, '2020-01-04', 1021);
#1022
INSERT INTO Customers(Fname, Lname, Phone, Email) VALUES ("Amie", "Pfannerstill", '610-997-1095', "Amie_Pfannerstill@gmail.com");
INSERT INTO Reservations(ID, StartDate, EndDate, NumGuests, CustomerID, Source, BookedAt) VALUES(1022, '2020-05-26', '2020-05-28', 3, 1022, 'OTA', '2020-12-28 02:48:10');
INSERT INTO Occupancies(RoomNo, Date, ResID) VALUES (404, '2020-05-26', 1022);
INSERT INTO Occupancies(RoomNo, Date, ResID) VALUES (404, '2020-05-27', 1022);
#1023
INSERT INTO Customers(Fname, Lname, Phone, Email) VALUES ("Lillian", "Wisozk", '699-278-1278', "Lillian_Wisozk@gmail.com");
INSERT INTO Reservations(ID, StartDate, EndDate, NumGuests, CustomerID, Source, BookedAt) VALUES(1023, '2020-07-20', '2020-07-23', 1, 1023, 'direct', '2020-12-28 02:48:10');
INSERT INTO Occupancies(RoomNo, Date, ResID) VALUES (106, '2020-07-20', 1023);
INSERT INTO Occupancies(RoomNo, Date, ResID) VALUES (106, '2020-07-21', 1023);
INSERT INTO Occupancies(RoomNo, Date, ResID) VALUES (106, '2020-07-22', 1023);
#1024
INSERT INTO Customers(Fname, Lname, Phone, Email) VALUES ("Jefferey", "Bruen", '302-235-1224', "Jefferey_Bruen@gmail.com");
INSERT INTO Reservations(ID, StartDate, EndDate, NumGuests, CustomerID, Source, BookedAt) VALUES(1024, '2021-10-21', '2021-10-23', 2, 1024, 'direct', '2020-12-28 02:48:10');
INSERT INTO Occupancies(RoomNo, Date, ResID) VALUES (502, '2021-10-21', 1024);
INSERT INTO Occupancies(RoomNo, Date, ResID) VALUES (502, '2021-10-22', 1024);
#1025
INSERT INTO Customers(Fname, Lname, Phone, Email) VALUES ("Evie", "Kerluke", '945-308-6405', "Evie_Kerluke@gmail.com");
INSERT INTO Reservations(ID, StartDate, EndDate, NumGuests, CustomerID, Source, BookedAt) VALUES(1025, '2020-10-20', '2020-10-22', 5, 1025, 'direct', '2020-12-28 02:48:10');
INSERT INTO Occupancies(RoomNo, Date, ResID) VALUES (104, '2020-10-20', 1025);
INSERT INTO Occupancies(RoomNo, Date, ResID) VALUES (104, '2020-10-21', 1025);
#1026
INSERT INTO Customers(Fname, Lname, Phone, Email) VALUES ("Madisen", "Glover", '871-752-9474', "Madisen_Glover@gmail.com");
INSERT INTO Reservations(ID, StartDate, EndDate, NumGuests, CustomerID, Source, BookedAt) VALUES(1026, '2020-07-20', '2020-07-22', 5, 1026, 'OTA', '2020-12-28 02:48:10');
INSERT INTO Occupancies(RoomNo, Date, ResID) VALUES (402, '2020-07-20', 1026);
INSERT INTO Occupancies(RoomNo, Date, ResID) VALUES (402, '2020-07-21', 1026);
#1027
INSERT INTO Customers(Fname, Lname, Phone, Email) VALUES ("Nola", "Ratke", '355-461-1766', "Nola_Ratke@gmail.com");
INSERT INTO Reservations(ID, StartDate, EndDate, NumGuests, CustomerID, Source, BookedAt) VALUES(1027, '2020-07-27', '2020-07-28', 1, 1027, 'OTA', '2020-12-28 02:48:10');
INSERT INTO Occupancies(RoomNo, Date, ResID) VALUES (402, '2020-07-27', 1027);
#1028
INSERT INTO Customers(Fname, Lname, Phone, Email) VALUES ("Lorenza", "Witting", '209-769-2097', "Lorenza_Witting@gmail.com");
INSERT INTO Reservations(ID, StartDate, EndDate, NumGuests, CustomerID, Source, BookedAt) VALUES(1028, '2021-12-17', '2021-12-22', 1, 1028, 'direct', '2020-12-28 02:48:10');
INSERT INTO Occupancies(RoomNo, Date, ResID) VALUES (406, '2021-12-17', 1028);
INSERT INTO Occupancies(RoomNo, Date, ResID) VALUES (406, '2021-12-18', 1028);
INSERT INTO Occupancies(RoomNo, Date, ResID) VALUES (406, '2021-12-19', 1028);
INSERT INTO Occupancies(RoomNo, Date, ResID) VALUES (406, '2021-12-20', 1028);
INSERT INTO Occupancies(RoomNo, Date, ResID) VALUES (406, '2021-12-21', 1028);
#1029
INSERT INTO Customers(Fname, Lname, Phone, Email) VALUES ("Vallie", "Harris", '587-498-1108', "Vallie_Harris@gmail.com");
INSERT INTO Reservations(ID, StartDate, EndDate, NumGuests, CustomerID, Source, BookedAt) VALUES(1029, '2020-11-19', '2020-11-24', 2, 1029, 'corporate', '2020-12-28 02:48:10');
INSERT INTO Occupancies(RoomNo, Date, ResID) VALUES (303, '2020-11-19', 1029);
INSERT INTO Occupancies(RoomNo, Date, ResID) VALUES (303, '2020-11-20', 1029);
INSERT INTO Occupancies(RoomNo, Date, ResID) VALUES (303, '2020-11-21', 1029);
INSERT INTO Occupancies(RoomNo, Date, ResID) VALUES (303, '2020-11-22', 1029);
INSERT INTO Occupancies(RoomNo, Date, ResID) VALUES (303, '2020-11-23', 1029);
#1030
INSERT INTO Customers(Fname, Lname, Phone, Email) VALUES ("Don", "Marvin", '588-836-1643', "Don_Marvin@gmail.com");
INSERT INTO Reservations(ID, StartDate, EndDate, NumGuests, CustomerID, Source, BookedAt) VALUES(1030, '2020-05-08', '2020-05-09', 2, 1030, 'OTA', '2020-12-28 02:48:10');
INSERT INTO Occupancies(RoomNo, Date, ResID) VALUES (501, '2020-05-08', 1030);
#1031
INSERT INTO Customers(Fname, Lname, Phone, Email) VALUES ("Jovanny", "Adams", '889-640-2357', "Jovanny_Adams@gmail.com");
INSERT INTO Reservations(ID, StartDate, EndDate, NumGuests, CustomerID, Source, BookedAt) VALUES(1031, '2020-04-09', '2020-04-13', 2, 1031, 'agency', '2020-12-28 02:48:10');
INSERT INTO Occupancies(RoomNo, Date, ResID) VALUES (404, '2020-04-09', 1031);
INSERT INTO Occupancies(RoomNo, Date, ResID) VALUES (404, '2020-04-10', 1031);
INSERT INTO Occupancies(RoomNo, Date, ResID) VALUES (404, '2020-04-11', 1031);
INSERT INTO Occupancies(RoomNo, Date, ResID) VALUES (404, '2020-04-12', 1031);
#1032
INSERT INTO Customers(Fname, Lname, Phone, Email) VALUES ("Lorenza", "Wiegand", '929-526-7016', "Lorenza_Wiegand@gmail.com");
INSERT INTO Reservations(ID, StartDate, EndDate, NumGuests, CustomerID, Source, BookedAt) VALUES(1032, '2021-11-12', '2021-11-14', 2, 1032, 'corporate', '2020-12-28 02:48:10');
INSERT INTO Occupancies(RoomNo, Date, ResID) VALUES (204, '2021-11-12', 1032);
INSERT INTO Occupancies(RoomNo, Date, ResID) VALUES (204, '2021-11-13', 1032);
#1033
INSERT INTO Customers(Fname, Lname, Phone, Email) VALUES ("Adrian", "Crooks", '942-542-3429', "Adrian_Crooks@gmail.com");
INSERT INTO Reservations(ID, StartDate, EndDate, NumGuests, CustomerID, Source, BookedAt) VALUES(1033, '2021-12-26', '2021-12-29', 2, 1033, 'corporate', '2020-12-28 02:48:10');
INSERT INTO Occupancies(RoomNo, Date, ResID) VALUES (202, '2021-12-26', 1033);
INSERT INTO Occupancies(RoomNo, Date, ResID) VALUES (202, '2021-12-27', 1033);
INSERT INTO Occupancies(RoomNo, Date, ResID) VALUES (202, '2021-12-28', 1033);
#1034
INSERT INTO Customers(Fname, Lname, Phone, Email) VALUES ("Edyth", "Medhurst", '952-247-2204', "Edyth_Medhurst@gmail.com");
INSERT INTO Reservations(ID, StartDate, EndDate, NumGuests, CustomerID, Source, BookedAt) VALUES(1034, '2020-12-29', '2021-01-01', 3, 1034, 'agency', '2020-12-28 02:48:10');
INSERT INTO Occupancies(RoomNo, Date, ResID) VALUES (105, '2020-12-29', 1034);
INSERT INTO Occupancies(RoomNo, Date, ResID) VALUES (105, '2020-12-30', 1034);
INSERT INTO Occupancies(RoomNo, Date, ResID) VALUES (105, '2020-12-31', 1034);
#1035
INSERT INTO Customers(Fname, Lname, Phone, Email) VALUES ("Antwan", "Waters", '866-451-8257', "Antwan_Waters@gmail.com");
INSERT INTO Reservations(ID, StartDate, EndDate, NumGuests, CustomerID, Source, BookedAt) VALUES(1035, '2021-06-27', '2021-06-30', 3, 1035, 'OTA', '2020-12-28 02:48:10');
INSERT INTO Occupancies(RoomNo, Date, ResID) VALUES (502, '2021-06-27', 1035);
INSERT INTO Occupancies(RoomNo, Date, ResID) VALUES (502, '2021-06-28', 1035);
INSERT INTO Occupancies(RoomNo, Date, ResID) VALUES (502, '2021-06-29', 1035);
#1036
INSERT INTO Customers(Fname, Lname, Phone, Email) VALUES ("Hester", "Muller", '430-860-4156', "Hester_Muller@gmail.com");
INSERT INTO Reservations(ID, StartDate, EndDate, NumGuests, CustomerID, Source, BookedAt) VALUES(1036, '2020-05-26', '2020-05-28', 4, 1036, 'direct', '2020-12-28 02:48:10');
INSERT INTO Occupancies(RoomNo, Date, ResID) VALUES (302, '2020-05-26', 1036);
INSERT INTO Occupancies(RoomNo, Date, ResID) VALUES (302, '2020-05-27', 1036);
#1037
INSERT INTO Customers(Fname, Lname, Phone, Email) VALUES ("Edmund", "Koch", '824-248-8042', "Edmund_Koch@gmail.com");
INSERT INTO Reservations(ID, StartDate, EndDate, NumGuests, CustomerID, Source, BookedAt) VALUES(1037, '2021-02-03', '2021-02-04', 3, 1037, 'direct', '2020-12-28 02:48:10');
INSERT INTO Occupancies(RoomNo, Date, ResID) VALUES (506, '2021-02-03', 1037);
#1038
INSERT INTO Customers(Fname, Lname, Phone, Email) VALUES ("Linda", "Koepp", '662-891-0787', "Linda_Koepp@gmail.com");
INSERT INTO Reservations(ID, StartDate, EndDate, NumGuests, CustomerID, Source, BookedAt) VALUES(1038, '2021-08-08', '2021-08-12', 2, 1038, 'direct', '2020-12-28 02:48:10');
INSERT INTO Occupancies(RoomNo, Date, ResID) VALUES (305, '2021-08-08', 1038);
INSERT INTO Occupancies(RoomNo, Date, ResID) VALUES (305, '2021-08-09', 1038);
INSERT INTO Occupancies(RoomNo, Date, ResID) VALUES (305, '2021-08-10', 1038);
INSERT INTO Occupancies(RoomNo, Date, ResID) VALUES (305, '2021-08-11', 1038);
#1039
INSERT INTO Customers(Fname, Lname, Phone, Email) VALUES ("Wellington", "Baumbach", '316-910-7201', "Wellington_Baumbach@gmail.com");
INSERT INTO Reservations(ID, StartDate, EndDate, NumGuests, CustomerID, Source, BookedAt) VALUES(1039, '2020-11-06', '2020-11-08', 5, 1039, 'corporate', '2020-12-28 02:48:10');
INSERT INTO Occupancies(RoomNo, Date, ResID) VALUES (102, '2020-11-06', 1039);
INSERT INTO Occupancies(RoomNo, Date, ResID) VALUES (102, '2020-11-07', 1039);
#1040
INSERT INTO Customers(Fname, Lname, Phone, Email) VALUES ("Eloisa", "Hagenes", '484-323-3845', "Eloisa_Hagenes@gmail.com");
INSERT INTO Reservations(ID, StartDate, EndDate, NumGuests, CustomerID, Source, BookedAt) VALUES(1040, '2020-08-01', '2020-08-02', 3, 1040, 'corporate', '2020-12-28 02:48:10');
INSERT INTO Occupancies(RoomNo, Date, ResID) VALUES (404, '2020-08-01', 1040);
#1041
INSERT INTO Customers(Fname, Lname, Phone, Email) VALUES ("Elinore", "Shanahan", '212-735-7754', "Elinore_Shanahan@gmail.com");
INSERT INTO Reservations(ID, StartDate, EndDate, NumGuests, CustomerID, Source, BookedAt) VALUES(1041, '2020-06-12', '2020-06-16', 2, 1041, 'direct', '2020-12-28 02:48:10');
INSERT INTO Occupancies(RoomNo, Date, ResID) VALUES (102, '2020-06-12', 1041);
INSERT INTO Occupancies(RoomNo, Date, ResID) VALUES (102, '2020-06-13', 1041);
INSERT INTO Occupancies(RoomNo, Date, ResID) VALUES (102, '2020-06-14', 1041);
INSERT INTO Occupancies(RoomNo, Date, ResID) VALUES (102, '2020-06-15', 1041);
#1042
INSERT INTO Customers(Fname, Lname, Phone, Email) VALUES ("Dasia", "Goodwin", '282-919-9436', "Dasia_Goodwin@gmail.com");
INSERT INTO Reservations(ID, StartDate, EndDate, NumGuests, CustomerID, Source, BookedAt) VALUES(1042, '2020-08-05', '2020-08-10', 2, 1042, 'OTA', '2020-12-28 02:48:10');
INSERT INTO Occupancies(RoomNo, Date, ResID) VALUES (503, '2020-08-05', 1042);
INSERT INTO Occupancies(RoomNo, Date, ResID) VALUES (503, '2020-08-06', 1042);
INSERT INTO Occupancies(RoomNo, Date, ResID) VALUES (503, '2020-08-07', 1042);
INSERT INTO Occupancies(RoomNo, Date, ResID) VALUES (503, '2020-08-08', 1042);
INSERT INTO Occupancies(RoomNo, Date, ResID) VALUES (503, '2020-08-09', 1042);
#1043
INSERT INTO Customers(Fname, Lname, Phone, Email) VALUES ("Abelardo", "Corwin", '362-573-7375', "Abelardo_Corwin@gmail.com");
INSERT INTO Reservations(ID, StartDate, EndDate, NumGuests, CustomerID, Source, BookedAt) VALUES(1043, '2021-12-26', '2021-12-29', 5, 1043, 'OTA', '2020-12-28 02:48:10');
INSERT INTO Occupancies(RoomNo, Date, ResID) VALUES (306, '2021-12-26', 1043);
INSERT INTO Occupancies(RoomNo, Date, ResID) VALUES (306, '2021-12-27', 1043);
INSERT INTO Occupancies(RoomNo, Date, ResID) VALUES (306, '2021-12-28', 1043);
#1044
INSERT INTO Customers(Fname, Lname, Phone, Email) VALUES ("Libbie", "Rohan", '497-895-1967', "Libbie_Rohan@gmail.com");
INSERT INTO Reservations(ID, StartDate, EndDate, NumGuests, CustomerID, Source, BookedAt) VALUES(1044, '2020-10-13', '2020-10-16', 1, 1044, 'direct', '2020-12-28 02:48:10');
INSERT INTO Occupancies(RoomNo, Date, ResID) VALUES (205, '2020-10-13', 1044);
INSERT INTO Occupancies(RoomNo, Date, ResID) VALUES (205, '2020-10-14', 1044);
INSERT INTO Occupancies(RoomNo, Date, ResID) VALUES (205, '2020-10-15', 1044);
#1045
INSERT INTO Customers(Fname, Lname, Phone, Email) VALUES ("Elta", "Kub", '535-273-8444', "Elta_Kub@gmail.com");
INSERT INTO Reservations(ID, StartDate, EndDate, NumGuests, CustomerID, Source, BookedAt) VALUES(1045, '2020-03-12', '2020-03-17', 2, 1045, 'direct', '2020-12-28 02:48:10');
INSERT INTO Occupancies(RoomNo, Date, ResID) VALUES (104, '2020-03-12', 1045);
INSERT INTO Occupancies(RoomNo, Date, ResID) VALUES (104, '2020-03-13', 1045);
INSERT INTO Occupancies(RoomNo, Date, ResID) VALUES (104, '2020-03-14', 1045);
INSERT INTO Occupancies(RoomNo, Date, ResID) VALUES (104, '2020-03-15', 1045);
INSERT INTO Occupancies(RoomNo, Date, ResID) VALUES (104, '2020-03-16', 1045);
#1046
INSERT INTO Customers(Fname, Lname, Phone, Email) VALUES ("Rusty", "Erdman", '509-630-9783', "Rusty_Erdman@gmail.com");
INSERT INTO Reservations(ID, StartDate, EndDate, NumGuests, CustomerID, Source, BookedAt) VALUES(1046, '2020-02-10', '2020-02-14', 5, 1046, 'direct', '2020-12-28 02:48:10');
INSERT INTO Occupancies(RoomNo, Date, ResID) VALUES (405, '2020-02-10', 1046);
INSERT INTO Occupancies(RoomNo, Date, ResID) VALUES (405, '2020-02-11', 1046);
INSERT INTO Occupancies(RoomNo, Date, ResID) VALUES (405, '2020-02-12', 1046);
INSERT INTO Occupancies(RoomNo, Date, ResID) VALUES (405, '2020-02-13', 1046);
#1047
INSERT INTO Customers(Fname, Lname, Phone, Email) VALUES ("Malinda", "Kozey", '765-841-3261', "Malinda_Kozey@gmail.com");
INSERT INTO Reservations(ID, StartDate, EndDate, NumGuests, CustomerID, Source, BookedAt) VALUES(1047, '2021-09-02', '2021-09-04', 3, 1047, 'OTA', '2020-12-28 02:48:10');
INSERT INTO Occupancies(RoomNo, Date, ResID) VALUES (502, '2021-09-02', 1047);
INSERT INTO Occupancies(RoomNo, Date, ResID) VALUES (502, '2021-09-03', 1047);
#1048
INSERT INTO Customers(Fname, Lname, Phone, Email) VALUES ("Paula", "Larkin", '996-882-2533', "Paula_Larkin@gmail.com");
INSERT INTO Reservations(ID, StartDate, EndDate, NumGuests, CustomerID, Source, BookedAt) VALUES(1048, '2020-11-25', '2020-11-27', 5, 1048, 'OTA', '2020-12-28 02:48:10');
INSERT INTO Occupancies(RoomNo, Date, ResID) VALUES (403, '2020-11-25', 1048);
INSERT INTO Occupancies(RoomNo, Date, ResID) VALUES (403, '2020-11-26', 1048);
#1049
INSERT INTO Customers(Fname, Lname, Phone, Email) VALUES ("Helen", "Metz", '872-419-6309', "Helen_Metz@gmail.com");
INSERT INTO Reservations(ID, StartDate, EndDate, NumGuests, CustomerID, Source, BookedAt) VALUES(1049, '2019-12-31', '2020-01-01', 4, 1049, 'OTA', '2020-12-28 02:48:10');
INSERT INTO Occupancies(RoomNo, Date, ResID) VALUES (403, '2019-12-31', 1049);
#1050
INSERT INTO Customers(Fname, Lname, Phone, Email) VALUES ("Chance", "Goldner", '415-521-8503', "Chance_Goldner@gmail.com");
INSERT INTO Reservations(ID, StartDate, EndDate, NumGuests, CustomerID, Source, BookedAt) VALUES(1050, '2020-10-18', '2020-10-21', 2, 1050, 'corporate', '2020-12-28 02:48:10');
INSERT INTO Occupancies(RoomNo, Date, ResID) VALUES (402, '2020-10-18', 1050);
INSERT INTO Occupancies(RoomNo, Date, ResID) VALUES (402, '2020-10-19', 1050);
INSERT INTO Occupancies(RoomNo, Date, ResID) VALUES (402, '2020-10-20', 1050);
#1051
INSERT INTO Customers(Fname, Lname, Phone, Email) VALUES ("Sterling", "King", '936-224-5161', "Sterling_King@gmail.com");
INSERT INTO Reservations(ID, StartDate, EndDate, NumGuests, CustomerID, Source, BookedAt) VALUES(1051, '2020-06-13', '2020-06-18', 3, 1051, 'direct', '2020-12-28 02:48:10');
INSERT INTO Occupancies(RoomNo, Date, ResID) VALUES (404, '2020-06-13', 1051);
INSERT INTO Occupancies(RoomNo, Date, ResID) VALUES (404, '2020-06-14', 1051);
INSERT INTO Occupancies(RoomNo, Date, ResID) VALUES (404, '2020-06-15', 1051);
INSERT INTO Occupancies(RoomNo, Date, ResID) VALUES (404, '2020-06-16', 1051);
INSERT INTO Occupancies(RoomNo, Date, ResID) VALUES (404, '2020-06-17', 1051);
#1052
INSERT INTO Customers(Fname, Lname, Phone, Email) VALUES ("Fanny", "O'Keefe", '847-605-8555', "Fanny_O'Keefe@gmail.com");
INSERT INTO Reservations(ID, StartDate, EndDate, NumGuests, CustomerID, Source, BookedAt) VALUES(1052, '2021-11-13', '2021-11-15', 5, 1052, 'direct', '2020-12-28 02:48:10');
INSERT INTO Occupancies(RoomNo, Date, ResID) VALUES (501, '2021-11-13', 1052);
INSERT INTO Occupancies(RoomNo, Date, ResID) VALUES (501, '2021-11-14', 1052);
#1053
INSERT INTO Customers(Fname, Lname, Phone, Email) VALUES ("Casimir", "Wolf", '955-704-0445', "Casimir_Wolf@gmail.com");
INSERT INTO Reservations(ID, StartDate, EndDate, NumGuests, CustomerID, Source, BookedAt) VALUES(1053, '2020-08-23', '2020-08-26', 2, 1053, 'OTA', '2020-12-28 02:48:10');
INSERT INTO Occupancies(RoomNo, Date, ResID) VALUES (402, '2020-08-23', 1053);
INSERT INTO Occupancies(RoomNo, Date, ResID) VALUES (402, '2020-08-24', 1053);
INSERT INTO Occupancies(RoomNo, Date, ResID) VALUES (402, '2020-08-25', 1053);
#1054
INSERT INTO Customers(Fname, Lname, Phone, Email) VALUES ("Timothy", "Glover", '243-346-9017', "Timothy_Glover@gmail.com");
INSERT INTO Reservations(ID, StartDate, EndDate, NumGuests, CustomerID, Source, BookedAt) VALUES(1054, '2020-09-02', '2020-09-07', 4, 1054, 'agency', '2020-12-28 02:48:10');
INSERT INTO Occupancies(RoomNo, Date, ResID) VALUES (202, '2020-09-02', 1054);
INSERT INTO Occupancies(RoomNo, Date, ResID) VALUES (202, '2020-09-03', 1054);
INSERT INTO Occupancies(RoomNo, Date, ResID) VALUES (202, '2020-09-04', 1054);
INSERT INTO Occupancies(RoomNo, Date, ResID) VALUES (202, '2020-09-05', 1054);
INSERT INTO Occupancies(RoomNo, Date, ResID) VALUES (202, '2020-09-06', 1054);
#1055
INSERT INTO Customers(Fname, Lname, Phone, Email) VALUES ("Blair", "Yundt", '605-258-8517', "Blair_Yundt@gmail.com");
INSERT INTO Reservations(ID, StartDate, EndDate, NumGuests, CustomerID, Source, BookedAt) VALUES(1055, '2021-05-10', '2021-05-14', 2, 1055, 'corporate', '2020-12-28 02:48:10');
INSERT INTO Occupancies(RoomNo, Date, ResID) VALUES (506, '2021-05-10', 1055);
INSERT INTO Occupancies(RoomNo, Date, ResID) VALUES (506, '2021-05-11', 1055);
INSERT INTO Occupancies(RoomNo, Date, ResID) VALUES (506, '2021-05-12', 1055);
INSERT INTO Occupancies(RoomNo, Date, ResID) VALUES (506, '2021-05-13', 1055);
#1056
INSERT INTO Customers(Fname, Lname, Phone, Email) VALUES ("Stanford", "Rice", '288-298-7933', "Stanford_Rice@gmail.com");
INSERT INTO Reservations(ID, StartDate, EndDate, NumGuests, CustomerID, Source, BookedAt) VALUES(1056, '2020-02-19', '2020-02-24', 5, 1056, 'OTA', '2020-12-28 02:48:10');
INSERT INTO Occupancies(RoomNo, Date, ResID) VALUES (302, '2020-02-19', 1056);
INSERT INTO Occupancies(RoomNo, Date, ResID) VALUES (302, '2020-02-20', 1056);
INSERT INTO Occupancies(RoomNo, Date, ResID) VALUES (302, '2020-02-21', 1056);
INSERT INTO Occupancies(RoomNo, Date, ResID) VALUES (302, '2020-02-22', 1056);
INSERT INTO Occupancies(RoomNo, Date, ResID) VALUES (302, '2020-02-23', 1056);
#1057
INSERT INTO Customers(Fname, Lname, Phone, Email) VALUES ("Jayme", "Dickinson", '619-296-9029', "Jayme_Dickinson@gmail.com");
INSERT INTO Reservations(ID, StartDate, EndDate, NumGuests, CustomerID, Source, BookedAt) VALUES(1057, '2020-02-14', '2020-02-16', 2, 1057, 'OTA', '2020-12-28 02:48:10');
INSERT INTO Occupancies(RoomNo, Date, ResID) VALUES (501, '2020-02-14', 1057);
INSERT INTO Occupancies(RoomNo, Date, ResID) VALUES (501, '2020-02-15', 1057);
#1058
INSERT INTO Customers(Fname, Lname, Phone, Email) VALUES ("Devante", "Lehner", '581-368-0457', "Devante_Lehner@gmail.com");
INSERT INTO Reservations(ID, StartDate, EndDate, NumGuests, CustomerID, Source, BookedAt) VALUES(1058, '2020-08-16', '2020-08-19', 5, 1058, 'OTA', '2020-12-28 02:48:10');
INSERT INTO Occupancies(RoomNo, Date, ResID) VALUES (102, '2020-08-16', 1058);
INSERT INTO Occupancies(RoomNo, Date, ResID) VALUES (102, '2020-08-17', 1058);
INSERT INTO Occupancies(RoomNo, Date, ResID) VALUES (102, '2020-08-18', 1058);
#1059
INSERT INTO Customers(Fname, Lname, Phone, Email) VALUES ("Josie", "Jacobson", '440-511-0154', "Josie_Jacobson@gmail.com");
INSERT INTO Reservations(ID, StartDate, EndDate, NumGuests, CustomerID, Source, BookedAt) VALUES(1059, '2020-06-09', '2020-06-13', 4, 1059, 'corporate', '2020-12-28 02:48:10');
INSERT INTO Occupancies(RoomNo, Date, ResID) VALUES (502, '2020-06-09', 1059);
INSERT INTO Occupancies(RoomNo, Date, ResID) VALUES (502, '2020-06-10', 1059);
INSERT INTO Occupancies(RoomNo, Date, ResID) VALUES (502, '2020-06-11', 1059);
INSERT INTO Occupancies(RoomNo, Date, ResID) VALUES (502, '2020-06-12', 1059);
#1060
INSERT INTO Customers(Fname, Lname, Phone, Email) VALUES ("Parker", "Champlin", '998-518-2635', "Parker_Champlin@gmail.com");
INSERT INTO Reservations(ID, StartDate, EndDate, NumGuests, CustomerID, Source, BookedAt) VALUES(1060, '2020-08-24', '2020-08-26', 5, 1060, 'OTA', '2020-12-28 02:48:10');
INSERT INTO Occupancies(RoomNo, Date, ResID) VALUES (405, '2020-08-24', 1060);
INSERT INTO Occupancies(RoomNo, Date, ResID) VALUES (405, '2020-08-25', 1060);
#1061
INSERT INTO Customers(Fname, Lname, Phone, Email) VALUES ("Magnolia", "Lebsack", '859-802-8526', "Magnolia_Lebsack@gmail.com");
INSERT INTO Reservations(ID, StartDate, EndDate, NumGuests, CustomerID, Source, BookedAt) VALUES(1061, '2021-04-09', '2021-04-12', 5, 1061, 'direct', '2020-12-28 02:48:10');
INSERT INTO Occupancies(RoomNo, Date, ResID) VALUES (203, '2021-04-09', 1061);
INSERT INTO Occupancies(RoomNo, Date, ResID) VALUES (203, '2021-04-10', 1061);
INSERT INTO Occupancies(RoomNo, Date, ResID) VALUES (203, '2021-04-11', 1061);
#1062
INSERT INTO Customers(Fname, Lname, Phone, Email) VALUES ("Marisa", "Vandervort", '379-306-1900', "Marisa_Vandervort@gmail.com");
INSERT INTO Reservations(ID, StartDate, EndDate, NumGuests, CustomerID, Source, BookedAt) VALUES(1062, '2020-10-22', '2020-10-24', 1, 1062, 'OTA', '2020-12-28 02:48:10');
INSERT INTO Occupancies(RoomNo, Date, ResID) VALUES (305, '2020-10-22', 1062);
INSERT INTO Occupancies(RoomNo, Date, ResID) VALUES (305, '2020-10-23', 1062);
#1063
INSERT INTO Customers(Fname, Lname, Phone, Email) VALUES ("Ramona", "Torphy", '381-803-7187', "Ramona_Torphy@gmail.com");
INSERT INTO Reservations(ID, StartDate, EndDate, NumGuests, CustomerID, Source, BookedAt) VALUES(1063, '2020-04-22', '2020-04-24', 5, 1063, 'corporate', '2020-12-28 02:48:10');
INSERT INTO Occupancies(RoomNo, Date, ResID) VALUES (105, '2020-04-22', 1063);
INSERT INTO Occupancies(RoomNo, Date, ResID) VALUES (105, '2020-04-23', 1063);
#1064
INSERT INTO Customers(Fname, Lname, Phone, Email) VALUES ("Chad", "Hettinger", '908-855-3004', "Chad_Hettinger@gmail.com");
INSERT INTO Reservations(ID, StartDate, EndDate, NumGuests, CustomerID, Source, BookedAt) VALUES(1064, '2021-11-27', '2021-12-02', 2, 1064, 'OTA', '2020-12-28 02:48:10');
INSERT INTO Occupancies(RoomNo, Date, ResID) VALUES (505, '2021-11-27', 1064);
INSERT INTO Occupancies(RoomNo, Date, ResID) VALUES (505, '2021-11-28', 1064);
INSERT INTO Occupancies(RoomNo, Date, ResID) VALUES (505, '2021-11-29', 1064);
INSERT INTO Occupancies(RoomNo, Date, ResID) VALUES (505, '2021-11-30', 1064);
INSERT INTO Occupancies(RoomNo, Date, ResID) VALUES (505, '2021-12-01', 1064);
#1065
INSERT INTO Customers(Fname, Lname, Phone, Email) VALUES ("Lolita", "Kirlin", '388-331-4321', "Lolita_Kirlin@gmail.com");
INSERT INTO Reservations(ID, StartDate, EndDate, NumGuests, CustomerID, Source, BookedAt) VALUES(1065, '2020-03-22', '2020-03-27', 2, 1065, 'direct', '2020-12-28 02:48:10');
INSERT INTO Occupancies(RoomNo, Date, ResID) VALUES (405, '2020-03-22', 1065);
INSERT INTO Occupancies(RoomNo, Date, ResID) VALUES (405, '2020-03-23', 1065);
INSERT INTO Occupancies(RoomNo, Date, ResID) VALUES (405, '2020-03-24', 1065);
INSERT INTO Occupancies(RoomNo, Date, ResID) VALUES (405, '2020-03-25', 1065);
INSERT INTO Occupancies(RoomNo, Date, ResID) VALUES (405, '2020-03-26', 1065);
#1066
INSERT INTO Customers(Fname, Lname, Phone, Email) VALUES ("Dillan", "Marvin", '267-705-5762', "Dillan_Marvin@gmail.com");
INSERT INTO Reservations(ID, StartDate, EndDate, NumGuests, CustomerID, Source, BookedAt) VALUES(1066, '2020-09-23', '2020-09-26', 5, 1066, 'corporate', '2020-12-28 02:48:10');
INSERT INTO Occupancies(RoomNo, Date, ResID) VALUES (303, '2020-09-23', 1066);
INSERT INTO Occupancies(RoomNo, Date, ResID) VALUES (303, '2020-09-24', 1066);
INSERT INTO Occupancies(RoomNo, Date, ResID) VALUES (303, '2020-09-25', 1066);
#1067
INSERT INTO Customers(Fname, Lname, Phone, Email) VALUES ("Jessy", "Bechtelar", '766-236-8234', "Jessy_Bechtelar@gmail.com");
INSERT INTO Reservations(ID, StartDate, EndDate, NumGuests, CustomerID, Source, BookedAt) VALUES(1067, '2020-06-05', '2020-06-06', 2, 1067, 'OTA', '2020-12-28 02:48:10');
INSERT INTO Occupancies(RoomNo, Date, ResID) VALUES (302, '2020-06-05', 1067);
#1068
INSERT INTO Customers(Fname, Lname, Phone, Email) VALUES ("Gilberto", "Smith", '257-506-7896', "Gilberto_Smith@gmail.com");
INSERT INTO Reservations(ID, StartDate, EndDate, NumGuests, CustomerID, Source, BookedAt) VALUES(1068, '2020-03-24', '2020-03-25', 1, 1068, 'corporate', '2020-12-28 02:48:10');
INSERT INTO Occupancies(RoomNo, Date, ResID) VALUES (103, '2020-03-24', 1068);
#1069
INSERT INTO Customers(Fname, Lname, Phone, Email) VALUES ("Carolyn", "Krajcik", '827-982-6934', "Carolyn_Krajcik@gmail.com");
INSERT INTO Reservations(ID, StartDate, EndDate, NumGuests, CustomerID, Source, BookedAt) VALUES(1069, '2020-04-01', '2020-04-02', 5, 1069, 'OTA', '2020-12-28 02:48:10');
INSERT INTO Occupancies(RoomNo, Date, ResID) VALUES (201, '2020-04-01', 1069);
#1070
INSERT INTO Customers(Fname, Lname, Phone, Email) VALUES ("Darlene", "Streich", '269-563-6696', "Darlene_Streich@gmail.com");
INSERT INTO Reservations(ID, StartDate, EndDate, NumGuests, CustomerID, Source, BookedAt) VALUES(1070, '2020-01-05', '2020-01-10', 4, 1070, 'OTA', '2020-12-28 02:48:10');
INSERT INTO Occupancies(RoomNo, Date, ResID) VALUES (405, '2020-01-05', 1070);
INSERT INTO Occupancies(RoomNo, Date, ResID) VALUES (405, '2020-01-06', 1070);
INSERT INTO Occupancies(RoomNo, Date, ResID) VALUES (405, '2020-01-07', 1070);
INSERT INTO Occupancies(RoomNo, Date, ResID) VALUES (405, '2020-01-08', 1070);
INSERT INTO Occupancies(RoomNo, Date, ResID) VALUES (405, '2020-01-09', 1070);
#1071
INSERT INTO Customers(Fname, Lname, Phone, Email) VALUES ("Eulah", "Pfannerstill", '472-582-0967', "Eulah_Pfannerstill@gmail.com");
INSERT INTO Reservations(ID, StartDate, EndDate, NumGuests, CustomerID, Source, BookedAt) VALUES(1071, '2020-12-29', '2020-12-31', 2, 1071, 'OTA', '2020-12-28 02:48:10');
INSERT INTO Occupancies(RoomNo, Date, ResID) VALUES (101, '2020-12-29', 1071);
INSERT INTO Occupancies(RoomNo, Date, ResID) VALUES (101, '2020-12-30', 1071);
#1072
INSERT INTO Customers(Fname, Lname, Phone, Email) VALUES ("Luella", "Marks", '779-299-7991', "Luella_Marks@gmail.com");
INSERT INTO Reservations(ID, StartDate, EndDate, NumGuests, CustomerID, Source, BookedAt) VALUES(1072, '2020-06-24', '2020-06-25', 4, 1072, 'direct', '2020-12-28 02:48:10');
INSERT INTO Occupancies(RoomNo, Date, ResID) VALUES (402, '2020-06-24', 1072);
#1073
INSERT INTO Customers(Fname, Lname, Phone, Email) VALUES ("Noah", "Stanton", '806-412-8203', "Noah_Stanton@gmail.com");
INSERT INTO Reservations(ID, StartDate, EndDate, NumGuests, CustomerID, Source, BookedAt) VALUES(1073, '2020-11-23', '2020-11-28', 5, 1073, 'corporate', '2020-12-28 02:48:10');
INSERT INTO Occupancies(RoomNo, Date, ResID) VALUES (501, '2020-11-23', 1073);
INSERT INTO Occupancies(RoomNo, Date, ResID) VALUES (501, '2020-11-24', 1073);
INSERT INTO Occupancies(RoomNo, Date, ResID) VALUES (501, '2020-11-25', 1073);
INSERT INTO Occupancies(RoomNo, Date, ResID) VALUES (501, '2020-11-26', 1073);
INSERT INTO Occupancies(RoomNo, Date, ResID) VALUES (501, '2020-11-27', 1073);
#1074
INSERT INTO Customers(Fname, Lname, Phone, Email) VALUES ("Aidan", "Kemmer", '808-368-3608', "Aidan_Kemmer@gmail.com");
INSERT INTO Reservations(ID, StartDate, EndDate, NumGuests, CustomerID, Source, BookedAt) VALUES(1074, '2020-09-13', '2020-09-16', 4, 1074, 'OTA', '2020-12-28 02:48:10');
INSERT INTO Occupancies(RoomNo, Date, ResID) VALUES (204, '2020-09-13', 1074);
INSERT INTO Occupancies(RoomNo, Date, ResID) VALUES (204, '2020-09-14', 1074);
INSERT INTO Occupancies(RoomNo, Date, ResID) VALUES (204, '2020-09-15', 1074);
#1075
INSERT INTO Customers(Fname, Lname, Phone, Email) VALUES ("Annamae", "Jakubowski", '826-967-9320', "Annamae_Jakubowski@gmail.com");
INSERT INTO Reservations(ID, StartDate, EndDate, NumGuests, CustomerID, Source, BookedAt) VALUES(1075, '2020-04-17', '2020-04-19', 5, 1075, 'OTA', '2020-12-28 02:48:10');
INSERT INTO Occupancies(RoomNo, Date, ResID) VALUES (302, '2020-04-17', 1075);
INSERT INTO Occupancies(RoomNo, Date, ResID) VALUES (302, '2020-04-18', 1075);
#1076
INSERT INTO Customers(Fname, Lname, Phone, Email) VALUES ("Jerald", "Fritsch", '326-284-0814', "Jerald_Fritsch@gmail.com");
INSERT INTO Reservations(ID, StartDate, EndDate, NumGuests, CustomerID, Source, BookedAt) VALUES(1076, '2020-12-09', '2020-12-10', 2, 1076, 'OTA', '2020-12-28 02:48:10');
INSERT INTO Occupancies(RoomNo, Date, ResID) VALUES (205, '2020-12-09', 1076);
#1077
INSERT INTO Customers(Fname, Lname, Phone, Email) VALUES ("Meda", "Reinger", '957-646-3638', "Meda_Reinger@gmail.com");
INSERT INTO Reservations(ID, StartDate, EndDate, NumGuests, CustomerID, Source, BookedAt) VALUES(1077, '2020-05-02', '2020-05-04', 2, 1077, 'OTA', '2020-12-28 02:48:10');
INSERT INTO Occupancies(RoomNo, Date, ResID) VALUES (405, '2020-05-02', 1077);
INSERT INTO Occupancies(RoomNo, Date, ResID) VALUES (405, '2020-05-03', 1077);
#1078
INSERT INTO Customers(Fname, Lname, Phone, Email) VALUES ("Alexa", "Kilback", '603-664-7044', "Alexa_Kilback@gmail.com");
INSERT INTO Reservations(ID, StartDate, EndDate, NumGuests, CustomerID, Source, BookedAt) VALUES(1078, '2020-07-12', '2020-07-16', 1, 1078, 'OTA', '2020-12-28 02:48:10');
INSERT INTO Occupancies(RoomNo, Date, ResID) VALUES (403, '2020-07-12', 1078);
INSERT INTO Occupancies(RoomNo, Date, ResID) VALUES (403, '2020-07-13', 1078);
INSERT INTO Occupancies(RoomNo, Date, ResID) VALUES (403, '2020-07-14', 1078);
INSERT INTO Occupancies(RoomNo, Date, ResID) VALUES (403, '2020-07-15', 1078);
#1079
INSERT INTO Customers(Fname, Lname, Phone, Email) VALUES ("Quinten", "Kertzmann", '280-381-1400', "Quinten_Kertzmann@gmail.com");
INSERT INTO Reservations(ID, StartDate, EndDate, NumGuests, CustomerID, Source, BookedAt) VALUES(1079, '2020-09-12', '2020-09-15', 3, 1079, 'OTA', '2020-12-28 02:48:10');
INSERT INTO Occupancies(RoomNo, Date, ResID) VALUES (101, '2020-09-12', 1079);
INSERT INTO Occupancies(RoomNo, Date, ResID) VALUES (101, '2020-09-13', 1079);
INSERT INTO Occupancies(RoomNo, Date, ResID) VALUES (101, '2020-09-14', 1079);
#1080
INSERT INTO Customers(Fname, Lname, Phone, Email) VALUES ("Mossie", "Kertzmann", '951-729-7779', "Mossie_Kertzmann@gmail.com");
INSERT INTO Reservations(ID, StartDate, EndDate, NumGuests, CustomerID, Source, BookedAt) VALUES(1080, '2020-02-16', '2020-02-21', 2, 1080, 'direct', '2020-12-28 02:48:10');
INSERT INTO Occupancies(RoomNo, Date, ResID) VALUES (201, '2020-02-16', 1080);
INSERT INTO Occupancies(RoomNo, Date, ResID) VALUES (201, '2020-02-17', 1080);
INSERT INTO Occupancies(RoomNo, Date, ResID) VALUES (201, '2020-02-18', 1080);
INSERT INTO Occupancies(RoomNo, Date, ResID) VALUES (201, '2020-02-19', 1080);
INSERT INTO Occupancies(RoomNo, Date, ResID) VALUES (201, '2020-02-20', 1080);
#1081
INSERT INTO Customers(Fname, Lname, Phone, Email) VALUES ("Titus", "Runte", '424-698-8349', "Titus_Runte@gmail.com");
INSERT INTO Reservations(ID, StartDate, EndDate, NumGuests, CustomerID, Source, BookedAt) VALUES(1081, '2020-10-19', '2020-10-20', 4, 1081, 'corporate', '2020-12-28 02:48:10');
INSERT INTO Occupancies(RoomNo, Date, ResID) VALUES (103, '2020-10-19', 1081);
#1082
INSERT INTO Customers(Fname, Lname, Phone, Email) VALUES ("Antonina", "Sipes", '390-740-4013', "Antonina_Sipes@gmail.com");
INSERT INTO Reservations(ID, StartDate, EndDate, NumGuests, CustomerID, Source, BookedAt) VALUES(1082, '2020-02-15', '2020-02-16', 5, 1082, 'OTA', '2020-12-28 02:48:10');
INSERT INTO Occupancies(RoomNo, Date, ResID) VALUES (406, '2020-02-15', 1082);
#1083
INSERT INTO Customers(Fname, Lname, Phone, Email) VALUES ("Fatima", "Cummings", '817-605-3939', "Fatima_Cummings@gmail.com");
INSERT INTO Reservations(ID, StartDate, EndDate, NumGuests, CustomerID, Source, BookedAt) VALUES(1083, '2020-11-02', '2020-11-07', 1, 1083, 'OTA', '2020-12-28 02:48:10');
INSERT INTO Occupancies(RoomNo, Date, ResID) VALUES (405, '2020-11-02', 1083);
INSERT INTO Occupancies(RoomNo, Date, ResID) VALUES (405, '2020-11-03', 1083);
INSERT INTO Occupancies(RoomNo, Date, ResID) VALUES (405, '2020-11-04', 1083);
INSERT INTO Occupancies(RoomNo, Date, ResID) VALUES (405, '2020-11-05', 1083);
INSERT INTO Occupancies(RoomNo, Date, ResID) VALUES (405, '2020-11-06', 1083);
#1084
INSERT INTO Customers(Fname, Lname, Phone, Email) VALUES ("Rylan", "Sauer", '849-807-9192', "Rylan_Sauer@gmail.com");
INSERT INTO Reservations(ID, StartDate, EndDate, NumGuests, CustomerID, Source, BookedAt) VALUES(1084, '2020-09-01', '2020-09-02', 1, 1084, 'corporate', '2020-12-28 02:48:10');
INSERT INTO Occupancies(RoomNo, Date, ResID) VALUES (205, '2020-09-01', 1084);
#1085
INSERT INTO Customers(Fname, Lname, Phone, Email) VALUES ("Thelma", "Schneider", '598-682-8199', "Thelma_Schneider@gmail.com");
INSERT INTO Reservations(ID, StartDate, EndDate, NumGuests, CustomerID, Source, BookedAt) VALUES(1085, '2020-01-16', '2020-01-19', 1, 1085, 'direct', '2020-12-28 02:48:10');
INSERT INTO Occupancies(RoomNo, Date, ResID) VALUES (405, '2020-01-16', 1085);
INSERT INTO Occupancies(RoomNo, Date, ResID) VALUES (405, '2020-01-17', 1085);
INSERT INTO Occupancies(RoomNo, Date, ResID) VALUES (405, '2020-01-18', 1085);
#1086
INSERT INTO Customers(Fname, Lname, Phone, Email) VALUES ("Tyrique", "Little", '990-768-6737', "Tyrique_Little@gmail.com");
INSERT INTO Reservations(ID, StartDate, EndDate, NumGuests, CustomerID, Source, BookedAt) VALUES(1086, '2020-02-03', '2020-02-04', 1, 1086, 'OTA', '2020-12-28 02:48:10');
INSERT INTO Occupancies(RoomNo, Date, ResID) VALUES (306, '2020-02-03', 1086);
#1087
INSERT INTO Customers(Fname, Lname, Phone, Email) VALUES ("Lea", "Upton", '486-800-6862', "Lea_Upton@gmail.com");
INSERT INTO Reservations(ID, StartDate, EndDate, NumGuests, CustomerID, Source, BookedAt) VALUES(1087, '2021-06-14', '2021-06-15', 5, 1087, 'OTA', '2020-12-28 02:48:10');
INSERT INTO Occupancies(RoomNo, Date, ResID) VALUES (504, '2021-06-14', 1087);
#1088
INSERT INTO Customers(Fname, Lname, Phone, Email) VALUES ("Jeremy", "Ledner", '323-812-5183', "Jeremy_Ledner@gmail.com");
INSERT INTO Reservations(ID, StartDate, EndDate, NumGuests, CustomerID, Source, BookedAt) VALUES(1088, '2020-10-25', '2020-10-27', 5, 1088, 'OTA', '2020-12-28 02:48:10');
INSERT INTO Occupancies(RoomNo, Date, ResID) VALUES (304, '2020-10-25', 1088);
INSERT INTO Occupancies(RoomNo, Date, ResID) VALUES (304, '2020-10-26', 1088);
#1089
INSERT INTO Customers(Fname, Lname, Phone, Email) VALUES ("Shirley", "Orn", '440-258-5805', "Shirley_Orn@gmail.com");
INSERT INTO Reservations(ID, StartDate, EndDate, NumGuests, CustomerID, Source, BookedAt) VALUES(1089, '2020-08-26', '2020-08-31', 1, 1089, 'agency', '2020-12-28 02:48:10');
INSERT INTO Occupancies(RoomNo, Date, ResID) VALUES (401, '2020-08-26', 1089);
INSERT INTO Occupancies(RoomNo, Date, ResID) VALUES (401, '2020-08-27', 1089);
INSERT INTO Occupancies(RoomNo, Date, ResID) VALUES (401, '2020-08-28', 1089);
INSERT INTO Occupancies(RoomNo, Date, ResID) VALUES (401, '2020-08-29', 1089);
INSERT INTO Occupancies(RoomNo, Date, ResID) VALUES (401, '2020-08-30', 1089);
#1090
INSERT INTO Customers(Fname, Lname, Phone, Email) VALUES ("Franz", "Lockman", '864-924-5768', "Franz_Lockman@gmail.com");
INSERT INTO Reservations(ID, StartDate, EndDate, NumGuests, CustomerID, Source, BookedAt) VALUES(1090, '2020-03-06', '2020-03-07', 1, 1090, 'direct', '2020-12-28 02:48:10');
INSERT INTO Occupancies(RoomNo, Date, ResID) VALUES (203, '2020-03-06', 1090);
#1091
INSERT INTO Customers(Fname, Lname, Phone, Email) VALUES ("Amira", "Hane", '660-402-9628', "Amira_Hane@gmail.com");
INSERT INTO Reservations(ID, StartDate, EndDate, NumGuests, CustomerID, Source, BookedAt) VALUES(1091, '2020-09-24', '2020-09-28', 4, 1091, 'agency', '2020-12-28 02:48:10');
INSERT INTO Occupancies(RoomNo, Date, ResID) VALUES (102, '2020-09-24', 1091);
INSERT INTO Occupancies(RoomNo, Date, ResID) VALUES (102, '2020-09-25', 1091);
INSERT INTO Occupancies(RoomNo, Date, ResID) VALUES (102, '2020-09-26', 1091);
INSERT INTO Occupancies(RoomNo, Date, ResID) VALUES (102, '2020-09-27', 1091);
#1092
INSERT INTO Customers(Fname, Lname, Phone, Email) VALUES ("Gay", "Hackett", '404-716-8070', "Gay_Hackett@gmail.com");
INSERT INTO Reservations(ID, StartDate, EndDate, NumGuests, CustomerID, Source, BookedAt) VALUES(1092, '2020-12-21', '2020-12-24', 4, 1092, 'corporate', '2020-12-28 02:48:10');
INSERT INTO Occupancies(RoomNo, Date, ResID) VALUES (406, '2020-12-21', 1092);
INSERT INTO Occupancies(RoomNo, Date, ResID) VALUES (406, '2020-12-22', 1092);
INSERT INTO Occupancies(RoomNo, Date, ResID) VALUES (406, '2020-12-23', 1092);
#1093
INSERT INTO Customers(Fname, Lname, Phone, Email) VALUES ("Daron", "Friesen", '793-942-6866', "Daron_Friesen@gmail.com");
INSERT INTO Reservations(ID, StartDate, EndDate, NumGuests, CustomerID, Source, BookedAt) VALUES(1093, '2020-10-29', '2020-10-31', 1, 1093, 'agency', '2020-12-28 02:48:10');
INSERT INTO Occupancies(RoomNo, Date, ResID) VALUES (302, '2020-10-29', 1093);
INSERT INTO Occupancies(RoomNo, Date, ResID) VALUES (302, '2020-10-30', 1093);
#1094
INSERT INTO Customers(Fname, Lname, Phone, Email) VALUES ("Gavin", "Lesch", '708-611-5316', "Gavin_Lesch@gmail.com");
INSERT INTO Reservations(ID, StartDate, EndDate, NumGuests, CustomerID, Source, BookedAt) VALUES(1094, '2020-08-26', '2020-08-29', 1, 1094, 'OTA', '2020-12-28 02:48:10');
INSERT INTO Occupancies(RoomNo, Date, ResID) VALUES (503, '2020-08-26', 1094);
INSERT INTO Occupancies(RoomNo, Date, ResID) VALUES (503, '2020-08-27', 1094);
INSERT INTO Occupancies(RoomNo, Date, ResID) VALUES (503, '2020-08-28', 1094);
#1095
INSERT INTO Customers(Fname, Lname, Phone, Email) VALUES ("Clifton", "Dach", '908-351-0501', "Clifton_Dach@gmail.com");
INSERT INTO Reservations(ID, StartDate, EndDate, NumGuests, CustomerID, Source, BookedAt) VALUES(1095, '2020-06-17', '2020-06-21', 3, 1095, 'corporate', '2020-12-28 02:48:10');
INSERT INTO Occupancies(RoomNo, Date, ResID) VALUES (401, '2020-06-17', 1095);
INSERT INTO Occupancies(RoomNo, Date, ResID) VALUES (401, '2020-06-18', 1095);
INSERT INTO Occupancies(RoomNo, Date, ResID) VALUES (401, '2020-06-19', 1095);
INSERT INTO Occupancies(RoomNo, Date, ResID) VALUES (401, '2020-06-20', 1095);
#1096
INSERT INTO Customers(Fname, Lname, Phone, Email) VALUES ("Edwina", "Ryan", '978-317-9039', "Edwina_Ryan@gmail.com");
INSERT INTO Reservations(ID, StartDate, EndDate, NumGuests, CustomerID, Source, BookedAt) VALUES(1096, '2020-05-12', '2020-05-17', 2, 1096, 'corporate', '2020-12-28 02:48:10');
INSERT INTO Occupancies(RoomNo, Date, ResID) VALUES (303, '2020-05-12', 1096);
INSERT INTO Occupancies(RoomNo, Date, ResID) VALUES (303, '2020-05-13', 1096);
INSERT INTO Occupancies(RoomNo, Date, ResID) VALUES (303, '2020-05-14', 1096);
INSERT INTO Occupancies(RoomNo, Date, ResID) VALUES (303, '2020-05-15', 1096);
INSERT INTO Occupancies(RoomNo, Date, ResID) VALUES (303, '2020-05-16', 1096);
#1097
INSERT INTO Customers(Fname, Lname, Phone, Email) VALUES ("Gavin", "Larkin", '899-580-8859', "Gavin_Larkin@gmail.com");
INSERT INTO Reservations(ID, StartDate, EndDate, NumGuests, CustomerID, Source, BookedAt) VALUES(1097, '2020-11-21', '2020-11-24', 4, 1097, 'OTA', '2020-12-28 02:48:10');
INSERT INTO Occupancies(RoomNo, Date, ResID) VALUES (401, '2020-11-21', 1097);
INSERT INTO Occupancies(RoomNo, Date, ResID) VALUES (401, '2020-11-22', 1097);
INSERT INTO Occupancies(RoomNo, Date, ResID) VALUES (401, '2020-11-23', 1097);
#1098
INSERT INTO Customers(Fname, Lname, Phone, Email) VALUES ("Camilla", "McCullough", '299-663-1996', "Camilla_McCullough@gmail.com");
INSERT INTO Reservations(ID, StartDate, EndDate, NumGuests, CustomerID, Source, BookedAt) VALUES(1098, '2020-12-16', '2020-12-17', 5, 1098, 'direct', '2020-12-28 02:48:10');
INSERT INTO Occupancies(RoomNo, Date, ResID) VALUES (504, '2020-12-16', 1098);
#1099
INSERT INTO Customers(Fname, Lname, Phone, Email) VALUES ("Fernando", "Hartmann", '481-925-4387', "Fernando_Hartmann@gmail.com");
INSERT INTO Reservations(ID, StartDate, EndDate, NumGuests, CustomerID, Source, BookedAt) VALUES(1099, '2020-08-16', '2020-08-17', 5, 1099, 'corporate', '2020-12-28 02:48:10');
INSERT INTO Occupancies(RoomNo, Date, ResID) VALUES (303, '2020-08-16', 1099);
#1100
INSERT INTO Customers(Fname, Lname, Phone, Email) VALUES ("Chadd", "Roob", '533-417-4167', "Chadd_Roob@gmail.com");
INSERT INTO Reservations(ID, StartDate, EndDate, NumGuests, CustomerID, Source, BookedAt) VALUES(1100, '2020-02-22', '2020-02-25', 5, 1100, 'OTA', '2020-12-28 02:48:10');
INSERT INTO Occupancies(RoomNo, Date, ResID) VALUES (303, '2020-02-22', 1100);
INSERT INTO Occupancies(RoomNo, Date, ResID) VALUES (303, '2020-02-23', 1100);
INSERT INTO Occupancies(RoomNo, Date, ResID) VALUES (303, '2020-02-24', 1100);
#1101
INSERT INTO Customers(Fname, Lname, Phone, Email) VALUES ("Lawrence", "Cartwright", '944-921-2197', "Lawrence_Cartwright@gmail.com");
INSERT INTO Reservations(ID, StartDate, EndDate, NumGuests, CustomerID, Source, BookedAt) VALUES(1101, '2020-04-18', '2020-04-23', 3, 1101, 'direct', '2020-12-28 02:48:10');
INSERT INTO Occupancies(RoomNo, Date, ResID) VALUES (304, '2020-04-18', 1101);
INSERT INTO Occupancies(RoomNo, Date, ResID) VALUES (304, '2020-04-19', 1101);
INSERT INTO Occupancies(RoomNo, Date, ResID) VALUES (304, '2020-04-20', 1101);
INSERT INTO Occupancies(RoomNo, Date, ResID) VALUES (304, '2020-04-21', 1101);
INSERT INTO Occupancies(RoomNo, Date, ResID) VALUES (304, '2020-04-22', 1101);
#1102
INSERT INTO Customers(Fname, Lname, Phone, Email) VALUES ("Delphine", "Thiel", '509-776-1601', "Delphine_Thiel@gmail.com");
INSERT INTO Reservations(ID, StartDate, EndDate, NumGuests, CustomerID, Source, BookedAt) VALUES(1102, '2021-06-15', '2021-06-19', 1, 1102, 'OTA', '2020-12-28 02:48:10');
INSERT INTO Occupancies(RoomNo, Date, ResID) VALUES (204, '2021-06-15', 1102);
INSERT INTO Occupancies(RoomNo, Date, ResID) VALUES (204, '2021-06-16', 1102);
INSERT INTO Occupancies(RoomNo, Date, ResID) VALUES (204, '2021-06-17', 1102);
INSERT INTO Occupancies(RoomNo, Date, ResID) VALUES (204, '2021-06-18', 1102);
#1103
INSERT INTO Customers(Fname, Lname, Phone, Email) VALUES ("Grant", "Braun", '451-796-7302', "Grant_Braun@gmail.com");
INSERT INTO Reservations(ID, StartDate, EndDate, NumGuests, CustomerID, Source, BookedAt) VALUES(1103, '2020-12-15', '2020-12-17', 1, 1103, 'direct', '2020-12-28 02:48:10');
INSERT INTO Occupancies(RoomNo, Date, ResID) VALUES (204, '2020-12-15', 1103);
INSERT INTO Occupancies(RoomNo, Date, ResID) VALUES (204, '2020-12-16', 1103);
#1104
INSERT INTO Customers(Fname, Lname, Phone, Email) VALUES ("Isaias", "Medhurst", '662-714-7883', "Isaias_Medhurst@gmail.com");
INSERT INTO Reservations(ID, StartDate, EndDate, NumGuests, CustomerID, Source, BookedAt) VALUES(1104, '2020-04-13', '2020-04-17', 1, 1104, 'OTA', '2020-12-28 02:48:10');
INSERT INTO Occupancies(RoomNo, Date, ResID) VALUES (404, '2020-04-13', 1104);
INSERT INTO Occupancies(RoomNo, Date, ResID) VALUES (404, '2020-04-14', 1104);
INSERT INTO Occupancies(RoomNo, Date, ResID) VALUES (404, '2020-04-15', 1104);
INSERT INTO Occupancies(RoomNo, Date, ResID) VALUES (404, '2020-04-16', 1104);
#1105
INSERT INTO Customers(Fname, Lname, Phone, Email) VALUES ("Guy", "Wolff", '693-991-6512', "Guy_Wolff@gmail.com");
INSERT INTO Reservations(ID, StartDate, EndDate, NumGuests, CustomerID, Source, BookedAt) VALUES(1105, '2020-07-02', '2020-07-03', 2, 1105, 'direct', '2020-12-28 02:48:10');
INSERT INTO Occupancies(RoomNo, Date, ResID) VALUES (303, '2020-07-02', 1105);
#1106
INSERT INTO Customers(Fname, Lname, Phone, Email) VALUES ("Ramon", "Harber", '235-258-4396', "Ramon_Harber@gmail.com");
INSERT INTO Reservations(ID, StartDate, EndDate, NumGuests, CustomerID, Source, BookedAt) VALUES(1106, '2020-03-27', '2020-04-01', 5, 1106, 'corporate', '2020-12-28 02:48:10');
INSERT INTO Occupancies(RoomNo, Date, ResID) VALUES (101, '2020-03-27', 1106);
INSERT INTO Occupancies(RoomNo, Date, ResID) VALUES (101, '2020-03-28', 1106);
INSERT INTO Occupancies(RoomNo, Date, ResID) VALUES (101, '2020-03-29', 1106);
INSERT INTO Occupancies(RoomNo, Date, ResID) VALUES (101, '2020-03-30', 1106);
INSERT INTO Occupancies(RoomNo, Date, ResID) VALUES (101, '2020-03-31', 1106);
#1107
INSERT INTO Customers(Fname, Lname, Phone, Email) VALUES ("Roscoe", "Runte", '791-968-8256', "Roscoe_Runte@gmail.com");
INSERT INTO Reservations(ID, StartDate, EndDate, NumGuests, CustomerID, Source, BookedAt) VALUES(1107, '2020-05-28', '2020-05-30', 4, 1107, 'agency', '2020-12-28 02:48:10');
INSERT INTO Occupancies(RoomNo, Date, ResID) VALUES (406, '2020-05-28', 1107);
INSERT INTO Occupancies(RoomNo, Date, ResID) VALUES (406, '2020-05-29', 1107);
#1108
INSERT INTO Customers(Fname, Lname, Phone, Email) VALUES ("Esmeralda", "Schaefer", '527-479-5354', "Esmeralda_Schaefer@gmail.com");
INSERT INTO Reservations(ID, StartDate, EndDate, NumGuests, CustomerID, Source, BookedAt) VALUES(1108, '2020-11-23', '2020-11-25', 3, 1108, 'direct', '2020-12-28 02:48:10');
INSERT INTO Occupancies(RoomNo, Date, ResID) VALUES (505, '2020-11-23', 1108);
INSERT INTO Occupancies(RoomNo, Date, ResID) VALUES (505, '2020-11-24', 1108);
#1109
INSERT INTO Customers(Fname, Lname, Phone, Email) VALUES ("Barrett", "Rippin", '604-468-1152', "Barrett_Rippin@gmail.com");
INSERT INTO Reservations(ID, StartDate, EndDate, NumGuests, CustomerID, Source, BookedAt) VALUES(1109, '2020-05-31', '2020-06-04', 2, 1109, 'OTA', '2020-12-28 02:48:10');
INSERT INTO Occupancies(RoomNo, Date, ResID) VALUES (206, '2020-05-31', 1109);
INSERT INTO Occupancies(RoomNo, Date, ResID) VALUES (206, '2020-06-01', 1109);
INSERT INTO Occupancies(RoomNo, Date, ResID) VALUES (206, '2020-06-02', 1109);
INSERT INTO Occupancies(RoomNo, Date, ResID) VALUES (206, '2020-06-03', 1109);
#1110
INSERT INTO Customers(Fname, Lname, Phone, Email) VALUES ("Austen", "Conroy", '927-482-7129', "Austen_Conroy@gmail.com");
INSERT INTO Reservations(ID, StartDate, EndDate, NumGuests, CustomerID, Source, BookedAt) VALUES(1110, '2020-11-01', '2020-11-02', 1, 1110, 'direct', '2020-12-28 02:48:10');
INSERT INTO Occupancies(RoomNo, Date, ResID) VALUES (102, '2020-11-01', 1110);
#1111
INSERT INTO Customers(Fname, Lname, Phone, Email) VALUES ("Walker", "Prohaska", '742-932-8376', "Walker_Prohaska@gmail.com");
INSERT INTO Reservations(ID, StartDate, EndDate, NumGuests, CustomerID, Source, BookedAt) VALUES(1111, '2019-12-30', '2019-12-31', 2, 1111, 'OTA', '2020-12-28 02:48:10');
INSERT INTO Occupancies(RoomNo, Date, ResID) VALUES (103, '2019-12-30', 1111);
#1112
INSERT INTO Customers(Fname, Lname, Phone, Email) VALUES ("Faustino", "Roob", '806-745-6257', "Faustino_Roob@gmail.com");
INSERT INTO Reservations(ID, StartDate, EndDate, NumGuests, CustomerID, Source, BookedAt) VALUES(1112, '2020-12-03', '2020-12-05', 3, 1112, 'direct', '2020-12-28 02:48:10');
INSERT INTO Occupancies(RoomNo, Date, ResID) VALUES (101, '2020-12-03', 1112);
INSERT INTO Occupancies(RoomNo, Date, ResID) VALUES (101, '2020-12-04', 1112);
#1113
INSERT INTO Customers(Fname, Lname, Phone, Email) VALUES ("Wilfred", "Bode", '849-808-9164', "Wilfred_Bode@gmail.com");
INSERT INTO Reservations(ID, StartDate, EndDate, NumGuests, CustomerID, Source, BookedAt) VALUES(1113, '2020-10-11', '2020-10-16', 2, 1113, 'direct', '2020-12-28 02:48:10');
INSERT INTO Occupancies(RoomNo, Date, ResID) VALUES (203, '2020-10-11', 1113);
INSERT INTO Occupancies(RoomNo, Date, ResID) VALUES (203, '2020-10-12', 1113);
INSERT INTO Occupancies(RoomNo, Date, ResID) VALUES (203, '2020-10-13', 1113);
INSERT INTO Occupancies(RoomNo, Date, ResID) VALUES (203, '2020-10-14', 1113);
INSERT INTO Occupancies(RoomNo, Date, ResID) VALUES (203, '2020-10-15', 1113);
#1114
INSERT INTO Customers(Fname, Lname, Phone, Email) VALUES ("Aimee", "Wiza", '315-482-5656', "Aimee_Wiza@gmail.com");
INSERT INTO Reservations(ID, StartDate, EndDate, NumGuests, CustomerID, Source, BookedAt) VALUES(1114, '2021-07-01', '2021-07-03', 5, 1114, 'direct', '2020-12-28 02:48:10');
INSERT INTO Occupancies(RoomNo, Date, ResID) VALUES (405, '2021-07-01', 1114);
INSERT INTO Occupancies(RoomNo, Date, ResID) VALUES (405, '2021-07-02', 1114);
#1115
INSERT INTO Customers(Fname, Lname, Phone, Email) VALUES ("Dario", "Breitenberg", '613-303-4242', "Dario_Breitenberg@gmail.com");
INSERT INTO Reservations(ID, StartDate, EndDate, NumGuests, CustomerID, Source, BookedAt) VALUES(1115, '2020-01-01', '2020-01-04', 4, 1115, 'corporate', '2020-12-28 02:48:10');
INSERT INTO Occupancies(RoomNo, Date, ResID) VALUES (503, '2020-01-01', 1115);
INSERT INTO Occupancies(RoomNo, Date, ResID) VALUES (503, '2020-01-02', 1115);
INSERT INTO Occupancies(RoomNo, Date, ResID) VALUES (503, '2020-01-03', 1115);
#1116
INSERT INTO Customers(Fname, Lname, Phone, Email) VALUES ("Grover", "Hammes", '520-692-7925', "Grover_Hammes@gmail.com");
INSERT INTO Reservations(ID, StartDate, EndDate, NumGuests, CustomerID, Source, BookedAt) VALUES(1116, '2020-09-21', '2020-09-22', 3, 1116, 'OTA', '2020-12-28 02:48:10');
INSERT INTO Occupancies(RoomNo, Date, ResID) VALUES (105, '2020-09-21', 1116);
#1117
INSERT INTO Customers(Fname, Lname, Phone, Email) VALUES ("Bryce", "Hermiston", '949-672-9103', "Bryce_Hermiston@gmail.com");
INSERT INTO Reservations(ID, StartDate, EndDate, NumGuests, CustomerID, Source, BookedAt) VALUES(1117, '2020-04-03', '2020-04-05', 3, 1117, 'corporate', '2020-12-28 02:48:10');
INSERT INTO Occupancies(RoomNo, Date, ResID) VALUES (305, '2020-04-03', 1117);
INSERT INTO Occupancies(RoomNo, Date, ResID) VALUES (305, '2020-04-04', 1117);
#1118
INSERT INTO Customers(Fname, Lname, Phone, Email) VALUES ("Willa", "Kling", '298-230-5470', "Willa_Kling@gmail.com");
INSERT INTO Reservations(ID, StartDate, EndDate, NumGuests, CustomerID, Source, BookedAt) VALUES(1118, '2020-10-24', '2020-10-28', 4, 1118, 'OTA', '2020-12-28 02:48:10');
INSERT INTO Occupancies(RoomNo, Date, ResID) VALUES (202, '2020-10-24', 1118);
INSERT INTO Occupancies(RoomNo, Date, ResID) VALUES (202, '2020-10-25', 1118);
INSERT INTO Occupancies(RoomNo, Date, ResID) VALUES (202, '2020-10-26', 1118);
INSERT INTO Occupancies(RoomNo, Date, ResID) VALUES (202, '2020-10-27', 1118);
#1119
INSERT INTO Customers(Fname, Lname, Phone, Email) VALUES ("Zion", "Dibbert", '825-335-1885', "Zion_Dibbert@gmail.com");
INSERT INTO Reservations(ID, StartDate, EndDate, NumGuests, CustomerID, Source, BookedAt) VALUES(1119, '2021-01-20', '2021-01-22', 4, 1119, 'OTA', '2020-12-28 02:48:10');
INSERT INTO Occupancies(RoomNo, Date, ResID) VALUES (404, '2021-01-20', 1119);
INSERT INTO Occupancies(RoomNo, Date, ResID) VALUES (404, '2021-01-21', 1119);
#1120
INSERT INTO Customers(Fname, Lname, Phone, Email) VALUES ("Nels", "Hermann", '526-353-5536', "Nels_Hermann@gmail.com");
INSERT INTO Reservations(ID, StartDate, EndDate, NumGuests, CustomerID, Source, BookedAt) VALUES(1120, '2020-06-13', '2020-06-14', 1, 1120, 'corporate', '2020-12-28 02:48:10');
INSERT INTO Occupancies(RoomNo, Date, ResID) VALUES (201, '2020-06-13', 1120);
#1121
INSERT INTO Customers(Fname, Lname, Phone, Email) VALUES ("Katarina", "Quigley", '216-963-9574', "Katarina_Quigley@gmail.com");
INSERT INTO Reservations(ID, StartDate, EndDate, NumGuests, CustomerID, Source, BookedAt) VALUES(1121, '2020-02-07', '2020-02-11', 2, 1121, 'direct', '2020-12-28 02:48:10');
INSERT INTO Occupancies(RoomNo, Date, ResID) VALUES (502, '2020-02-07', 1121);
INSERT INTO Occupancies(RoomNo, Date, ResID) VALUES (502, '2020-02-08', 1121);
INSERT INTO Occupancies(RoomNo, Date, ResID) VALUES (502, '2020-02-09', 1121);
INSERT INTO Occupancies(RoomNo, Date, ResID) VALUES (502, '2020-02-10', 1121);
#1122
INSERT INTO Customers(Fname, Lname, Phone, Email) VALUES ("Gretchen", "Kuphal", '328-914-0525', "Gretchen_Kuphal@gmail.com");
INSERT INTO Reservations(ID, StartDate, EndDate, NumGuests, CustomerID, Source, BookedAt) VALUES(1122, '2020-03-27', '2020-03-28', 2, 1122, 'agency', '2020-12-28 02:48:10');
INSERT INTO Occupancies(RoomNo, Date, ResID) VALUES (104, '2020-03-27', 1122);
#1123
INSERT INTO Customers(Fname, Lname, Phone, Email) VALUES ("Waino", "Schneider", '898-749-4652', "Waino_Schneider@gmail.com");
INSERT INTO Reservations(ID, StartDate, EndDate, NumGuests, CustomerID, Source, BookedAt) VALUES(1123, '2020-03-23', '2020-03-28', 1, 1123, 'OTA', '2020-12-28 02:48:10');
INSERT INTO Occupancies(RoomNo, Date, ResID) VALUES (303, '2020-03-23', 1123);
INSERT INTO Occupancies(RoomNo, Date, ResID) VALUES (303, '2020-03-24', 1123);
INSERT INTO Occupancies(RoomNo, Date, ResID) VALUES (303, '2020-03-25', 1123);
INSERT INTO Occupancies(RoomNo, Date, ResID) VALUES (303, '2020-03-26', 1123);
INSERT INTO Occupancies(RoomNo, Date, ResID) VALUES (303, '2020-03-27', 1123);
#1124
INSERT INTO Customers(Fname, Lname, Phone, Email) VALUES ("Devyn", "Nienow", '344-520-2637', "Devyn_Nienow@gmail.com");
INSERT INTO Reservations(ID, StartDate, EndDate, NumGuests, CustomerID, Source, BookedAt) VALUES(1124, '2020-09-15', '2020-09-20', 3, 1124, 'direct', '2020-12-28 02:48:10');
INSERT INTO Occupancies(RoomNo, Date, ResID) VALUES (403, '2020-09-15', 1124);
INSERT INTO Occupancies(RoomNo, Date, ResID) VALUES (403, '2020-09-16', 1124);
INSERT INTO Occupancies(RoomNo, Date, ResID) VALUES (403, '2020-09-17', 1124);
INSERT INTO Occupancies(RoomNo, Date, ResID) VALUES (403, '2020-09-18', 1124);
INSERT INTO Occupancies(RoomNo, Date, ResID) VALUES (403, '2020-09-19', 1124);
#1125
INSERT INTO Customers(Fname, Lname, Phone, Email) VALUES ("Caitlyn", "Harris", '969-945-4287', "Caitlyn_Harris@gmail.com");
INSERT INTO Reservations(ID, StartDate, EndDate, NumGuests, CustomerID, Source, BookedAt) VALUES(1125, '2020-07-09', '2020-07-12', 3, 1125, 'direct', '2020-12-28 02:48:10');
INSERT INTO Occupancies(RoomNo, Date, ResID) VALUES (406, '2020-07-09', 1125);
INSERT INTO Occupancies(RoomNo, Date, ResID) VALUES (406, '2020-07-10', 1125);
INSERT INTO Occupancies(RoomNo, Date, ResID) VALUES (406, '2020-07-11', 1125);
#1126
INSERT INTO Customers(Fname, Lname, Phone, Email) VALUES ("Delaney", "Dach", '841-435-8664', "Delaney_Dach@gmail.com");
INSERT INTO Reservations(ID, StartDate, EndDate, NumGuests, CustomerID, Source, BookedAt) VALUES(1126, '2021-12-27', '2021-12-31', 2, 1126, 'direct', '2020-12-28 02:48:10');
INSERT INTO Occupancies(RoomNo, Date, ResID) VALUES (401, '2021-12-27', 1126);
INSERT INTO Occupancies(RoomNo, Date, ResID) VALUES (401, '2021-12-28', 1126);
INSERT INTO Occupancies(RoomNo, Date, ResID) VALUES (401, '2021-12-29', 1126);
INSERT INTO Occupancies(RoomNo, Date, ResID) VALUES (401, '2021-12-30', 1126);
#1127
INSERT INTO Customers(Fname, Lname, Phone, Email) VALUES ("Quinton", "Stamm", '946-349-3687', "Quinton_Stamm@gmail.com");
INSERT INTO Reservations(ID, StartDate, EndDate, NumGuests, CustomerID, Source, BookedAt) VALUES(1127, '2021-11-20', '2021-11-22', 3, 1127, 'corporate', '2020-12-28 02:48:10');
INSERT INTO Occupancies(RoomNo, Date, ResID) VALUES (501, '2021-11-20', 1127);
INSERT INTO Occupancies(RoomNo, Date, ResID) VALUES (501, '2021-11-21', 1127);
#1128
INSERT INTO Customers(Fname, Lname, Phone, Email) VALUES ("Johann", "Schneider", '555-215-9365', "Johann_Schneider@gmail.com");
INSERT INTO Reservations(ID, StartDate, EndDate, NumGuests, CustomerID, Source, BookedAt) VALUES(1128, '2020-10-31', '2020-11-01', 2, 1128, 'OTA', '2020-12-28 02:48:10');
INSERT INTO Occupancies(RoomNo, Date, ResID) VALUES (204, '2020-10-31', 1128);
#1129
INSERT INTO Customers(Fname, Lname, Phone, Email) VALUES ("Kathlyn", "Hartmann", '311-984-1679', "Kathlyn_Hartmann@gmail.com");
INSERT INTO Reservations(ID, StartDate, EndDate, NumGuests, CustomerID, Source, BookedAt) VALUES(1129, '2020-08-18', '2020-08-20', 5, 1129, 'direct', '2020-12-28 02:48:10');
INSERT INTO Occupancies(RoomNo, Date, ResID) VALUES (203, '2020-08-18', 1129);
INSERT INTO Occupancies(RoomNo, Date, ResID) VALUES (203, '2020-08-19', 1129);
#1130
INSERT INTO Customers(Fname, Lname, Phone, Email) VALUES ("Elise", "Walter", '516-673-6914', "Elise_Walter@gmail.com");
INSERT INTO Reservations(ID, StartDate, EndDate, NumGuests, CustomerID, Source, BookedAt) VALUES(1130, '2020-11-20', '2020-11-25', 3, 1130, 'direct', '2020-12-28 02:48:10');
INSERT INTO Occupancies(RoomNo, Date, ResID) VALUES (201, '2020-11-20', 1130);
INSERT INTO Occupancies(RoomNo, Date, ResID) VALUES (201, '2020-11-21', 1130);
INSERT INTO Occupancies(RoomNo, Date, ResID) VALUES (201, '2020-11-22', 1130);
INSERT INTO Occupancies(RoomNo, Date, ResID) VALUES (201, '2020-11-23', 1130);
INSERT INTO Occupancies(RoomNo, Date, ResID) VALUES (201, '2020-11-24', 1130);
#1131
INSERT INTO Customers(Fname, Lname, Phone, Email) VALUES ("Amara", "Larson", '396-802-8490', "Amara_Larson@gmail.com");
INSERT INTO Reservations(ID, StartDate, EndDate, NumGuests, CustomerID, Source, BookedAt) VALUES(1131, '2020-04-24', '2020-04-26', 2, 1131, 'direct', '2020-12-28 02:48:10');
INSERT INTO Occupancies(RoomNo, Date, ResID) VALUES (304, '2020-04-24', 1131);
INSERT INTO Occupancies(RoomNo, Date, ResID) VALUES (304, '2020-04-25', 1131);
#1132
INSERT INTO Customers(Fname, Lname, Phone, Email) VALUES ("Ethan", "Jacobson", '864-427-2094', "Ethan_Jacobson@gmail.com");
INSERT INTO Reservations(ID, StartDate, EndDate, NumGuests, CustomerID, Source, BookedAt) VALUES(1132, '2020-09-17', '2020-09-22', 3, 1132, 'agency', '2020-12-28 02:48:10');
INSERT INTO Occupancies(RoomNo, Date, ResID) VALUES (201, '2020-09-17', 1132);
INSERT INTO Occupancies(RoomNo, Date, ResID) VALUES (201, '2020-09-18', 1132);
INSERT INTO Occupancies(RoomNo, Date, ResID) VALUES (201, '2020-09-19', 1132);
INSERT INTO Occupancies(RoomNo, Date, ResID) VALUES (201, '2020-09-20', 1132);
INSERT INTO Occupancies(RoomNo, Date, ResID) VALUES (201, '2020-09-21', 1132);
#1133
INSERT INTO Customers(Fname, Lname, Phone, Email) VALUES ("Blair", "Quigley", '969-477-5258', "Blair_Quigley@gmail.com");
INSERT INTO Reservations(ID, StartDate, EndDate, NumGuests, CustomerID, Source, BookedAt) VALUES(1133, '2020-04-27', '2020-04-29', 1, 1133, 'OTA', '2020-12-28 02:48:10');
INSERT INTO Occupancies(RoomNo, Date, ResID) VALUES (505, '2020-04-27', 1133);
INSERT INTO Occupancies(RoomNo, Date, ResID) VALUES (505, '2020-04-28', 1133);
#1134
INSERT INTO Customers(Fname, Lname, Phone, Email) VALUES ("Rasheed", "Bartoletti", '276-755-6262', "Rasheed_Bartoletti@gmail.com");
INSERT INTO Reservations(ID, StartDate, EndDate, NumGuests, CustomerID, Source, BookedAt) VALUES(1134, '2020-12-08', '2020-12-10', 1, 1134, 'OTA', '2020-12-28 02:48:10');
INSERT INTO Occupancies(RoomNo, Date, ResID) VALUES (302, '2020-12-08', 1134);
INSERT INTO Occupancies(RoomNo, Date, ResID) VALUES (302, '2020-12-09', 1134);
#1135
INSERT INTO Customers(Fname, Lname, Phone, Email) VALUES ("Destiney", "Okuneva", '960-577-9378', "Destiney_Okuneva@gmail.com");
INSERT INTO Reservations(ID, StartDate, EndDate, NumGuests, CustomerID, Source, BookedAt) VALUES(1135, '2020-04-17', '2020-04-19', 4, 1135, 'OTA', '2020-12-28 02:48:10');
INSERT INTO Occupancies(RoomNo, Date, ResID) VALUES (405, '2020-04-17', 1135);
INSERT INTO Occupancies(RoomNo, Date, ResID) VALUES (405, '2020-04-18', 1135);
#1136
INSERT INTO Customers(Fname, Lname, Phone, Email) VALUES ("Keanu", "Dare", '815-511-9901', "Keanu_Dare@gmail.com");
INSERT INTO Reservations(ID, StartDate, EndDate, NumGuests, CustomerID, Source, BookedAt) VALUES(1136, '2021-03-04', '2021-03-05', 4, 1136, 'agency', '2020-12-28 02:48:10');
INSERT INTO Occupancies(RoomNo, Date, ResID) VALUES (206, '2021-03-04', 1136);
#1137
INSERT INTO Customers(Fname, Lname, Phone, Email) VALUES ("Avery", "Schneider", '646-301-3691', "Avery_Schneider@gmail.com");
INSERT INTO Reservations(ID, StartDate, EndDate, NumGuests, CustomerID, Source, BookedAt) VALUES(1137, '2020-04-16', '2020-04-18', 3, 1137, 'direct', '2020-12-28 02:48:10');
INSERT INTO Occupancies(RoomNo, Date, ResID) VALUES (402, '2020-04-16', 1137);
INSERT INTO Occupancies(RoomNo, Date, ResID) VALUES (402, '2020-04-17', 1137);
#1138
INSERT INTO Customers(Fname, Lname, Phone, Email) VALUES ("Dexter", "Barrows", '637-436-1383', "Dexter_Barrows@gmail.com");
INSERT INTO Reservations(ID, StartDate, EndDate, NumGuests, CustomerID, Source, BookedAt) VALUES(1138, '2020-01-07', '2020-01-11', 3, 1138, 'OTA', '2020-12-28 02:48:10');
INSERT INTO Occupancies(RoomNo, Date, ResID) VALUES (206, '2020-01-07', 1138);
INSERT INTO Occupancies(RoomNo, Date, ResID) VALUES (206, '2020-01-08', 1138);
INSERT INTO Occupancies(RoomNo, Date, ResID) VALUES (206, '2020-01-09', 1138);
INSERT INTO Occupancies(RoomNo, Date, ResID) VALUES (206, '2020-01-10', 1138);
#1139
INSERT INTO Customers(Fname, Lname, Phone, Email) VALUES ("Kayleigh", "Labadie", '636-451-7819', "Kayleigh_Labadie@gmail.com");
INSERT INTO Reservations(ID, StartDate, EndDate, NumGuests, CustomerID, Source, BookedAt) VALUES(1139, '2020-11-10', '2020-11-14', 4, 1139, 'corporate', '2020-12-28 02:48:10');
INSERT INTO Occupancies(RoomNo, Date, ResID) VALUES (104, '2020-11-10', 1139);
INSERT INTO Occupancies(RoomNo, Date, ResID) VALUES (104, '2020-11-11', 1139);
INSERT INTO Occupancies(RoomNo, Date, ResID) VALUES (104, '2020-11-12', 1139);
INSERT INTO Occupancies(RoomNo, Date, ResID) VALUES (104, '2020-11-13', 1139);
#1140
INSERT INTO Customers(Fname, Lname, Phone, Email) VALUES ("Richie", "Nicolas", '573-706-8729', "Richie_Nicolas@gmail.com");
INSERT INTO Reservations(ID, StartDate, EndDate, NumGuests, CustomerID, Source, BookedAt) VALUES(1140, '2020-03-24', '2020-03-25', 3, 1140, 'OTA', '2020-12-28 02:48:10');
INSERT INTO Occupancies(RoomNo, Date, ResID) VALUES (102, '2020-03-24', 1140);
#1141
INSERT INTO Customers(Fname, Lname, Phone, Email) VALUES ("Rodolfo", "Moen", '589-770-9028', "Rodolfo_Moen@gmail.com");
INSERT INTO Reservations(ID, StartDate, EndDate, NumGuests, CustomerID, Source, BookedAt) VALUES(1141, '2021-04-21', '2021-04-25', 1, 1141, 'OTA', '2020-12-28 02:48:10');
INSERT INTO Occupancies(RoomNo, Date, ResID) VALUES (101, '2021-04-21', 1141);
INSERT INTO Occupancies(RoomNo, Date, ResID) VALUES (101, '2021-04-22', 1141);
INSERT INTO Occupancies(RoomNo, Date, ResID) VALUES (101, '2021-04-23', 1141);
INSERT INTO Occupancies(RoomNo, Date, ResID) VALUES (101, '2021-04-24', 1141);
#1142
INSERT INTO Customers(Fname, Lname, Phone, Email) VALUES ("Tevin", "Haag", '298-760-9907', "Tevin_Haag@gmail.com");
INSERT INTO Reservations(ID, StartDate, EndDate, NumGuests, CustomerID, Source, BookedAt) VALUES(1142, '2020-11-14', '2020-11-18', 2, 1142, 'agency', '2020-12-28 02:48:10');
INSERT INTO Occupancies(RoomNo, Date, ResID) VALUES (405, '2020-11-14', 1142);
INSERT INTO Occupancies(RoomNo, Date, ResID) VALUES (405, '2020-11-15', 1142);
INSERT INTO Occupancies(RoomNo, Date, ResID) VALUES (405, '2020-11-16', 1142);
INSERT INTO Occupancies(RoomNo, Date, ResID) VALUES (405, '2020-11-17', 1142);
#1143
INSERT INTO Customers(Fname, Lname, Phone, Email) VALUES ("Marilou", "Funk", '386-370-0611', "Marilou_Funk@gmail.com");
INSERT INTO Reservations(ID, StartDate, EndDate, NumGuests, CustomerID, Source, BookedAt) VALUES(1143, '2021-06-27', '2021-07-01', 1, 1143, 'OTA', '2020-12-28 02:48:10');
INSERT INTO Occupancies(RoomNo, Date, ResID) VALUES (206, '2021-06-27', 1143);
INSERT INTO Occupancies(RoomNo, Date, ResID) VALUES (206, '2021-06-28', 1143);
INSERT INTO Occupancies(RoomNo, Date, ResID) VALUES (206, '2021-06-29', 1143);
INSERT INTO Occupancies(RoomNo, Date, ResID) VALUES (206, '2021-06-30', 1143);
#1144
INSERT INTO Customers(Fname, Lname, Phone, Email) VALUES ("Arden", "Homenick", '936-245-2289', "Arden_Homenick@gmail.com");
INSERT INTO Reservations(ID, StartDate, EndDate, NumGuests, CustomerID, Source, BookedAt) VALUES(1144, '2020-02-24', '2020-02-25', 5, 1144, 'corporate', '2020-12-28 02:48:10');
INSERT INTO Occupancies(RoomNo, Date, ResID) VALUES (504, '2020-02-24', 1144);
#1145
INSERT INTO Customers(Fname, Lname, Phone, Email) VALUES ("Irma", "Stroman", '817-635-8626', "Irma_Stroman@gmail.com");
INSERT INTO Reservations(ID, StartDate, EndDate, NumGuests, CustomerID, Source, BookedAt) VALUES(1145, '2020-11-19', '2020-11-24', 3, 1145, 'OTA', '2020-12-28 02:48:10');
INSERT INTO Occupancies(RoomNo, Date, ResID) VALUES (105, '2020-11-19', 1145);
INSERT INTO Occupancies(RoomNo, Date, ResID) VALUES (105, '2020-11-20', 1145);
INSERT INTO Occupancies(RoomNo, Date, ResID) VALUES (105, '2020-11-21', 1145);
INSERT INTO Occupancies(RoomNo, Date, ResID) VALUES (105, '2020-11-22', 1145);
INSERT INTO Occupancies(RoomNo, Date, ResID) VALUES (105, '2020-11-23', 1145);
#1146
INSERT INTO Customers(Fname, Lname, Phone, Email) VALUES ("Ethelyn", "Medhurst", '988-422-6820', "Ethelyn_Medhurst@gmail.com");
INSERT INTO Reservations(ID, StartDate, EndDate, NumGuests, CustomerID, Source, BookedAt) VALUES(1146, '2020-06-14', '2020-06-18', 5, 1146, 'OTA', '2020-12-28 02:48:10');
INSERT INTO Occupancies(RoomNo, Date, ResID) VALUES (203, '2020-06-14', 1146);
INSERT INTO Occupancies(RoomNo, Date, ResID) VALUES (203, '2020-06-15', 1146);
INSERT INTO Occupancies(RoomNo, Date, ResID) VALUES (203, '2020-06-16', 1146);
INSERT INTO Occupancies(RoomNo, Date, ResID) VALUES (203, '2020-06-17', 1146);
#1147
INSERT INTO Customers(Fname, Lname, Phone, Email) VALUES ("Chaya", "Schoen", '492-713-6221', "Chaya_Schoen@gmail.com");
INSERT INTO Reservations(ID, StartDate, EndDate, NumGuests, CustomerID, Source, BookedAt) VALUES(1147, '2020-01-28', '2020-01-31', 5, 1147, 'corporate', '2020-12-28 02:48:10');
INSERT INTO Occupancies(RoomNo, Date, ResID) VALUES (101, '2020-01-28', 1147);
INSERT INTO Occupancies(RoomNo, Date, ResID) VALUES (101, '2020-01-29', 1147);
INSERT INTO Occupancies(RoomNo, Date, ResID) VALUES (101, '2020-01-30', 1147);
#1148
INSERT INTO Customers(Fname, Lname, Phone, Email) VALUES ("Emie", "Moen", '883-944-9355', "Emie_Moen@gmail.com");
INSERT INTO Reservations(ID, StartDate, EndDate, NumGuests, CustomerID, Source, BookedAt) VALUES(1148, '2020-11-29', '2020-12-02', 1, 1148, 'OTA', '2020-12-28 02:48:10');
INSERT INTO Occupancies(RoomNo, Date, ResID) VALUES (401, '2020-11-29', 1148);
INSERT INTO Occupancies(RoomNo, Date, ResID) VALUES (401, '2020-11-30', 1148);
INSERT INTO Occupancies(RoomNo, Date, ResID) VALUES (401, '2020-12-01', 1148);
#1149
INSERT INTO Customers(Fname, Lname, Phone, Email) VALUES ("Terry", "McCullough", '465-605-6810', "Terry_McCullough@gmail.com");
INSERT INTO Reservations(ID, StartDate, EndDate, NumGuests, CustomerID, Source, BookedAt) VALUES(1149, '2021-03-17', '2021-03-19', 2, 1149, 'OTA', '2020-12-28 02:48:10');
INSERT INTO Occupancies(RoomNo, Date, ResID) VALUES (105, '2021-03-17', 1149);
INSERT INTO Occupancies(RoomNo, Date, ResID) VALUES (105, '2021-03-18', 1149);
#1150
INSERT INTO Customers(Fname, Lname, Phone, Email) VALUES ("Marcelino", "Gislason", '294-624-1240', "Marcelino_Gislason@gmail.com");
INSERT INTO Reservations(ID, StartDate, EndDate, NumGuests, CustomerID, Source, BookedAt) VALUES(1150, '2021-05-09', '2021-05-12', 2, 1150, 'direct', '2020-12-28 02:48:10');
INSERT INTO Occupancies(RoomNo, Date, ResID) VALUES (206, '2021-05-09', 1150);
INSERT INTO Occupancies(RoomNo, Date, ResID) VALUES (206, '2021-05-10', 1150);
INSERT INTO Occupancies(RoomNo, Date, ResID) VALUES (206, '2021-05-11', 1150);
#1151
INSERT INTO Customers(Fname, Lname, Phone, Email) VALUES ("Donato", "Padberg", '205-257-1756', "Donato_Padberg@gmail.com");
INSERT INTO Reservations(ID, StartDate, EndDate, NumGuests, CustomerID, Source, BookedAt) VALUES(1151, '2020-05-12', '2020-05-14', 4, 1151, 'direct', '2020-12-28 02:48:10');
INSERT INTO Occupancies(RoomNo, Date, ResID) VALUES (302, '2020-05-12', 1151);
INSERT INTO Occupancies(RoomNo, Date, ResID) VALUES (302, '2020-05-13', 1151);
#1152
INSERT INTO Customers(Fname, Lname, Phone, Email) VALUES ("Karianne", "Denesik", '682-758-8154', "Karianne_Denesik@gmail.com");
INSERT INTO Reservations(ID, StartDate, EndDate, NumGuests, CustomerID, Source, BookedAt) VALUES(1152, '2021-09-11', '2021-09-13', 5, 1152, 'OTA', '2020-12-28 02:48:10');
INSERT INTO Occupancies(RoomNo, Date, ResID) VALUES (404, '2021-09-11', 1152);
INSERT INTO Occupancies(RoomNo, Date, ResID) VALUES (404, '2021-09-12', 1152);
#1153
INSERT INTO Customers(Fname, Lname, Phone, Email) VALUES ("Mekhi", "Barton", '252-490-8865', "Mekhi_Barton@gmail.com");
INSERT INTO Reservations(ID, StartDate, EndDate, NumGuests, CustomerID, Source, BookedAt) VALUES(1153, '2020-06-13', '2020-06-18', 1, 1153, 'OTA', '2020-12-28 02:48:10');
INSERT INTO Occupancies(RoomNo, Date, ResID) VALUES (504, '2020-06-13', 1153);
INSERT INTO Occupancies(RoomNo, Date, ResID) VALUES (504, '2020-06-14', 1153);
INSERT INTO Occupancies(RoomNo, Date, ResID) VALUES (504, '2020-06-15', 1153);
INSERT INTO Occupancies(RoomNo, Date, ResID) VALUES (504, '2020-06-16', 1153);
INSERT INTO Occupancies(RoomNo, Date, ResID) VALUES (504, '2020-06-17', 1153);
#1154
INSERT INTO Customers(Fname, Lname, Phone, Email) VALUES ("Jarrod", "Blanda", '207-979-7028', "Jarrod_Blanda@gmail.com");
INSERT INTO Reservations(ID, StartDate, EndDate, NumGuests, CustomerID, Source, BookedAt) VALUES(1154, '2020-07-03', '2020-07-07', 4, 1154, 'OTA', '2020-12-28 02:48:10');
INSERT INTO Occupancies(RoomNo, Date, ResID) VALUES (101, '2020-07-03', 1154);
INSERT INTO Occupancies(RoomNo, Date, ResID) VALUES (101, '2020-07-04', 1154);
INSERT INTO Occupancies(RoomNo, Date, ResID) VALUES (101, '2020-07-05', 1154);
INSERT INTO Occupancies(RoomNo, Date, ResID) VALUES (101, '2020-07-06', 1154);
#1155
INSERT INTO Customers(Fname, Lname, Phone, Email) VALUES ("Gail", "Torphy", '572-360-2721', "Gail_Torphy@gmail.com");
INSERT INTO Reservations(ID, StartDate, EndDate, NumGuests, CustomerID, Source, BookedAt) VALUES(1155, '2020-10-17', '2020-10-18', 5, 1155, 'OTA', '2020-12-28 02:48:10');
INSERT INTO Occupancies(RoomNo, Date, ResID) VALUES (102, '2020-10-17', 1155);
#1156
INSERT INTO Customers(Fname, Lname, Phone, Email) VALUES ("Hermann", "Hoeger", '211-781-2104', "Hermann_Hoeger@gmail.com");
INSERT INTO Reservations(ID, StartDate, EndDate, NumGuests, CustomerID, Source, BookedAt) VALUES(1156, '2020-01-27', '2020-01-28', 4, 1156, 'OTA', '2020-12-28 02:48:10');
INSERT INTO Occupancies(RoomNo, Date, ResID) VALUES (203, '2020-01-27', 1156);
#1157
INSERT INTO Customers(Fname, Lname, Phone, Email) VALUES ("Ransom", "Murazik", '382-490-5904', "Ransom_Murazik@gmail.com");
INSERT INTO Reservations(ID, StartDate, EndDate, NumGuests, CustomerID, Source, BookedAt) VALUES(1157, '2020-04-25', '2020-04-30', 2, 1157, 'OTA', '2020-12-28 02:48:10');
INSERT INTO Occupancies(RoomNo, Date, ResID) VALUES (106, '2020-04-25', 1157);
INSERT INTO Occupancies(RoomNo, Date, ResID) VALUES (106, '2020-04-26', 1157);
INSERT INTO Occupancies(RoomNo, Date, ResID) VALUES (106, '2020-04-27', 1157);
INSERT INTO Occupancies(RoomNo, Date, ResID) VALUES (106, '2020-04-28', 1157);
INSERT INTO Occupancies(RoomNo, Date, ResID) VALUES (106, '2020-04-29', 1157);
#1158
INSERT INTO Customers(Fname, Lname, Phone, Email) VALUES ("Elton", "Dickens", '515-870-8095', "Elton_Dickens@gmail.com");
INSERT INTO Reservations(ID, StartDate, EndDate, NumGuests, CustomerID, Source, BookedAt) VALUES(1158, '2021-02-24', '2021-03-01', 5, 1158, 'corporate', '2020-12-28 02:48:10');
INSERT INTO Occupancies(RoomNo, Date, ResID) VALUES (203, '2021-02-24', 1158);
INSERT INTO Occupancies(RoomNo, Date, ResID) VALUES (203, '2021-02-25', 1158);
INSERT INTO Occupancies(RoomNo, Date, ResID) VALUES (203, '2021-02-26', 1158);
INSERT INTO Occupancies(RoomNo, Date, ResID) VALUES (203, '2021-02-27', 1158);
INSERT INTO Occupancies(RoomNo, Date, ResID) VALUES (203, '2021-02-28', 1158);
#1159
INSERT INTO Customers(Fname, Lname, Phone, Email) VALUES ("Tanya", "Bergstrom", '282-981-4128', "Tanya_Bergstrom@gmail.com");
INSERT INTO Reservations(ID, StartDate, EndDate, NumGuests, CustomerID, Source, BookedAt) VALUES(1159, '2020-05-28', '2020-05-30', 5, 1159, 'OTA', '2020-12-28 02:48:10');
INSERT INTO Occupancies(RoomNo, Date, ResID) VALUES (302, '2020-05-28', 1159);
INSERT INTO Occupancies(RoomNo, Date, ResID) VALUES (302, '2020-05-29', 1159);
#1160
INSERT INTO Customers(Fname, Lname, Phone, Email) VALUES ("Hildegard", "Skiles", '906-320-9397', "Hildegard_Skiles@gmail.com");
INSERT INTO Reservations(ID, StartDate, EndDate, NumGuests, CustomerID, Source, BookedAt) VALUES(1160, '2020-03-01', '2020-03-05', 2, 1160, 'OTA', '2020-12-28 02:48:10');
INSERT INTO Occupancies(RoomNo, Date, ResID) VALUES (501, '2020-03-01', 1160);
INSERT INTO Occupancies(RoomNo, Date, ResID) VALUES (501, '2020-03-02', 1160);
INSERT INTO Occupancies(RoomNo, Date, ResID) VALUES (501, '2020-03-03', 1160);
INSERT INTO Occupancies(RoomNo, Date, ResID) VALUES (501, '2020-03-04', 1160);
#1161
INSERT INTO Customers(Fname, Lname, Phone, Email) VALUES ("Roman", "Hauck", '592-304-2395', "Roman_Hauck@gmail.com");
INSERT INTO Reservations(ID, StartDate, EndDate, NumGuests, CustomerID, Source, BookedAt) VALUES(1161, '2020-04-19', '2020-04-21', 4, 1161, 'direct', '2020-12-28 02:48:10');
INSERT INTO Occupancies(RoomNo, Date, ResID) VALUES (306, '2020-04-19', 1161);
INSERT INTO Occupancies(RoomNo, Date, ResID) VALUES (306, '2020-04-20', 1161);
#1162
INSERT INTO Customers(Fname, Lname, Phone, Email) VALUES ("Rebeca", "Lehner", '203-677-6746', "Rebeca_Lehner@gmail.com");
INSERT INTO Reservations(ID, StartDate, EndDate, NumGuests, CustomerID, Source, BookedAt) VALUES(1162, '2020-05-16', '2020-05-17', 4, 1162, 'corporate', '2020-12-28 02:48:10');
INSERT INTO Occupancies(RoomNo, Date, ResID) VALUES (301, '2020-05-16', 1162);
#1163
INSERT INTO Customers(Fname, Lname, Phone, Email) VALUES ("Jules", "Bruen", '775-503-7948', "Jules_Bruen@gmail.com");
INSERT INTO Reservations(ID, StartDate, EndDate, NumGuests, CustomerID, Source, BookedAt) VALUES(1163, '2020-01-31', '2020-02-04', 4, 1163, 'OTA', '2020-12-28 02:48:10');
INSERT INTO Occupancies(RoomNo, Date, ResID) VALUES (403, '2020-01-31', 1163);
INSERT INTO Occupancies(RoomNo, Date, ResID) VALUES (403, '2020-02-01', 1163);
INSERT INTO Occupancies(RoomNo, Date, ResID) VALUES (403, '2020-02-02', 1163);
INSERT INTO Occupancies(RoomNo, Date, ResID) VALUES (403, '2020-02-03', 1163);
#1164
INSERT INTO Customers(Fname, Lname, Phone, Email) VALUES ("Dejon", "Gutkowski", '741-751-0333', "Dejon_Gutkowski@gmail.com");
INSERT INTO Reservations(ID, StartDate, EndDate, NumGuests, CustomerID, Source, BookedAt) VALUES(1164, '2021-06-27', '2021-06-28', 3, 1164, 'OTA', '2020-12-28 02:48:10');
INSERT INTO Occupancies(RoomNo, Date, ResID) VALUES (501, '2021-06-27', 1164);
#1165
INSERT INTO Customers(Fname, Lname, Phone, Email) VALUES ("Garry", "Metz", '622-471-0719', "Garry_Metz@gmail.com");
INSERT INTO Reservations(ID, StartDate, EndDate, NumGuests, CustomerID, Source, BookedAt) VALUES(1165, '2020-03-11', '2020-03-13', 5, 1165, 'direct', '2020-12-28 02:48:10');
INSERT INTO Occupancies(RoomNo, Date, ResID) VALUES (302, '2020-03-11', 1165);
INSERT INTO Occupancies(RoomNo, Date, ResID) VALUES (302, '2020-03-12', 1165);
#1166
INSERT INTO Customers(Fname, Lname, Phone, Email) VALUES ("August", "Schowalter", '728-837-9757', "August_Schowalter@gmail.com");
INSERT INTO Reservations(ID, StartDate, EndDate, NumGuests, CustomerID, Source, BookedAt) VALUES(1166, '2020-09-10', '2020-09-12', 1, 1166, 'corporate', '2020-12-28 02:48:10');
INSERT INTO Occupancies(RoomNo, Date, ResID) VALUES (104, '2020-09-10', 1166);
INSERT INTO Occupancies(RoomNo, Date, ResID) VALUES (104, '2020-09-11', 1166);
#1167
INSERT INTO Customers(Fname, Lname, Phone, Email) VALUES ("Ryan", "Hirthe", '687-368-8144', "Ryan_Hirthe@gmail.com");
INSERT INTO Reservations(ID, StartDate, EndDate, NumGuests, CustomerID, Source, BookedAt) VALUES(1167, '2020-03-08', '2020-03-10', 4, 1167, 'corporate', '2020-12-28 02:48:10');
INSERT INTO Occupancies(RoomNo, Date, ResID) VALUES (205, '2020-03-08', 1167);
INSERT INTO Occupancies(RoomNo, Date, ResID) VALUES (205, '2020-03-09', 1167);
#1168
INSERT INTO Customers(Fname, Lname, Phone, Email) VALUES ("Jewell", "Wiza", '429-857-9428', "Jewell_Wiza@gmail.com");
INSERT INTO Reservations(ID, StartDate, EndDate, NumGuests, CustomerID, Source, BookedAt) VALUES(1168, '2020-11-19', '2020-11-24', 4, 1168, 'direct', '2020-12-28 02:48:10');
INSERT INTO Occupancies(RoomNo, Date, ResID) VALUES (202, '2020-11-19', 1168);
INSERT INTO Occupancies(RoomNo, Date, ResID) VALUES (202, '2020-11-20', 1168);
INSERT INTO Occupancies(RoomNo, Date, ResID) VALUES (202, '2020-11-21', 1168);
INSERT INTO Occupancies(RoomNo, Date, ResID) VALUES (202, '2020-11-22', 1168);
INSERT INTO Occupancies(RoomNo, Date, ResID) VALUES (202, '2020-11-23', 1168);
#1169
INSERT INTO Customers(Fname, Lname, Phone, Email) VALUES ("Dimitri", "Aufderhar", '532-635-3266', "Dimitri_Aufderhar@gmail.com");
INSERT INTO Reservations(ID, StartDate, EndDate, NumGuests, CustomerID, Source, BookedAt) VALUES(1169, '2020-03-19', '2020-03-21', 4, 1169, 'corporate', '2020-12-28 02:48:10');
INSERT INTO Occupancies(RoomNo, Date, ResID) VALUES (102, '2020-03-19', 1169);
INSERT INTO Occupancies(RoomNo, Date, ResID) VALUES (102, '2020-03-20', 1169);
#1170
INSERT INTO Customers(Fname, Lname, Phone, Email) VALUES ("Gerry", "Rath", '486-905-2813', "Gerry_Rath@gmail.com");
INSERT INTO Reservations(ID, StartDate, EndDate, NumGuests, CustomerID, Source, BookedAt) VALUES(1170, '2020-07-27', '2020-07-28', 5, 1170, 'corporate', '2020-12-28 02:48:10');
INSERT INTO Occupancies(RoomNo, Date, ResID) VALUES (101, '2020-07-27', 1170);
#1171
INSERT INTO Customers(Fname, Lname, Phone, Email) VALUES ("Audra", "DuBuque", '739-617-2358', "Audra_DuBuque@gmail.com");
INSERT INTO Reservations(ID, StartDate, EndDate, NumGuests, CustomerID, Source, BookedAt) VALUES(1171, '2020-11-11', '2020-11-12', 3, 1171, 'OTA', '2020-12-28 02:48:10');
INSERT INTO Occupancies(RoomNo, Date, ResID) VALUES (405, '2020-11-11', 1171);
#1172
INSERT INTO Customers(Fname, Lname, Phone, Email) VALUES ("Frances", "Nicolas", '826-932-9970', "Frances_Nicolas@gmail.com");
INSERT INTO Reservations(ID, StartDate, EndDate, NumGuests, CustomerID, Source, BookedAt) VALUES(1172, '2020-05-20', '2020-05-25', 2, 1172, 'agency', '2020-12-28 02:48:10');
INSERT INTO Occupancies(RoomNo, Date, ResID) VALUES (401, '2020-05-20', 1172);
INSERT INTO Occupancies(RoomNo, Date, ResID) VALUES (401, '2020-05-21', 1172);
INSERT INTO Occupancies(RoomNo, Date, ResID) VALUES (401, '2020-05-22', 1172);
INSERT INTO Occupancies(RoomNo, Date, ResID) VALUES (401, '2020-05-23', 1172);
INSERT INTO Occupancies(RoomNo, Date, ResID) VALUES (401, '2020-05-24', 1172);
#1173
INSERT INTO Customers(Fname, Lname, Phone, Email) VALUES ("Emmanuelle", "Rogahn", '455-660-2520', "Emmanuelle_Rogahn@gmail.com");
INSERT INTO Reservations(ID, StartDate, EndDate, NumGuests, CustomerID, Source, BookedAt) VALUES(1173, '2021-08-17', '2021-08-19', 1, 1173, 'direct', '2020-12-28 02:48:10');
INSERT INTO Occupancies(RoomNo, Date, ResID) VALUES (305, '2021-08-17', 1173);
INSERT INTO Occupancies(RoomNo, Date, ResID) VALUES (305, '2021-08-18', 1173);
#1174
INSERT INTO Customers(Fname, Lname, Phone, Email) VALUES ("Durward", "Sporer", '641-717-0458', "Durward_Sporer@gmail.com");
INSERT INTO Reservations(ID, StartDate, EndDate, NumGuests, CustomerID, Source, BookedAt) VALUES(1174, '2021-03-10', '2021-03-12', 2, 1174, 'direct', '2020-12-28 02:48:10');
INSERT INTO Occupancies(RoomNo, Date, ResID) VALUES (306, '2021-03-10', 1174);
INSERT INTO Occupancies(RoomNo, Date, ResID) VALUES (306, '2021-03-11', 1174);
#1175
INSERT INTO Customers(Fname, Lname, Phone, Email) VALUES ("Meagan", "Dach", '233-603-0420', "Meagan_Dach@gmail.com");
INSERT INTO Reservations(ID, StartDate, EndDate, NumGuests, CustomerID, Source, BookedAt) VALUES(1175, '2020-02-16', '2020-02-17', 4, 1175, 'direct', '2020-12-28 02:48:10');
INSERT INTO Occupancies(RoomNo, Date, ResID) VALUES (303, '2020-02-16', 1175);
#1176
INSERT INTO Customers(Fname, Lname, Phone, Email) VALUES ("Cali", "Wehner", '761-875-6337', "Cali_Wehner@gmail.com");
INSERT INTO Reservations(ID, StartDate, EndDate, NumGuests, CustomerID, Source, BookedAt) VALUES(1176, '2020-10-08', '2020-10-10', 4, 1176, 'agency', '2020-12-28 02:48:10');
INSERT INTO Occupancies(RoomNo, Date, ResID) VALUES (404, '2020-10-08', 1176);
INSERT INTO Occupancies(RoomNo, Date, ResID) VALUES (404, '2020-10-09', 1176);
#1177
INSERT INTO Customers(Fname, Lname, Phone, Email) VALUES ("Marisol", "Deckow", '470-740-1892', "Marisol_Deckow@gmail.com");
INSERT INTO Reservations(ID, StartDate, EndDate, NumGuests, CustomerID, Source, BookedAt) VALUES(1177, '2020-02-02', '2020-02-03', 3, 1177, 'direct', '2020-12-28 02:48:10');
INSERT INTO Occupancies(RoomNo, Date, ResID) VALUES (102, '2020-02-02', 1177);
#1178
INSERT INTO Customers(Fname, Lname, Phone, Email) VALUES ("Darrin", "Sporer", '948-909-2140', "Darrin_Sporer@gmail.com");
INSERT INTO Reservations(ID, StartDate, EndDate, NumGuests, CustomerID, Source, BookedAt) VALUES(1178, '2020-03-04', '2020-03-05', 5, 1178, 'direct', '2020-12-28 02:48:10');
INSERT INTO Occupancies(RoomNo, Date, ResID) VALUES (503, '2020-03-04', 1178);
#1179
INSERT INTO Customers(Fname, Lname, Phone, Email) VALUES ("Mason", "Koepp", '358-903-4825', "Mason_Koepp@gmail.com");
INSERT INTO Reservations(ID, StartDate, EndDate, NumGuests, CustomerID, Source, BookedAt) VALUES(1179, '2020-01-02', '2020-01-04', 3, 1179, 'OTA', '2020-12-28 02:48:10');
INSERT INTO Occupancies(RoomNo, Date, ResID) VALUES (103, '2020-01-02', 1179);
INSERT INTO Occupancies(RoomNo, Date, ResID) VALUES (103, '2020-01-03', 1179);
#1180
INSERT INTO Customers(Fname, Lname, Phone, Email) VALUES ("Roman", "Sawayn", '531-940-3468', "Roman_Sawayn@gmail.com");
INSERT INTO Reservations(ID, StartDate, EndDate, NumGuests, CustomerID, Source, BookedAt) VALUES(1180, '2021-12-01', '2021-12-06', 2, 1180, 'corporate', '2020-12-28 02:48:10');
INSERT INTO Occupancies(RoomNo, Date, ResID) VALUES (304, '2021-12-01', 1180);
INSERT INTO Occupancies(RoomNo, Date, ResID) VALUES (304, '2021-12-02', 1180);
INSERT INTO Occupancies(RoomNo, Date, ResID) VALUES (304, '2021-12-03', 1180);
INSERT INTO Occupancies(RoomNo, Date, ResID) VALUES (304, '2021-12-04', 1180);
INSERT INTO Occupancies(RoomNo, Date, ResID) VALUES (304, '2021-12-05', 1180);
#1181
INSERT INTO Customers(Fname, Lname, Phone, Email) VALUES ("Jean", "Strosin", '651-890-2564', "Jean_Strosin@gmail.com");
INSERT INTO Reservations(ID, StartDate, EndDate, NumGuests, CustomerID, Source, BookedAt) VALUES(1181, '2020-07-17', '2020-07-20', 2, 1181, 'corporate', '2020-12-28 02:48:10');
INSERT INTO Occupancies(RoomNo, Date, ResID) VALUES (402, '2020-07-17', 1181);
INSERT INTO Occupancies(RoomNo, Date, ResID) VALUES (402, '2020-07-18', 1181);
INSERT INTO Occupancies(RoomNo, Date, ResID) VALUES (402, '2020-07-19', 1181);
#1182
INSERT INTO Customers(Fname, Lname, Phone, Email) VALUES ("Thaddeus", "Ruecker", '542-816-4022', "Thaddeus_Ruecker@gmail.com");
INSERT INTO Reservations(ID, StartDate, EndDate, NumGuests, CustomerID, Source, BookedAt) VALUES(1182, '2020-03-30', '2020-03-31', 1, 1182, 'direct', '2020-12-28 02:48:10');
INSERT INTO Occupancies(RoomNo, Date, ResID) VALUES (405, '2020-03-30', 1182);
#1183
INSERT INTO Customers(Fname, Lname, Phone, Email) VALUES ("Ladarius", "Lehner", '907-450-2513', "Ladarius_Lehner@gmail.com");
INSERT INTO Reservations(ID, StartDate, EndDate, NumGuests, CustomerID, Source, BookedAt) VALUES(1183, '2021-11-08', '2021-11-09', 5, 1183, 'direct', '2020-12-28 02:48:10');
INSERT INTO Occupancies(RoomNo, Date, ResID) VALUES (305, '2021-11-08', 1183);
#1184
INSERT INTO Customers(Fname, Lname, Phone, Email) VALUES ("Harvey", "Boyer", '696-319-4777', "Harvey_Boyer@gmail.com");
INSERT INTO Reservations(ID, StartDate, EndDate, NumGuests, CustomerID, Source, BookedAt) VALUES(1184, '2021-10-09', '2021-10-13', 3, 1184, 'agency', '2020-12-28 02:48:10');
INSERT INTO Occupancies(RoomNo, Date, ResID) VALUES (402, '2021-10-09', 1184);
INSERT INTO Occupancies(RoomNo, Date, ResID) VALUES (402, '2021-10-10', 1184);
INSERT INTO Occupancies(RoomNo, Date, ResID) VALUES (402, '2021-10-11', 1184);
INSERT INTO Occupancies(RoomNo, Date, ResID) VALUES (402, '2021-10-12', 1184);
#1185
INSERT INTO Customers(Fname, Lname, Phone, Email) VALUES ("Esteban", "Prohaska", '983-238-3973', "Esteban_Prohaska@gmail.com");
INSERT INTO Reservations(ID, StartDate, EndDate, NumGuests, CustomerID, Source, BookedAt) VALUES(1185, '2020-09-04', '2020-09-07', 5, 1185, 'OTA', '2020-12-28 02:48:10');
INSERT INTO Occupancies(RoomNo, Date, ResID) VALUES (206, '2020-09-04', 1185);
INSERT INTO Occupancies(RoomNo, Date, ResID) VALUES (206, '2020-09-05', 1185);
INSERT INTO Occupancies(RoomNo, Date, ResID) VALUES (206, '2020-09-06', 1185);
#1186
INSERT INTO Customers(Fname, Lname, Phone, Email) VALUES ("Tania", "Becker", '429-437-5301', "Tania_Becker@gmail.com");
INSERT INTO Reservations(ID, StartDate, EndDate, NumGuests, CustomerID, Source, BookedAt) VALUES(1186, '2020-05-10', '2020-05-12', 3, 1186, 'direct', '2020-12-28 02:48:10');
INSERT INTO Occupancies(RoomNo, Date, ResID) VALUES (204, '2020-05-10', 1186);
INSERT INTO Occupancies(RoomNo, Date, ResID) VALUES (204, '2020-05-11', 1186);
#1187
INSERT INTO Customers(Fname, Lname, Phone, Email) VALUES ("Halle", "Bradtke", '399-404-3466', "Halle_Bradtke@gmail.com");
INSERT INTO Reservations(ID, StartDate, EndDate, NumGuests, CustomerID, Source, BookedAt) VALUES(1187, '2020-09-04', '2020-09-05', 4, 1187, 'agency', '2020-12-28 02:48:10');
INSERT INTO Occupancies(RoomNo, Date, ResID) VALUES (502, '2020-09-04', 1187);
#1188
INSERT INTO Customers(Fname, Lname, Phone, Email) VALUES ("Gregoria", "Dibbert", '702-911-1483', "Gregoria_Dibbert@gmail.com");
INSERT INTO Reservations(ID, StartDate, EndDate, NumGuests, CustomerID, Source, BookedAt) VALUES(1188, '2020-10-17', '2020-10-20', 2, 1188, 'corporate', '2020-12-28 02:48:10');
INSERT INTO Occupancies(RoomNo, Date, ResID) VALUES (104, '2020-10-17', 1188);
INSERT INTO Occupancies(RoomNo, Date, ResID) VALUES (104, '2020-10-18', 1188);
INSERT INTO Occupancies(RoomNo, Date, ResID) VALUES (104, '2020-10-19', 1188);
#1189
INSERT INTO Customers(Fname, Lname, Phone, Email) VALUES ("Alvah", "Huels", '334-481-9115', "Alvah_Huels@gmail.com");
INSERT INTO Reservations(ID, StartDate, EndDate, NumGuests, CustomerID, Source, BookedAt) VALUES(1189, '2021-07-03', '2021-07-06', 2, 1189, 'direct', '2020-12-28 02:48:10');
INSERT INTO Occupancies(RoomNo, Date, ResID) VALUES (301, '2021-07-03', 1189);
INSERT INTO Occupancies(RoomNo, Date, ResID) VALUES (301, '2021-07-04', 1189);
INSERT INTO Occupancies(RoomNo, Date, ResID) VALUES (301, '2021-07-05', 1189);
#1190
INSERT INTO Customers(Fname, Lname, Phone, Email) VALUES ("Kay", "Champlin", '526-788-8755', "Kay_Champlin@gmail.com");
INSERT INTO Reservations(ID, StartDate, EndDate, NumGuests, CustomerID, Source, BookedAt) VALUES(1190, '2020-02-10', '2020-02-12', 2, 1190, 'OTA', '2020-12-28 02:48:10');
INSERT INTO Occupancies(RoomNo, Date, ResID) VALUES (103, '2020-02-10', 1190);
INSERT INTO Occupancies(RoomNo, Date, ResID) VALUES (103, '2020-02-11', 1190);
#1191
INSERT INTO Customers(Fname, Lname, Phone, Email) VALUES ("Ebba", "Ferry", '968-978-1218', "Ebba_Ferry@gmail.com");
INSERT INTO Reservations(ID, StartDate, EndDate, NumGuests, CustomerID, Source, BookedAt) VALUES(1191, '2020-03-11', '2020-03-16', 1, 1191, 'direct', '2020-12-28 02:48:10');
INSERT INTO Occupancies(RoomNo, Date, ResID) VALUES (505, '2020-03-11', 1191);
INSERT INTO Occupancies(RoomNo, Date, ResID) VALUES (505, '2020-03-12', 1191);
INSERT INTO Occupancies(RoomNo, Date, ResID) VALUES (505, '2020-03-13', 1191);
INSERT INTO Occupancies(RoomNo, Date, ResID) VALUES (505, '2020-03-14', 1191);
INSERT INTO Occupancies(RoomNo, Date, ResID) VALUES (505, '2020-03-15', 1191);
#1192
INSERT INTO Customers(Fname, Lname, Phone, Email) VALUES ("Enos", "Fay", '529-776-3909', "Enos_Fay@gmail.com");
INSERT INTO Reservations(ID, StartDate, EndDate, NumGuests, CustomerID, Source, BookedAt) VALUES(1192, '2020-06-26', '2020-06-30', 1, 1192, 'direct', '2020-12-28 02:48:10');
INSERT INTO Occupancies(RoomNo, Date, ResID) VALUES (402, '2020-06-26', 1192);
INSERT INTO Occupancies(RoomNo, Date, ResID) VALUES (402, '2020-06-27', 1192);
INSERT INTO Occupancies(RoomNo, Date, ResID) VALUES (402, '2020-06-28', 1192);
INSERT INTO Occupancies(RoomNo, Date, ResID) VALUES (402, '2020-06-29', 1192);
#1193
INSERT INTO Customers(Fname, Lname, Phone, Email) VALUES ("Deron", "Christiansen", '796-715-6828', "Deron_Christiansen@gmail.com");
INSERT INTO Reservations(ID, StartDate, EndDate, NumGuests, CustomerID, Source, BookedAt) VALUES(1193, '2021-07-23', '2021-07-26', 5, 1193, 'corporate', '2020-12-28 02:48:10');
INSERT INTO Occupancies(RoomNo, Date, ResID) VALUES (104, '2021-07-23', 1193);
INSERT INTO Occupancies(RoomNo, Date, ResID) VALUES (104, '2021-07-24', 1193);
INSERT INTO Occupancies(RoomNo, Date, ResID) VALUES (104, '2021-07-25', 1193);
#1194
INSERT INTO Customers(Fname, Lname, Phone, Email) VALUES ("Khalil", "Rolfson", '900-775-2854', "Khalil_Rolfson@gmail.com");
INSERT INTO Reservations(ID, StartDate, EndDate, NumGuests, CustomerID, Source, BookedAt) VALUES(1194, '2020-05-01', '2020-05-02', 5, 1194, 'direct', '2020-12-28 02:48:10');
INSERT INTO Occupancies(RoomNo, Date, ResID) VALUES (403, '2020-05-01', 1194);
#1195
INSERT INTO Customers(Fname, Lname, Phone, Email) VALUES ("Evelyn", "Jones", '206-444-4190', "Evelyn_Jones@gmail.com");
INSERT INTO Reservations(ID, StartDate, EndDate, NumGuests, CustomerID, Source, BookedAt) VALUES(1195, '2020-07-30', '2020-08-02', 5, 1195, 'OTA', '2020-12-28 02:48:10');
INSERT INTO Occupancies(RoomNo, Date, ResID) VALUES (302, '2020-07-30', 1195);
INSERT INTO Occupancies(RoomNo, Date, ResID) VALUES (302, '2020-07-31', 1195);
INSERT INTO Occupancies(RoomNo, Date, ResID) VALUES (302, '2020-08-01', 1195);
#1196
INSERT INTO Customers(Fname, Lname, Phone, Email) VALUES ("Ciara", "Reichert", '539-600-2493', "Ciara_Reichert@gmail.com");
INSERT INTO Reservations(ID, StartDate, EndDate, NumGuests, CustomerID, Source, BookedAt) VALUES(1196, '2021-08-26', '2021-08-27', 3, 1196, 'direct', '2020-12-28 02:48:10');
INSERT INTO Occupancies(RoomNo, Date, ResID) VALUES (405, '2021-08-26', 1196);
#1197
INSERT INTO Customers(Fname, Lname, Phone, Email) VALUES ("Major", "Collier", '885-680-5519', "Major_Collier@gmail.com");
INSERT INTO Reservations(ID, StartDate, EndDate, NumGuests, CustomerID, Source, BookedAt) VALUES(1197, '2020-11-18', '2020-11-20', 5, 1197, 'direct', '2020-12-28 02:48:10');
INSERT INTO Occupancies(RoomNo, Date, ResID) VALUES (205, '2020-11-18', 1197);
INSERT INTO Occupancies(RoomNo, Date, ResID) VALUES (205, '2020-11-19', 1197);
#1198
INSERT INTO Customers(Fname, Lname, Phone, Email) VALUES ("Irving", "Schulist", '350-792-7136', "Irving_Schulist@gmail.com");
INSERT INTO Reservations(ID, StartDate, EndDate, NumGuests, CustomerID, Source, BookedAt) VALUES(1198, '2020-07-25', '2020-07-28', 1, 1198, 'OTA', '2020-12-28 02:48:10');
INSERT INTO Occupancies(RoomNo, Date, ResID) VALUES (404, '2020-07-25', 1198);
INSERT INTO Occupancies(RoomNo, Date, ResID) VALUES (404, '2020-07-26', 1198);
INSERT INTO Occupancies(RoomNo, Date, ResID) VALUES (404, '2020-07-27', 1198);
#1199
INSERT INTO Customers(Fname, Lname, Phone, Email) VALUES ("Amy", "Lebsack", '669-538-5731', "Amy_Lebsack@gmail.com");
INSERT INTO Reservations(ID, StartDate, EndDate, NumGuests, CustomerID, Source, BookedAt) VALUES(1199, '2020-11-05', '2020-11-07', 4, 1199, 'OTA', '2020-12-28 02:48:10');
INSERT INTO Occupancies(RoomNo, Date, ResID) VALUES (205, '2020-11-05', 1199);
INSERT INTO Occupancies(RoomNo, Date, ResID) VALUES (205, '2020-11-06', 1199);
#1200
INSERT INTO Customers(Fname, Lname, Phone, Email) VALUES ("Shyanne", "Ortiz", '979-915-4144', "Shyanne_Ortiz@gmail.com");
INSERT INTO Reservations(ID, StartDate, EndDate, NumGuests, CustomerID, Source, BookedAt) VALUES(1200, '2021-08-26', '2021-08-27', 5, 1200, 'direct', '2020-12-28 02:48:10');
INSERT INTO Occupancies(RoomNo, Date, ResID) VALUES (205, '2021-08-26', 1200);
#1201
INSERT INTO Customers(Fname, Lname, Phone, Email) VALUES ("Ova", "Hickle", '940-431-7790', "Ova_Hickle@gmail.com");
INSERT INTO Reservations(ID, StartDate, EndDate, NumGuests, CustomerID, Source, BookedAt) VALUES(1201, '2021-01-22', '2021-01-27', 3, 1201, 'OTA', '2020-12-28 02:48:10');
INSERT INTO Occupancies(RoomNo, Date, ResID) VALUES (304, '2021-01-22', 1201);
INSERT INTO Occupancies(RoomNo, Date, ResID) VALUES (304, '2021-01-23', 1201);
INSERT INTO Occupancies(RoomNo, Date, ResID) VALUES (304, '2021-01-24', 1201);
INSERT INTO Occupancies(RoomNo, Date, ResID) VALUES (304, '2021-01-25', 1201);
INSERT INTO Occupancies(RoomNo, Date, ResID) VALUES (304, '2021-01-26', 1201);
#1202
INSERT INTO Customers(Fname, Lname, Phone, Email) VALUES ("Jordy", "Bednar", '408-697-6174', "Jordy_Bednar@gmail.com");
INSERT INTO Reservations(ID, StartDate, EndDate, NumGuests, CustomerID, Source, BookedAt) VALUES(1202, '2020-08-17', '2020-08-19', 2, 1202, 'direct', '2020-12-28 02:48:10');
INSERT INTO Occupancies(RoomNo, Date, ResID) VALUES (402, '2020-08-17', 1202);
INSERT INTO Occupancies(RoomNo, Date, ResID) VALUES (402, '2020-08-18', 1202);
#1203
INSERT INTO Customers(Fname, Lname, Phone, Email) VALUES ("Gennaro", "Zulauf", '461-894-6253', "Gennaro_Zulauf@gmail.com");
INSERT INTO Reservations(ID, StartDate, EndDate, NumGuests, CustomerID, Source, BookedAt) VALUES(1203, '2020-08-30', '2020-09-04', 1, 1203, 'OTA', '2020-12-28 02:48:10');
INSERT INTO Occupancies(RoomNo, Date, ResID) VALUES (103, '2020-08-30', 1203);
INSERT INTO Occupancies(RoomNo, Date, ResID) VALUES (103, '2020-08-31', 1203);
INSERT INTO Occupancies(RoomNo, Date, ResID) VALUES (103, '2020-09-01', 1203);
INSERT INTO Occupancies(RoomNo, Date, ResID) VALUES (103, '2020-09-02', 1203);
INSERT INTO Occupancies(RoomNo, Date, ResID) VALUES (103, '2020-09-03', 1203);
#1204
INSERT INTO Customers(Fname, Lname, Phone, Email) VALUES ("Roxanne", "Halvorson", '326-969-2609', "Roxanne_Halvorson@gmail.com");
INSERT INTO Reservations(ID, StartDate, EndDate, NumGuests, CustomerID, Source, BookedAt) VALUES(1204, '2021-02-03', '2021-02-05', 5, 1204, 'direct', '2020-12-28 02:48:10');
INSERT INTO Occupancies(RoomNo, Date, ResID) VALUES (403, '2021-02-03', 1204);
INSERT INTO Occupancies(RoomNo, Date, ResID) VALUES (403, '2021-02-04', 1204);
#1205
INSERT INTO Customers(Fname, Lname, Phone, Email) VALUES ("Roxane", "Collier", '918-910-7444', "Roxane_Collier@gmail.com");
INSERT INTO Reservations(ID, StartDate, EndDate, NumGuests, CustomerID, Source, BookedAt) VALUES(1205, '2020-04-11', '2020-04-15', 5, 1205, 'direct', '2020-12-28 02:48:10');
INSERT INTO Occupancies(RoomNo, Date, ResID) VALUES (504, '2020-04-11', 1205);
INSERT INTO Occupancies(RoomNo, Date, ResID) VALUES (504, '2020-04-12', 1205);
INSERT INTO Occupancies(RoomNo, Date, ResID) VALUES (504, '2020-04-13', 1205);
INSERT INTO Occupancies(RoomNo, Date, ResID) VALUES (504, '2020-04-14', 1205);
#1206
INSERT INTO Customers(Fname, Lname, Phone, Email) VALUES ("Sigmund", "Koepp", '774-510-9145', "Sigmund_Koepp@gmail.com");
INSERT INTO Reservations(ID, StartDate, EndDate, NumGuests, CustomerID, Source, BookedAt) VALUES(1206, '2020-02-02', '2020-02-07', 5, 1206, 'OTA', '2020-12-28 02:48:10');
INSERT INTO Occupancies(RoomNo, Date, ResID) VALUES (504, '2020-02-02', 1206);
INSERT INTO Occupancies(RoomNo, Date, ResID) VALUES (504, '2020-02-03', 1206);
INSERT INTO Occupancies(RoomNo, Date, ResID) VALUES (504, '2020-02-04', 1206);
INSERT INTO Occupancies(RoomNo, Date, ResID) VALUES (504, '2020-02-05', 1206);
INSERT INTO Occupancies(RoomNo, Date, ResID) VALUES (504, '2020-02-06', 1206);
#1207
INSERT INTO Customers(Fname, Lname, Phone, Email) VALUES ("Issac", "Harvey", '477-687-7165', "Issac_Harvey@gmail.com");
INSERT INTO Reservations(ID, StartDate, EndDate, NumGuests, CustomerID, Source, BookedAt) VALUES(1207, '2020-02-02', '2020-02-04', 1, 1207, 'direct', '2020-12-28 02:48:10');
INSERT INTO Occupancies(RoomNo, Date, ResID) VALUES (405, '2020-02-02', 1207);
INSERT INTO Occupancies(RoomNo, Date, ResID) VALUES (405, '2020-02-03', 1207);
#1208
INSERT INTO Customers(Fname, Lname, Phone, Email) VALUES ("Rashad", "Langworth", '819-678-1147', "Rashad_Langworth@gmail.com");
INSERT INTO Reservations(ID, StartDate, EndDate, NumGuests, CustomerID, Source, BookedAt) VALUES(1208, '2021-06-22', '2021-06-25', 4, 1208, 'OTA', '2020-12-28 02:48:10');
INSERT INTO Occupancies(RoomNo, Date, ResID) VALUES (203, '2021-06-22', 1208);
INSERT INTO Occupancies(RoomNo, Date, ResID) VALUES (203, '2021-06-23', 1208);
INSERT INTO Occupancies(RoomNo, Date, ResID) VALUES (203, '2021-06-24', 1208);
#1209
INSERT INTO Customers(Fname, Lname, Phone, Email) VALUES ("Delfina", "Yost", '399-607-8668', "Delfina_Yost@gmail.com");
INSERT INTO Reservations(ID, StartDate, EndDate, NumGuests, CustomerID, Source, BookedAt) VALUES(1209, '2020-08-04', '2020-08-07', 1, 1209, 'OTA', '2020-12-28 02:48:10');
INSERT INTO Occupancies(RoomNo, Date, ResID) VALUES (202, '2020-08-04', 1209);
INSERT INTO Occupancies(RoomNo, Date, ResID) VALUES (202, '2020-08-05', 1209);
INSERT INTO Occupancies(RoomNo, Date, ResID) VALUES (202, '2020-08-06', 1209);
#1210
INSERT INTO Customers(Fname, Lname, Phone, Email) VALUES ("Antwan", "Jones", '387-212-1970', "Antwan_Jones@gmail.com");
INSERT INTO Reservations(ID, StartDate, EndDate, NumGuests, CustomerID, Source, BookedAt) VALUES(1210, '2021-09-27', '2021-09-29', 2, 1210, 'agency', '2020-12-28 02:48:10');
INSERT INTO Occupancies(RoomNo, Date, ResID) VALUES (102, '2021-09-27', 1210);
INSERT INTO Occupancies(RoomNo, Date, ResID) VALUES (102, '2021-09-28', 1210);
#1211
INSERT INTO Customers(Fname, Lname, Phone, Email) VALUES ("Reginald", "Cartwright", '627-562-9601', "Reginald_Cartwright@gmail.com");
INSERT INTO Reservations(ID, StartDate, EndDate, NumGuests, CustomerID, Source, BookedAt) VALUES(1211, '2021-09-08', '2021-09-13', 1, 1211, 'direct', '2020-12-28 02:48:10');
INSERT INTO Occupancies(RoomNo, Date, ResID) VALUES (204, '2021-09-08', 1211);
INSERT INTO Occupancies(RoomNo, Date, ResID) VALUES (204, '2021-09-09', 1211);
INSERT INTO Occupancies(RoomNo, Date, ResID) VALUES (204, '2021-09-10', 1211);
INSERT INTO Occupancies(RoomNo, Date, ResID) VALUES (204, '2021-09-11', 1211);
INSERT INTO Occupancies(RoomNo, Date, ResID) VALUES (204, '2021-09-12', 1211);
#1212
INSERT INTO Customers(Fname, Lname, Phone, Email) VALUES ("Brionna", "Hane", '814-500-1200', "Brionna_Hane@gmail.com");
INSERT INTO Reservations(ID, StartDate, EndDate, NumGuests, CustomerID, Source, BookedAt) VALUES(1212, '2020-12-20', '2020-12-25', 3, 1212, 'direct', '2020-12-28 02:48:10');
INSERT INTO Occupancies(RoomNo, Date, ResID) VALUES (306, '2020-12-20', 1212);
INSERT INTO Occupancies(RoomNo, Date, ResID) VALUES (306, '2020-12-21', 1212);
INSERT INTO Occupancies(RoomNo, Date, ResID) VALUES (306, '2020-12-22', 1212);
INSERT INTO Occupancies(RoomNo, Date, ResID) VALUES (306, '2020-12-23', 1212);
INSERT INTO Occupancies(RoomNo, Date, ResID) VALUES (306, '2020-12-24', 1212);
#1213
INSERT INTO Customers(Fname, Lname, Phone, Email) VALUES ("Victoria", "Ortiz", '839-442-0863', "Victoria_Ortiz@gmail.com");
INSERT INTO Reservations(ID, StartDate, EndDate, NumGuests, CustomerID, Source, BookedAt) VALUES(1213, '2020-11-21', '2020-11-26', 5, 1213, 'OTA', '2020-12-28 02:48:10');
INSERT INTO Occupancies(RoomNo, Date, ResID) VALUES (204, '2020-11-21', 1213);
INSERT INTO Occupancies(RoomNo, Date, ResID) VALUES (204, '2020-11-22', 1213);
INSERT INTO Occupancies(RoomNo, Date, ResID) VALUES (204, '2020-11-23', 1213);
INSERT INTO Occupancies(RoomNo, Date, ResID) VALUES (204, '2020-11-24', 1213);
INSERT INTO Occupancies(RoomNo, Date, ResID) VALUES (204, '2020-11-25', 1213);
#1214
INSERT INTO Customers(Fname, Lname, Phone, Email) VALUES ("Brant", "Lemke", '716-507-0667', "Brant_Lemke@gmail.com");
INSERT INTO Reservations(ID, StartDate, EndDate, NumGuests, CustomerID, Source, BookedAt) VALUES(1214, '2021-03-03', '2021-03-05', 2, 1214, 'agency', '2020-12-28 02:48:10');
INSERT INTO Occupancies(RoomNo, Date, ResID) VALUES (403, '2021-03-03', 1214);
INSERT INTO Occupancies(RoomNo, Date, ResID) VALUES (403, '2021-03-04', 1214);
#1215
INSERT INTO Customers(Fname, Lname, Phone, Email) VALUES ("Francisco", "Kunde", '771-576-8292', "Francisco_Kunde@gmail.com");
INSERT INTO Reservations(ID, StartDate, EndDate, NumGuests, CustomerID, Source, BookedAt) VALUES(1215, '2021-01-22', '2021-01-26', 1, 1215, 'OTA', '2020-12-28 02:48:10');
INSERT INTO Occupancies(RoomNo, Date, ResID) VALUES (201, '2021-01-22', 1215);
INSERT INTO Occupancies(RoomNo, Date, ResID) VALUES (201, '2021-01-23', 1215);
INSERT INTO Occupancies(RoomNo, Date, ResID) VALUES (201, '2021-01-24', 1215);
INSERT INTO Occupancies(RoomNo, Date, ResID) VALUES (201, '2021-01-25', 1215);
#1216
INSERT INTO Customers(Fname, Lname, Phone, Email) VALUES ("Ethel", "Gorczany", '567-553-4231', "Ethel_Gorczany@gmail.com");
INSERT INTO Reservations(ID, StartDate, EndDate, NumGuests, CustomerID, Source, BookedAt) VALUES(1216, '2020-08-03', '2020-08-05', 5, 1216, 'corporate', '2020-12-28 02:48:10');
INSERT INTO Occupancies(RoomNo, Date, ResID) VALUES (503, '2020-08-03', 1216);
INSERT INTO Occupancies(RoomNo, Date, ResID) VALUES (503, '2020-08-04', 1216);
#1217
INSERT INTO Customers(Fname, Lname, Phone, Email) VALUES ("Raymond", "Morar", '761-755-7006', "Raymond_Morar@gmail.com");
INSERT INTO Reservations(ID, StartDate, EndDate, NumGuests, CustomerID, Source, BookedAt) VALUES(1217, '2020-10-30', '2020-11-02', 4, 1217, 'direct', '2020-12-28 02:48:10');
INSERT INTO Occupancies(RoomNo, Date, ResID) VALUES (105, '2020-10-30', 1217);
INSERT INTO Occupancies(RoomNo, Date, ResID) VALUES (105, '2020-10-31', 1217);
INSERT INTO Occupancies(RoomNo, Date, ResID) VALUES (105, '2020-11-01', 1217);
#1218
INSERT INTO Customers(Fname, Lname, Phone, Email) VALUES ("Reilly", "Becker", '890-995-7715', "Reilly_Becker@gmail.com");
INSERT INTO Reservations(ID, StartDate, EndDate, NumGuests, CustomerID, Source, BookedAt) VALUES(1218, '2020-11-17', '2020-11-21', 1, 1218, 'OTA', '2020-12-28 02:48:10');
INSERT INTO Occupancies(RoomNo, Date, ResID) VALUES (406, '2020-11-17', 1218);
INSERT INTO Occupancies(RoomNo, Date, ResID) VALUES (406, '2020-11-18', 1218);
INSERT INTO Occupancies(RoomNo, Date, ResID) VALUES (406, '2020-11-19', 1218);
INSERT INTO Occupancies(RoomNo, Date, ResID) VALUES (406, '2020-11-20', 1218);
#1219
INSERT INTO Customers(Fname, Lname, Phone, Email) VALUES ("Owen", "Bashirian", '740-627-6746', "Owen_Bashirian@gmail.com");
INSERT INTO Reservations(ID, StartDate, EndDate, NumGuests, CustomerID, Source, BookedAt) VALUES(1219, '2020-02-27', '2020-02-28', 4, 1219, 'corporate', '2020-12-28 02:48:10');
INSERT INTO Occupancies(RoomNo, Date, ResID) VALUES (205, '2020-02-27', 1219);
#1220
INSERT INTO Customers(Fname, Lname, Phone, Email) VALUES ("Thad", "Wunsch", '880-316-3597', "Thad_Wunsch@gmail.com");
INSERT INTO Reservations(ID, StartDate, EndDate, NumGuests, CustomerID, Source, BookedAt) VALUES(1220, '2020-05-20', '2020-05-22', 4, 1220, 'direct', '2020-12-28 02:48:10');
INSERT INTO Occupancies(RoomNo, Date, ResID) VALUES (405, '2020-05-20', 1220);
INSERT INTO Occupancies(RoomNo, Date, ResID) VALUES (405, '2020-05-21', 1220);
#1221
INSERT INTO Customers(Fname, Lname, Phone, Email) VALUES ("Clare", "Hudson", '648-910-1339', "Clare_Hudson@gmail.com");
INSERT INTO Reservations(ID, StartDate, EndDate, NumGuests, CustomerID, Source, BookedAt) VALUES(1221, '2020-02-08', '2020-02-11', 1, 1221, 'direct', '2020-12-28 02:48:10');
INSERT INTO Occupancies(RoomNo, Date, ResID) VALUES (102, '2020-02-08', 1221);
INSERT INTO Occupancies(RoomNo, Date, ResID) VALUES (102, '2020-02-09', 1221);
INSERT INTO Occupancies(RoomNo, Date, ResID) VALUES (102, '2020-02-10', 1221);
#1222
INSERT INTO Customers(Fname, Lname, Phone, Email) VALUES ("Effie", "Doyle", '655-930-3814', "Effie_Doyle@gmail.com");
INSERT INTO Reservations(ID, StartDate, EndDate, NumGuests, CustomerID, Source, BookedAt) VALUES(1222, '2020-12-04', '2020-12-08', 5, 1222, 'direct', '2020-12-28 02:48:10');
INSERT INTO Occupancies(RoomNo, Date, ResID) VALUES (303, '2020-12-04', 1222);
INSERT INTO Occupancies(RoomNo, Date, ResID) VALUES (303, '2020-12-05', 1222);
INSERT INTO Occupancies(RoomNo, Date, ResID) VALUES (303, '2020-12-06', 1222);
INSERT INTO Occupancies(RoomNo, Date, ResID) VALUES (303, '2020-12-07', 1222);
#1223
INSERT INTO Customers(Fname, Lname, Phone, Email) VALUES ("Kasandra", "Krajcik", '450-617-9400', "Kasandra_Krajcik@gmail.com");
INSERT INTO Reservations(ID, StartDate, EndDate, NumGuests, CustomerID, Source, BookedAt) VALUES(1223, '2020-12-09', '2020-12-12', 1, 1223, 'direct', '2020-12-28 02:48:10');
INSERT INTO Occupancies(RoomNo, Date, ResID) VALUES (306, '2020-12-09', 1223);
INSERT INTO Occupancies(RoomNo, Date, ResID) VALUES (306, '2020-12-10', 1223);
INSERT INTO Occupancies(RoomNo, Date, ResID) VALUES (306, '2020-12-11', 1223);
#1224
INSERT INTO Customers(Fname, Lname, Phone, Email) VALUES ("Shanny", "Towne", '285-570-6054', "Shanny_Towne@gmail.com");
INSERT INTO Reservations(ID, StartDate, EndDate, NumGuests, CustomerID, Source, BookedAt) VALUES(1224, '2020-05-16', '2020-05-19', 5, 1224, 'OTA', '2020-12-28 02:48:10');
INSERT INTO Occupancies(RoomNo, Date, ResID) VALUES (203, '2020-05-16', 1224);
INSERT INTO Occupancies(RoomNo, Date, ResID) VALUES (203, '2020-05-17', 1224);
INSERT INTO Occupancies(RoomNo, Date, ResID) VALUES (203, '2020-05-18', 1224);
#1225
INSERT INTO Customers(Fname, Lname, Phone, Email) VALUES ("Aileen", "Lynch", '375-552-7111', "Aileen_Lynch@gmail.com");
INSERT INTO Reservations(ID, StartDate, EndDate, NumGuests, CustomerID, Source, BookedAt) VALUES(1225, '2020-05-23', '2020-05-27', 5, 1225, 'direct', '2020-12-28 02:48:10');
INSERT INTO Occupancies(RoomNo, Date, ResID) VALUES (402, '2020-05-23', 1225);
INSERT INTO Occupancies(RoomNo, Date, ResID) VALUES (402, '2020-05-24', 1225);
INSERT INTO Occupancies(RoomNo, Date, ResID) VALUES (402, '2020-05-25', 1225);
INSERT INTO Occupancies(RoomNo, Date, ResID) VALUES (402, '2020-05-26', 1225);
#1226
INSERT INTO Customers(Fname, Lname, Phone, Email) VALUES ("Nathanael", "Corwin", '963-343-7756', "Nathanael_Corwin@gmail.com");
INSERT INTO Reservations(ID, StartDate, EndDate, NumGuests, CustomerID, Source, BookedAt) VALUES(1226, '2020-02-22', '2020-02-23', 2, 1226, 'direct', '2020-12-28 02:48:10');
INSERT INTO Occupancies(RoomNo, Date, ResID) VALUES (101, '2020-02-22', 1226);
#1227
INSERT INTO Customers(Fname, Lname, Phone, Email) VALUES ("Elmo", "Swaniawski", '574-912-6972', "Elmo_Swaniawski@gmail.com");
INSERT INTO Reservations(ID, StartDate, EndDate, NumGuests, CustomerID, Source, BookedAt) VALUES(1227, '2020-05-03', '2020-05-04', 3, 1227, 'direct', '2020-12-28 02:48:10');
INSERT INTO Occupancies(RoomNo, Date, ResID) VALUES (302, '2020-05-03', 1227);
#1228
INSERT INTO Customers(Fname, Lname, Phone, Email) VALUES ("Samara", "Boyer", '698-643-9059', "Samara_Boyer@gmail.com");
INSERT INTO Reservations(ID, StartDate, EndDate, NumGuests, CustomerID, Source, BookedAt) VALUES(1228, '2020-01-30', '2020-02-02', 2, 1228, 'direct', '2020-12-28 02:48:10');
INSERT INTO Occupancies(RoomNo, Date, ResID) VALUES (501, '2020-01-30', 1228);
INSERT INTO Occupancies(RoomNo, Date, ResID) VALUES (501, '2020-01-31', 1228);
INSERT INTO Occupancies(RoomNo, Date, ResID) VALUES (501, '2020-02-01', 1228);
#1229
INSERT INTO Customers(Fname, Lname, Phone, Email) VALUES ("Jace", "Marvin", '232-668-2662', "Jace_Marvin@gmail.com");
INSERT INTO Reservations(ID, StartDate, EndDate, NumGuests, CustomerID, Source, BookedAt) VALUES(1229, '2020-08-02', '2020-08-07', 1, 1229, 'corporate', '2020-12-28 02:48:10');
INSERT INTO Occupancies(RoomNo, Date, ResID) VALUES (504, '2020-08-02', 1229);
INSERT INTO Occupancies(RoomNo, Date, ResID) VALUES (504, '2020-08-03', 1229);
INSERT INTO Occupancies(RoomNo, Date, ResID) VALUES (504, '2020-08-04', 1229);
INSERT INTO Occupancies(RoomNo, Date, ResID) VALUES (504, '2020-08-05', 1229);
INSERT INTO Occupancies(RoomNo, Date, ResID) VALUES (504, '2020-08-06', 1229);
#1230
INSERT INTO Customers(Fname, Lname, Phone, Email) VALUES ("Ofelia", "Lesch", '471-611-7775', "Ofelia_Lesch@gmail.com");
INSERT INTO Reservations(ID, StartDate, EndDate, NumGuests, CustomerID, Source, BookedAt) VALUES(1230, '2020-02-15', '2020-02-16', 5, 1230, 'OTA', '2020-12-28 02:48:10');
INSERT INTO Occupancies(RoomNo, Date, ResID) VALUES (104, '2020-02-15', 1230);
#1231
INSERT INTO Customers(Fname, Lname, Phone, Email) VALUES ("Jaycee", "Bauch", '503-938-8149', "Jaycee_Bauch@gmail.com");
INSERT INTO Reservations(ID, StartDate, EndDate, NumGuests, CustomerID, Source, BookedAt) VALUES(1231, '2020-01-16', '2020-01-19', 3, 1231, 'corporate', '2020-12-28 02:48:10');
INSERT INTO Occupancies(RoomNo, Date, ResID) VALUES (206, '2020-01-16', 1231);
INSERT INTO Occupancies(RoomNo, Date, ResID) VALUES (206, '2020-01-17', 1231);
INSERT INTO Occupancies(RoomNo, Date, ResID) VALUES (206, '2020-01-18', 1231);
#1232
INSERT INTO Customers(Fname, Lname, Phone, Email) VALUES ("Victor", "Wisoky", '351-857-9730', "Victor_Wisoky@gmail.com");
INSERT INTO Reservations(ID, StartDate, EndDate, NumGuests, CustomerID, Source, BookedAt) VALUES(1232, '2021-06-10', '2021-06-14', 1, 1232, 'direct', '2020-12-28 02:48:10');
INSERT INTO Occupancies(RoomNo, Date, ResID) VALUES (302, '2021-06-10', 1232);
INSERT INTO Occupancies(RoomNo, Date, ResID) VALUES (302, '2021-06-11', 1232);
INSERT INTO Occupancies(RoomNo, Date, ResID) VALUES (302, '2021-06-12', 1232);
INSERT INTO Occupancies(RoomNo, Date, ResID) VALUES (302, '2021-06-13', 1232);
#1233
INSERT INTO Customers(Fname, Lname, Phone, Email) VALUES ("Nash", "Ziemann", '232-514-5400', "Nash_Ziemann@gmail.com");
INSERT INTO Reservations(ID, StartDate, EndDate, NumGuests, CustomerID, Source, BookedAt) VALUES(1233, '2021-03-15', '2021-03-20', 1, 1233, 'OTA', '2020-12-28 02:48:10');
INSERT INTO Occupancies(RoomNo, Date, ResID) VALUES (206, '2021-03-15', 1233);
INSERT INTO Occupancies(RoomNo, Date, ResID) VALUES (206, '2021-03-16', 1233);
INSERT INTO Occupancies(RoomNo, Date, ResID) VALUES (206, '2021-03-17', 1233);
INSERT INTO Occupancies(RoomNo, Date, ResID) VALUES (206, '2021-03-18', 1233);
INSERT INTO Occupancies(RoomNo, Date, ResID) VALUES (206, '2021-03-19', 1233);
#1234
INSERT INTO Customers(Fname, Lname, Phone, Email) VALUES ("Eliezer", "Rau", '560-405-2811', "Eliezer_Rau@gmail.com");
INSERT INTO Reservations(ID, StartDate, EndDate, NumGuests, CustomerID, Source, BookedAt) VALUES(1234, '2020-03-10', '2020-03-15', 4, 1234, 'direct', '2020-12-28 02:48:10');
INSERT INTO Occupancies(RoomNo, Date, ResID) VALUES (205, '2020-03-10', 1234);
INSERT INTO Occupancies(RoomNo, Date, ResID) VALUES (205, '2020-03-11', 1234);
INSERT INTO Occupancies(RoomNo, Date, ResID) VALUES (205, '2020-03-12', 1234);
INSERT INTO Occupancies(RoomNo, Date, ResID) VALUES (205, '2020-03-13', 1234);
INSERT INTO Occupancies(RoomNo, Date, ResID) VALUES (205, '2020-03-14', 1234);
#1235
INSERT INTO Customers(Fname, Lname, Phone, Email) VALUES ("Nakia", "Russel", '313-284-4644', "Nakia_Russel@gmail.com");
INSERT INTO Reservations(ID, StartDate, EndDate, NumGuests, CustomerID, Source, BookedAt) VALUES(1235, '2020-02-16', '2020-02-17', 1, 1235, 'corporate', '2020-12-28 02:48:10');
INSERT INTO Occupancies(RoomNo, Date, ResID) VALUES (204, '2020-02-16', 1235);
#1236
INSERT INTO Customers(Fname, Lname, Phone, Email) VALUES ("Dayne", "Gutmann", '697-611-4183', "Dayne_Gutmann@gmail.com");
INSERT INTO Reservations(ID, StartDate, EndDate, NumGuests, CustomerID, Source, BookedAt) VALUES(1236, '2020-07-03', '2020-07-04', 3, 1236, 'OTA', '2020-12-28 02:48:10');
INSERT INTO Occupancies(RoomNo, Date, ResID) VALUES (503, '2020-07-03', 1236);
#1237
INSERT INTO Customers(Fname, Lname, Phone, Email) VALUES ("Harley", "Grant", '305-269-5530', "Harley_Grant@gmail.com");
INSERT INTO Reservations(ID, StartDate, EndDate, NumGuests, CustomerID, Source, BookedAt) VALUES(1237, '2021-06-05', '2021-06-09', 2, 1237, 'OTA', '2020-12-28 02:48:10');
INSERT INTO Occupancies(RoomNo, Date, ResID) VALUES (503, '2021-06-05', 1237);
INSERT INTO Occupancies(RoomNo, Date, ResID) VALUES (503, '2021-06-06', 1237);
INSERT INTO Occupancies(RoomNo, Date, ResID) VALUES (503, '2021-06-07', 1237);
INSERT INTO Occupancies(RoomNo, Date, ResID) VALUES (503, '2021-06-08', 1237);
#1238
INSERT INTO Customers(Fname, Lname, Phone, Email) VALUES ("Robb", "Daugherty", '695-652-4060', "Robb_Daugherty@gmail.com");
INSERT INTO Reservations(ID, StartDate, EndDate, NumGuests, CustomerID, Source, BookedAt) VALUES(1238, '2021-08-02', '2021-08-03', 2, 1238, 'direct', '2020-12-28 02:48:10');
INSERT INTO Occupancies(RoomNo, Date, ResID) VALUES (303, '2021-08-02', 1238);
#1239
INSERT INTO Customers(Fname, Lname, Phone, Email) VALUES ("Serenity", "Tillman", '608-344-1801', "Serenity_Tillman@gmail.com");
INSERT INTO Reservations(ID, StartDate, EndDate, NumGuests, CustomerID, Source, BookedAt) VALUES(1239, '2020-02-11', '2020-02-12', 1, 1239, 'corporate', '2020-12-28 02:48:10');
INSERT INTO Occupancies(RoomNo, Date, ResID) VALUES (501, '2020-02-11', 1239);
#1240
INSERT INTO Customers(Fname, Lname, Phone, Email) VALUES ("Lavonne", "Luettgen", '263-776-7353', "Lavonne_Luettgen@gmail.com");
INSERT INTO Reservations(ID, StartDate, EndDate, NumGuests, CustomerID, Source, BookedAt) VALUES(1240, '2020-10-14', '2020-10-17', 1, 1240, 'agency', '2020-12-28 02:48:10');
INSERT INTO Occupancies(RoomNo, Date, ResID) VALUES (403, '2020-10-14', 1240);
INSERT INTO Occupancies(RoomNo, Date, ResID) VALUES (403, '2020-10-15', 1240);
INSERT INTO Occupancies(RoomNo, Date, ResID) VALUES (403, '2020-10-16', 1240);
#1241
INSERT INTO Customers(Fname, Lname, Phone, Email) VALUES ("Johanna", "Cartwright", '780-900-3909', "Johanna_Cartwright@gmail.com");
INSERT INTO Reservations(ID, StartDate, EndDate, NumGuests, CustomerID, Source, BookedAt) VALUES(1241, '2020-05-11', '2020-05-15', 4, 1241, 'OTA', '2020-12-28 02:48:10');
INSERT INTO Occupancies(RoomNo, Date, ResID) VALUES (506, '2020-05-11', 1241);
INSERT INTO Occupancies(RoomNo, Date, ResID) VALUES (506, '2020-05-12', 1241);
INSERT INTO Occupancies(RoomNo, Date, ResID) VALUES (506, '2020-05-13', 1241);
INSERT INTO Occupancies(RoomNo, Date, ResID) VALUES (506, '2020-05-14', 1241);
#1242
INSERT INTO Customers(Fname, Lname, Phone, Email) VALUES ("Greg", "Balistreri", '649-852-9798', "Greg_Balistreri@gmail.com");
INSERT INTO Reservations(ID, StartDate, EndDate, NumGuests, CustomerID, Source, BookedAt) VALUES(1242, '2020-07-02', '2020-07-07', 1, 1242, 'corporate', '2020-12-28 02:48:10');
INSERT INTO Occupancies(RoomNo, Date, ResID) VALUES (306, '2020-07-02', 1242);
INSERT INTO Occupancies(RoomNo, Date, ResID) VALUES (306, '2020-07-03', 1242);
INSERT INTO Occupancies(RoomNo, Date, ResID) VALUES (306, '2020-07-04', 1242);
INSERT INTO Occupancies(RoomNo, Date, ResID) VALUES (306, '2020-07-05', 1242);
INSERT INTO Occupancies(RoomNo, Date, ResID) VALUES (306, '2020-07-06', 1242);
#1243
INSERT INTO Customers(Fname, Lname, Phone, Email) VALUES ("Geovany", "Weber", '888-667-8473', "Geovany_Weber@gmail.com");
INSERT INTO Reservations(ID, StartDate, EndDate, NumGuests, CustomerID, Source, BookedAt) VALUES(1243, '2021-05-24', '2021-05-25', 2, 1243, 'corporate', '2020-12-28 02:48:10');
INSERT INTO Occupancies(RoomNo, Date, ResID) VALUES (401, '2021-05-24', 1243);
#1244
INSERT INTO Customers(Fname, Lname, Phone, Email) VALUES ("Olaf", "Hermiston", '209-902-4253', "Olaf_Hermiston@gmail.com");
INSERT INTO Reservations(ID, StartDate, EndDate, NumGuests, CustomerID, Source, BookedAt) VALUES(1244, '2021-04-01', '2021-04-06', 1, 1244, 'OTA', '2020-12-28 02:48:10');
INSERT INTO Occupancies(RoomNo, Date, ResID) VALUES (401, '2021-04-01', 1244);
INSERT INTO Occupancies(RoomNo, Date, ResID) VALUES (401, '2021-04-02', 1244);
INSERT INTO Occupancies(RoomNo, Date, ResID) VALUES (401, '2021-04-03', 1244);
INSERT INTO Occupancies(RoomNo, Date, ResID) VALUES (401, '2021-04-04', 1244);
INSERT INTO Occupancies(RoomNo, Date, ResID) VALUES (401, '2021-04-05', 1244);
#1245
INSERT INTO Customers(Fname, Lname, Phone, Email) VALUES ("Randy", "Carroll", '455-926-8150', "Randy_Carroll@gmail.com");
INSERT INTO Reservations(ID, StartDate, EndDate, NumGuests, CustomerID, Source, BookedAt) VALUES(1245, '2020-04-13', '2020-04-16', 2, 1245, 'corporate', '2020-12-28 02:48:10');
INSERT INTO Occupancies(RoomNo, Date, ResID) VALUES (306, '2020-04-13', 1245);
INSERT INTO Occupancies(RoomNo, Date, ResID) VALUES (306, '2020-04-14', 1245);
INSERT INTO Occupancies(RoomNo, Date, ResID) VALUES (306, '2020-04-15', 1245);
#1246
INSERT INTO Customers(Fname, Lname, Phone, Email) VALUES ("Asha", "Ullrich", '866-896-7549', "Asha_Ullrich@gmail.com");
INSERT INTO Reservations(ID, StartDate, EndDate, NumGuests, CustomerID, Source, BookedAt) VALUES(1246, '2020-11-29', '2020-11-30', 3, 1246, 'corporate', '2020-12-28 02:48:10');
INSERT INTO Occupancies(RoomNo, Date, ResID) VALUES (502, '2020-11-29', 1246);
#1247
INSERT INTO Customers(Fname, Lname, Phone, Email) VALUES ("Christop", "Powlowski", '372-895-8380', "Christop_Powlowski@gmail.com");
INSERT INTO Reservations(ID, StartDate, EndDate, NumGuests, CustomerID, Source, BookedAt) VALUES(1247, '2021-08-15', '2021-08-17', 3, 1247, 'direct', '2020-12-28 02:48:10');
INSERT INTO Occupancies(RoomNo, Date, ResID) VALUES (101, '2021-08-15', 1247);
INSERT INTO Occupancies(RoomNo, Date, ResID) VALUES (101, '2021-08-16', 1247);
#1248
INSERT INTO Customers(Fname, Lname, Phone, Email) VALUES ("Meredith", "Kunze", '535-616-8859', "Meredith_Kunze@gmail.com");
INSERT INTO Reservations(ID, StartDate, EndDate, NumGuests, CustomerID, Source, BookedAt) VALUES(1248, '2020-11-25', '2020-11-30', 4, 1248, 'OTA', '2020-12-28 02:48:10');
INSERT INTO Occupancies(RoomNo, Date, ResID) VALUES (303, '2020-11-25', 1248);
INSERT INTO Occupancies(RoomNo, Date, ResID) VALUES (303, '2020-11-26', 1248);
INSERT INTO Occupancies(RoomNo, Date, ResID) VALUES (303, '2020-11-27', 1248);
INSERT INTO Occupancies(RoomNo, Date, ResID) VALUES (303, '2020-11-28', 1248);
INSERT INTO Occupancies(RoomNo, Date, ResID) VALUES (303, '2020-11-29', 1248);
#1249
INSERT INTO Customers(Fname, Lname, Phone, Email) VALUES ("Verla", "Ortiz", '684-353-2099', "Verla_Ortiz@gmail.com");
INSERT INTO Reservations(ID, StartDate, EndDate, NumGuests, CustomerID, Source, BookedAt) VALUES(1249, '2020-05-10', '2020-05-12', 5, 1249, 'direct', '2020-12-28 02:48:10');
INSERT INTO Occupancies(RoomNo, Date, ResID) VALUES (106, '2020-05-10', 1249);
INSERT INTO Occupancies(RoomNo, Date, ResID) VALUES (106, '2020-05-11', 1249);
#1250
INSERT INTO Customers(Fname, Lname, Phone, Email) VALUES ("Jalon", "Carroll", '418-392-7915', "Jalon_Carroll@gmail.com");
INSERT INTO Reservations(ID, StartDate, EndDate, NumGuests, CustomerID, Source, BookedAt) VALUES(1250, '2021-01-06', '2021-01-10', 3, 1250, 'corporate', '2020-12-28 02:48:10');
INSERT INTO Occupancies(RoomNo, Date, ResID) VALUES (102, '2021-01-06', 1250);
INSERT INTO Occupancies(RoomNo, Date, ResID) VALUES (102, '2021-01-07', 1250);
INSERT INTO Occupancies(RoomNo, Date, ResID) VALUES (102, '2021-01-08', 1250);
INSERT INTO Occupancies(RoomNo, Date, ResID) VALUES (102, '2021-01-09', 1250);
#1251
INSERT INTO Customers(Fname, Lname, Phone, Email) VALUES ("Harry", "Green", '305-728-8402', "Harry_Green@gmail.com");
INSERT INTO Reservations(ID, StartDate, EndDate, NumGuests, CustomerID, Source, BookedAt) VALUES(1251, '2020-04-19', '2020-04-24', 3, 1251, 'OTA', '2020-12-28 02:48:10');
INSERT INTO Occupancies(RoomNo, Date, ResID) VALUES (106, '2020-04-19', 1251);
INSERT INTO Occupancies(RoomNo, Date, ResID) VALUES (106, '2020-04-20', 1251);
INSERT INTO Occupancies(RoomNo, Date, ResID) VALUES (106, '2020-04-21', 1251);
INSERT INTO Occupancies(RoomNo, Date, ResID) VALUES (106, '2020-04-22', 1251);
INSERT INTO Occupancies(RoomNo, Date, ResID) VALUES (106, '2020-04-23', 1251);
#1252
INSERT INTO Customers(Fname, Lname, Phone, Email) VALUES ("Lonny", "Buckridge", '779-889-5718', "Lonny_Buckridge@gmail.com");
INSERT INTO Reservations(ID, StartDate, EndDate, NumGuests, CustomerID, Source, BookedAt) VALUES(1252, '2021-04-10', '2021-04-15', 5, 1252, 'agency', '2020-12-28 02:48:10');
INSERT INTO Occupancies(RoomNo, Date, ResID) VALUES (105, '2021-04-10', 1252);
INSERT INTO Occupancies(RoomNo, Date, ResID) VALUES (105, '2021-04-11', 1252);
INSERT INTO Occupancies(RoomNo, Date, ResID) VALUES (105, '2021-04-12', 1252);
INSERT INTO Occupancies(RoomNo, Date, ResID) VALUES (105, '2021-04-13', 1252);
INSERT INTO Occupancies(RoomNo, Date, ResID) VALUES (105, '2021-04-14', 1252);
#1253
INSERT INTO Customers(Fname, Lname, Phone, Email) VALUES ("Nora", "Dooley", '322-533-8340', "Nora_Dooley@gmail.com");
INSERT INTO Reservations(ID, StartDate, EndDate, NumGuests, CustomerID, Source, BookedAt) VALUES(1253, '2020-03-19', '2020-03-20', 2, 1253, 'corporate', '2020-12-28 02:48:10');
INSERT INTO Occupancies(RoomNo, Date, ResID) VALUES (401, '2020-03-19', 1253);
#1254
INSERT INTO Customers(Fname, Lname, Phone, Email) VALUES ("Garrett", "Volkman", '998-888-8727', "Garrett_Volkman@gmail.com");
INSERT INTO Reservations(ID, StartDate, EndDate, NumGuests, CustomerID, Source, BookedAt) VALUES(1254, '2020-07-05', '2020-07-07', 1, 1254, 'OTA', '2020-12-28 02:48:10');
INSERT INTO Occupancies(RoomNo, Date, ResID) VALUES (502, '2020-07-05', 1254);
INSERT INTO Occupancies(RoomNo, Date, ResID) VALUES (502, '2020-07-06', 1254);
#1255
INSERT INTO Customers(Fname, Lname, Phone, Email) VALUES ("Leta", "Green", '867-698-4144', "Leta_Green@gmail.com");
INSERT INTO Reservations(ID, StartDate, EndDate, NumGuests, CustomerID, Source, BookedAt) VALUES(1255, '2020-07-24', '2020-07-29', 4, 1255, 'OTA', '2020-12-28 02:48:10');
INSERT INTO Occupancies(RoomNo, Date, ResID) VALUES (306, '2020-07-24', 1255);
INSERT INTO Occupancies(RoomNo, Date, ResID) VALUES (306, '2020-07-25', 1255);
INSERT INTO Occupancies(RoomNo, Date, ResID) VALUES (306, '2020-07-26', 1255);
INSERT INTO Occupancies(RoomNo, Date, ResID) VALUES (306, '2020-07-27', 1255);
INSERT INTO Occupancies(RoomNo, Date, ResID) VALUES (306, '2020-07-28', 1255);
#1256
INSERT INTO Customers(Fname, Lname, Phone, Email) VALUES ("Willie", "Tremblay", '824-341-4269', "Willie_Tremblay@gmail.com");
INSERT INTO Reservations(ID, StartDate, EndDate, NumGuests, CustomerID, Source, BookedAt) VALUES(1256, '2020-10-09', '2020-10-11', 1, 1256, 'OTA', '2020-12-28 02:48:10');
INSERT INTO Occupancies(RoomNo, Date, ResID) VALUES (106, '2020-10-09', 1256);
INSERT INTO Occupancies(RoomNo, Date, ResID) VALUES (106, '2020-10-10', 1256);
#1257
INSERT INTO Customers(Fname, Lname, Phone, Email) VALUES ("Shanny", "Mann", '984-328-3323', "Shanny_Mann@gmail.com");
INSERT INTO Reservations(ID, StartDate, EndDate, NumGuests, CustomerID, Source, BookedAt) VALUES(1257, '2020-09-02', '2020-09-06', 2, 1257, 'agency', '2020-12-28 02:48:10');
INSERT INTO Occupancies(RoomNo, Date, ResID) VALUES (201, '2020-09-02', 1257);
INSERT INTO Occupancies(RoomNo, Date, ResID) VALUES (201, '2020-09-03', 1257);
INSERT INTO Occupancies(RoomNo, Date, ResID) VALUES (201, '2020-09-04', 1257);
INSERT INTO Occupancies(RoomNo, Date, ResID) VALUES (201, '2020-09-05', 1257);
#1258
INSERT INTO Customers(Fname, Lname, Phone, Email) VALUES ("Leonardo", "Hauck", '780-229-6816', "Leonardo_Hauck@gmail.com");
INSERT INTO Reservations(ID, StartDate, EndDate, NumGuests, CustomerID, Source, BookedAt) VALUES(1258, '2020-11-20', '2020-11-21', 3, 1258, 'direct', '2020-12-28 02:48:10');
INSERT INTO Occupancies(RoomNo, Date, ResID) VALUES (405, '2020-11-20', 1258);
#1259
INSERT INTO Customers(Fname, Lname, Phone, Email) VALUES ("Lupe", "Kutch", '306-394-8621', "Lupe_Kutch@gmail.com");
INSERT INTO Reservations(ID, StartDate, EndDate, NumGuests, CustomerID, Source, BookedAt) VALUES(1259, '2021-08-28', '2021-08-30', 3, 1259, 'direct', '2020-12-28 02:48:10');
INSERT INTO Occupancies(RoomNo, Date, ResID) VALUES (304, '2021-08-28', 1259);
INSERT INTO Occupancies(RoomNo, Date, ResID) VALUES (304, '2021-08-29', 1259);
#1260
INSERT INTO Customers(Fname, Lname, Phone, Email) VALUES ("Isaias", "Berge", '337-921-6708', "Isaias_Berge@gmail.com");
INSERT INTO Reservations(ID, StartDate, EndDate, NumGuests, CustomerID, Source, BookedAt) VALUES(1260, '2020-07-12', '2020-07-14', 2, 1260, 'direct', '2020-12-28 02:48:10');
INSERT INTO Occupancies(RoomNo, Date, ResID) VALUES (302, '2020-07-12', 1260);
INSERT INTO Occupancies(RoomNo, Date, ResID) VALUES (302, '2020-07-13', 1260);
#1261
INSERT INTO Customers(Fname, Lname, Phone, Email) VALUES ("Maye", "Schinner", '527-305-4832', "Maye_Schinner@gmail.com");
INSERT INTO Reservations(ID, StartDate, EndDate, NumGuests, CustomerID, Source, BookedAt) VALUES(1261, '2020-01-01', '2020-01-05', 1, 1261, 'OTA', '2020-12-28 02:48:10');
INSERT INTO Occupancies(RoomNo, Date, ResID) VALUES (101, '2020-01-01', 1261);
INSERT INTO Occupancies(RoomNo, Date, ResID) VALUES (101, '2020-01-02', 1261);
INSERT INTO Occupancies(RoomNo, Date, ResID) VALUES (101, '2020-01-03', 1261);
INSERT INTO Occupancies(RoomNo, Date, ResID) VALUES (101, '2020-01-04', 1261);
#1262
INSERT INTO Customers(Fname, Lname, Phone, Email) VALUES ("Ezekiel", "Kautzer", '237-387-0068', "Ezekiel_Kautzer@gmail.com");
INSERT INTO Reservations(ID, StartDate, EndDate, NumGuests, CustomerID, Source, BookedAt) VALUES(1262, '2020-10-24', '2020-10-27', 4, 1262, 'agency', '2020-12-28 02:48:10');
INSERT INTO Occupancies(RoomNo, Date, ResID) VALUES (201, '2020-10-24', 1262);
INSERT INTO Occupancies(RoomNo, Date, ResID) VALUES (201, '2020-10-25', 1262);
INSERT INTO Occupancies(RoomNo, Date, ResID) VALUES (201, '2020-10-26', 1262);
#1263
INSERT INTO Customers(Fname, Lname, Phone, Email) VALUES ("Mose", "Monahan", '489-993-4204', "Mose_Monahan@gmail.com");
INSERT INTO Reservations(ID, StartDate, EndDate, NumGuests, CustomerID, Source, BookedAt) VALUES(1263, '2021-12-11', '2021-12-12', 1, 1263, 'OTA', '2020-12-28 02:48:10');
INSERT INTO Occupancies(RoomNo, Date, ResID) VALUES (504, '2021-12-11', 1263);
#1264
INSERT INTO Customers(Fname, Lname, Phone, Email) VALUES ("Alessandra", "Beatty", '262-435-5216', "Alessandra_Beatty@gmail.com");
INSERT INTO Reservations(ID, StartDate, EndDate, NumGuests, CustomerID, Source, BookedAt) VALUES(1264, '2020-02-10', '2020-02-14', 3, 1264, 'direct', '2020-12-28 02:48:10');
INSERT INTO Occupancies(RoomNo, Date, ResID) VALUES (101, '2020-02-10', 1264);
INSERT INTO Occupancies(RoomNo, Date, ResID) VALUES (101, '2020-02-11', 1264);
INSERT INTO Occupancies(RoomNo, Date, ResID) VALUES (101, '2020-02-12', 1264);
INSERT INTO Occupancies(RoomNo, Date, ResID) VALUES (101, '2020-02-13', 1264);
#1265
INSERT INTO Customers(Fname, Lname, Phone, Email) VALUES ("Orin", "Ratke", '587-981-0995', "Orin_Ratke@gmail.com");
INSERT INTO Reservations(ID, StartDate, EndDate, NumGuests, CustomerID, Source, BookedAt) VALUES(1265, '2021-09-19', '2021-09-22', 2, 1265, 'direct', '2020-12-28 02:48:10');
INSERT INTO Occupancies(RoomNo, Date, ResID) VALUES (403, '2021-09-19', 1265);
INSERT INTO Occupancies(RoomNo, Date, ResID) VALUES (403, '2021-09-20', 1265);
INSERT INTO Occupancies(RoomNo, Date, ResID) VALUES (403, '2021-09-21', 1265);
#1266
INSERT INTO Customers(Fname, Lname, Phone, Email) VALUES ("Vivianne", "Ondricka", '732-301-2851', "Vivianne_Ondricka@gmail.com");
INSERT INTO Reservations(ID, StartDate, EndDate, NumGuests, CustomerID, Source, BookedAt) VALUES(1266, '2020-05-23', '2020-05-25', 5, 1266, 'direct', '2020-12-28 02:48:10');
INSERT INTO Occupancies(RoomNo, Date, ResID) VALUES (103, '2020-05-23', 1266);
INSERT INTO Occupancies(RoomNo, Date, ResID) VALUES (103, '2020-05-24', 1266);
#1267
INSERT INTO Customers(Fname, Lname, Phone, Email) VALUES ("Willis", "Friesen", '251-239-2670', "Willis_Friesen@gmail.com");
INSERT INTO Reservations(ID, StartDate, EndDate, NumGuests, CustomerID, Source, BookedAt) VALUES(1267, '2020-03-19', '2020-03-21', 1, 1267, 'corporate', '2020-12-28 02:48:10');
INSERT INTO Occupancies(RoomNo, Date, ResID) VALUES (204, '2020-03-19', 1267);
INSERT INTO Occupancies(RoomNo, Date, ResID) VALUES (204, '2020-03-20', 1267);
#1268
INSERT INTO Customers(Fname, Lname, Phone, Email) VALUES ("Ulices", "Rogahn", '780-475-2941', "Ulices_Rogahn@gmail.com");
INSERT INTO Reservations(ID, StartDate, EndDate, NumGuests, CustomerID, Source, BookedAt) VALUES(1268, '2020-07-17', '2020-07-20', 1, 1268, 'OTA', '2020-12-28 02:48:10');
INSERT INTO Occupancies(RoomNo, Date, ResID) VALUES (404, '2020-07-17', 1268);
INSERT INTO Occupancies(RoomNo, Date, ResID) VALUES (404, '2020-07-18', 1268);
INSERT INTO Occupancies(RoomNo, Date, ResID) VALUES (404, '2020-07-19', 1268);
#1269
INSERT INTO Customers(Fname, Lname, Phone, Email) VALUES ("Burley", "Mayert", '349-365-9060', "Burley_Mayert@gmail.com");
INSERT INTO Reservations(ID, StartDate, EndDate, NumGuests, CustomerID, Source, BookedAt) VALUES(1269, '2021-02-26', '2021-03-01', 4, 1269, 'OTA', '2020-12-28 02:48:10');
INSERT INTO Occupancies(RoomNo, Date, ResID) VALUES (402, '2021-02-26', 1269);
INSERT INTO Occupancies(RoomNo, Date, ResID) VALUES (402, '2021-02-27', 1269);
INSERT INTO Occupancies(RoomNo, Date, ResID) VALUES (402, '2021-02-28', 1269);
#1270
INSERT INTO Customers(Fname, Lname, Phone, Email) VALUES ("Juanita", "Corwin", '976-302-4904', "Juanita_Corwin@gmail.com");
INSERT INTO Reservations(ID, StartDate, EndDate, NumGuests, CustomerID, Source, BookedAt) VALUES(1270, '2020-09-29', '2020-10-01', 4, 1270, 'direct', '2020-12-28 02:48:10');
INSERT INTO Occupancies(RoomNo, Date, ResID) VALUES (106, '2020-09-29', 1270);
INSERT INTO Occupancies(RoomNo, Date, ResID) VALUES (106, '2020-09-30', 1270);
#1271
INSERT INTO Customers(Fname, Lname, Phone, Email) VALUES ("Daisy", "Weimann", '664-936-5229', "Daisy_Weimann@gmail.com");
INSERT INTO Reservations(ID, StartDate, EndDate, NumGuests, CustomerID, Source, BookedAt) VALUES(1271, '2020-05-11', '2020-05-14', 3, 1271, 'direct', '2020-12-28 02:48:10');
INSERT INTO Occupancies(RoomNo, Date, ResID) VALUES (304, '2020-05-11', 1271);
INSERT INTO Occupancies(RoomNo, Date, ResID) VALUES (304, '2020-05-12', 1271);
INSERT INTO Occupancies(RoomNo, Date, ResID) VALUES (304, '2020-05-13', 1271);
#1272
INSERT INTO Customers(Fname, Lname, Phone, Email) VALUES ("Brannon", "Bergnaum", '722-208-0171', "Brannon_Bergnaum@gmail.com");
INSERT INTO Reservations(ID, StartDate, EndDate, NumGuests, CustomerID, Source, BookedAt) VALUES(1272, '2020-05-06', '2020-05-07', 5, 1272, 'OTA', '2020-12-28 02:48:10');
INSERT INTO Occupancies(RoomNo, Date, ResID) VALUES (501, '2020-05-06', 1272);
#1273
INSERT INTO Customers(Fname, Lname, Phone, Email) VALUES ("Murray", "Aufderhar", '732-451-3070', "Murray_Aufderhar@gmail.com");
INSERT INTO Reservations(ID, StartDate, EndDate, NumGuests, CustomerID, Source, BookedAt) VALUES(1273, '2020-07-03', '2020-07-04', 1, 1273, 'OTA', '2020-12-28 02:48:10');
INSERT INTO Occupancies(RoomNo, Date, ResID) VALUES (203, '2020-07-03', 1273);
#1274
INSERT INTO Customers(Fname, Lname, Phone, Email) VALUES ("Madge", "Lang", '355-565-6044', "Madge_Lang@gmail.com");
INSERT INTO Reservations(ID, StartDate, EndDate, NumGuests, CustomerID, Source, BookedAt) VALUES(1274, '2020-06-20', '2020-06-25', 2, 1274, 'direct', '2020-12-28 02:48:10');
INSERT INTO Occupancies(RoomNo, Date, ResID) VALUES (206, '2020-06-20', 1274);
INSERT INTO Occupancies(RoomNo, Date, ResID) VALUES (206, '2020-06-21', 1274);
INSERT INTO Occupancies(RoomNo, Date, ResID) VALUES (206, '2020-06-22', 1274);
INSERT INTO Occupancies(RoomNo, Date, ResID) VALUES (206, '2020-06-23', 1274);
INSERT INTO Occupancies(RoomNo, Date, ResID) VALUES (206, '2020-06-24', 1274);
#1275
INSERT INTO Customers(Fname, Lname, Phone, Email) VALUES ("Marcus", "Nikolaus", '652-373-6302', "Marcus_Nikolaus@gmail.com");
INSERT INTO Reservations(ID, StartDate, EndDate, NumGuests, CustomerID, Source, BookedAt) VALUES(1275, '2020-10-23', '2020-10-24', 3, 1275, 'OTA', '2020-12-28 02:48:10');
INSERT INTO Occupancies(RoomNo, Date, ResID) VALUES (406, '2020-10-23', 1275);
#1276
INSERT INTO Customers(Fname, Lname, Phone, Email) VALUES ("Lauryn", "Harris", '324-287-9775', "Lauryn_Harris@gmail.com");
INSERT INTO Reservations(ID, StartDate, EndDate, NumGuests, CustomerID, Source, BookedAt) VALUES(1276, '2020-03-08', '2020-03-09', 2, 1276, 'direct', '2020-12-28 02:48:10');
INSERT INTO Occupancies(RoomNo, Date, ResID) VALUES (403, '2020-03-08', 1276);
#1277
INSERT INTO Customers(Fname, Lname, Phone, Email) VALUES ("Roselyn", "Hegmann", '463-626-3436', "Roselyn_Hegmann@gmail.com");
INSERT INTO Reservations(ID, StartDate, EndDate, NumGuests, CustomerID, Source, BookedAt) VALUES(1277, '2020-08-23', '2020-08-28', 5, 1277, 'OTA', '2020-12-28 02:48:10');
INSERT INTO Occupancies(RoomNo, Date, ResID) VALUES (204, '2020-08-23', 1277);
INSERT INTO Occupancies(RoomNo, Date, ResID) VALUES (204, '2020-08-24', 1277);
INSERT INTO Occupancies(RoomNo, Date, ResID) VALUES (204, '2020-08-25', 1277);
INSERT INTO Occupancies(RoomNo, Date, ResID) VALUES (204, '2020-08-26', 1277);
INSERT INTO Occupancies(RoomNo, Date, ResID) VALUES (204, '2020-08-27', 1277);
#1278
INSERT INTO Customers(Fname, Lname, Phone, Email) VALUES ("Marty", "Ruecker", '509-551-5284', "Marty_Ruecker@gmail.com");
INSERT INTO Reservations(ID, StartDate, EndDate, NumGuests, CustomerID, Source, BookedAt) VALUES(1278, '2020-06-02', '2020-06-04', 4, 1278, 'OTA', '2020-12-28 02:48:10');
INSERT INTO Occupancies(RoomNo, Date, ResID) VALUES (505, '2020-06-02', 1278);
INSERT INTO Occupancies(RoomNo, Date, ResID) VALUES (505, '2020-06-03', 1278);
#1279
INSERT INTO Customers(Fname, Lname, Phone, Email) VALUES ("Korbin", "Kerluke", '582-298-7322', "Korbin_Kerluke@gmail.com");
INSERT INTO Reservations(ID, StartDate, EndDate, NumGuests, CustomerID, Source, BookedAt) VALUES(1279, '2020-10-13', '2020-10-18', 1, 1279, 'OTA', '2020-12-28 02:48:10');
INSERT INTO Occupancies(RoomNo, Date, ResID) VALUES (506, '2020-10-13', 1279);
INSERT INTO Occupancies(RoomNo, Date, ResID) VALUES (506, '2020-10-14', 1279);
INSERT INTO Occupancies(RoomNo, Date, ResID) VALUES (506, '2020-10-15', 1279);
INSERT INTO Occupancies(RoomNo, Date, ResID) VALUES (506, '2020-10-16', 1279);
INSERT INTO Occupancies(RoomNo, Date, ResID) VALUES (506, '2020-10-17', 1279);
#1280
INSERT INTO Customers(Fname, Lname, Phone, Email) VALUES ("Armand", "Ullrich", '416-644-1275', "Armand_Ullrich@gmail.com");
INSERT INTO Reservations(ID, StartDate, EndDate, NumGuests, CustomerID, Source, BookedAt) VALUES(1280, '2020-05-20', '2020-05-25', 1, 1280, 'direct', '2020-12-28 02:48:10');
INSERT INTO Occupancies(RoomNo, Date, ResID) VALUES (504, '2020-05-20', 1280);
INSERT INTO Occupancies(RoomNo, Date, ResID) VALUES (504, '2020-05-21', 1280);
INSERT INTO Occupancies(RoomNo, Date, ResID) VALUES (504, '2020-05-22', 1280);
INSERT INTO Occupancies(RoomNo, Date, ResID) VALUES (504, '2020-05-23', 1280);
INSERT INTO Occupancies(RoomNo, Date, ResID) VALUES (504, '2020-05-24', 1280);
#1281
INSERT INTO Customers(Fname, Lname, Phone, Email) VALUES ("Armando", "Bernhard", '618-470-5906', "Armando_Bernhard@gmail.com");
INSERT INTO Reservations(ID, StartDate, EndDate, NumGuests, CustomerID, Source, BookedAt) VALUES(1281, '2021-09-07', '2021-09-12', 3, 1281, 'direct', '2020-12-28 02:48:10');
INSERT INTO Occupancies(RoomNo, Date, ResID) VALUES (301, '2021-09-07', 1281);
INSERT INTO Occupancies(RoomNo, Date, ResID) VALUES (301, '2021-09-08', 1281);
INSERT INTO Occupancies(RoomNo, Date, ResID) VALUES (301, '2021-09-09', 1281);
INSERT INTO Occupancies(RoomNo, Date, ResID) VALUES (301, '2021-09-10', 1281);
INSERT INTO Occupancies(RoomNo, Date, ResID) VALUES (301, '2021-09-11', 1281);
#1282
INSERT INTO Customers(Fname, Lname, Phone, Email) VALUES ("Enola", "Collins", '567-519-6497', "Enola_Collins@gmail.com");
INSERT INTO Reservations(ID, StartDate, EndDate, NumGuests, CustomerID, Source, BookedAt) VALUES(1282, '2020-05-05', '2020-05-06', 3, 1282, 'OTA', '2020-12-28 02:48:10');
INSERT INTO Occupancies(RoomNo, Date, ResID) VALUES (501, '2020-05-05', 1282);
#1283
INSERT INTO Customers(Fname, Lname, Phone, Email) VALUES ("Mose", "Kemmer", '782-414-1492', "Mose_Kemmer@gmail.com");
INSERT INTO Reservations(ID, StartDate, EndDate, NumGuests, CustomerID, Source, BookedAt) VALUES(1283, '2020-04-06', '2020-04-07', 3, 1283, 'direct', '2020-12-28 02:48:10');
INSERT INTO Occupancies(RoomNo, Date, ResID) VALUES (204, '2020-04-06', 1283);
#1284
INSERT INTO Customers(Fname, Lname, Phone, Email) VALUES ("Adah", "Cummings", '776-277-7635', "Adah_Cummings@gmail.com");
INSERT INTO Reservations(ID, StartDate, EndDate, NumGuests, CustomerID, Source, BookedAt) VALUES(1284, '2021-01-29', '2021-02-01', 2, 1284, 'agency', '2020-12-28 02:48:10');
INSERT INTO Occupancies(RoomNo, Date, ResID) VALUES (405, '2021-01-29', 1284);
INSERT INTO Occupancies(RoomNo, Date, ResID) VALUES (405, '2021-01-30', 1284);
INSERT INTO Occupancies(RoomNo, Date, ResID) VALUES (405, '2021-01-31', 1284);
#1285
INSERT INTO Customers(Fname, Lname, Phone, Email) VALUES ("Roderick", "Ondricka", '352-396-7058', "Roderick_Ondricka@gmail.com");
INSERT INTO Reservations(ID, StartDate, EndDate, NumGuests, CustomerID, Source, BookedAt) VALUES(1285, '2020-03-10', '2020-03-12', 3, 1285, 'corporate', '2020-12-28 02:48:10');
INSERT INTO Occupancies(RoomNo, Date, ResID) VALUES (402, '2020-03-10', 1285);
INSERT INTO Occupancies(RoomNo, Date, ResID) VALUES (402, '2020-03-11', 1285);
#1286
INSERT INTO Customers(Fname, Lname, Phone, Email) VALUES ("Emmy", "Bernier", '928-479-7511', "Emmy_Bernier@gmail.com");
INSERT INTO Reservations(ID, StartDate, EndDate, NumGuests, CustomerID, Source, BookedAt) VALUES(1286, '2020-12-01', '2020-12-03', 1, 1286, 'OTA', '2020-12-28 02:48:10');
INSERT INTO Occupancies(RoomNo, Date, ResID) VALUES (501, '2020-12-01', 1286);
INSERT INTO Occupancies(RoomNo, Date, ResID) VALUES (501, '2020-12-02', 1286);
#1287
INSERT INTO Customers(Fname, Lname, Phone, Email) VALUES ("Jameson", "Hintz", '768-838-8850', "Jameson_Hintz@gmail.com");
INSERT INTO Reservations(ID, StartDate, EndDate, NumGuests, CustomerID, Source, BookedAt) VALUES(1287, '2020-08-28', '2020-08-31', 4, 1287, 'OTA', '2020-12-28 02:48:10');
INSERT INTO Occupancies(RoomNo, Date, ResID) VALUES (403, '2020-08-28', 1287);
INSERT INTO Occupancies(RoomNo, Date, ResID) VALUES (403, '2020-08-29', 1287);
INSERT INTO Occupancies(RoomNo, Date, ResID) VALUES (403, '2020-08-30', 1287);
#1288
INSERT INTO Customers(Fname, Lname, Phone, Email) VALUES ("Aubree", "Mante", '742-646-0419', "Aubree_Mante@gmail.com");
INSERT INTO Reservations(ID, StartDate, EndDate, NumGuests, CustomerID, Source, BookedAt) VALUES(1288, '2020-01-13', '2020-01-15', 4, 1288, 'OTA', '2020-12-28 02:48:10');
INSERT INTO Occupancies(RoomNo, Date, ResID) VALUES (206, '2020-01-13', 1288);
INSERT INTO Occupancies(RoomNo, Date, ResID) VALUES (206, '2020-01-14', 1288);
#1289
INSERT INTO Customers(Fname, Lname, Phone, Email) VALUES ("Caden", "Grant", '660-737-3726', "Caden_Grant@gmail.com");
INSERT INTO Reservations(ID, StartDate, EndDate, NumGuests, CustomerID, Source, BookedAt) VALUES(1289, '2020-02-20', '2020-02-21', 4, 1289, 'direct', '2020-12-28 02:48:10');
INSERT INTO Occupancies(RoomNo, Date, ResID) VALUES (401, '2020-02-20', 1289);
#1290
INSERT INTO Customers(Fname, Lname, Phone, Email) VALUES ("Rosa", "Bartell", '639-803-9721', "Rosa_Bartell@gmail.com");
INSERT INTO Reservations(ID, StartDate, EndDate, NumGuests, CustomerID, Source, BookedAt) VALUES(1290, '2020-08-31', '2020-09-02', 2, 1290, 'direct', '2020-12-28 02:48:10');
INSERT INTO Occupancies(RoomNo, Date, ResID) VALUES (303, '2020-08-31', 1290);
INSERT INTO Occupancies(RoomNo, Date, ResID) VALUES (303, '2020-09-01', 1290);
#1291
INSERT INTO Customers(Fname, Lname, Phone, Email) VALUES ("Dewitt", "Nicolas", '220-901-5769', "Dewitt_Nicolas@gmail.com");
INSERT INTO Reservations(ID, StartDate, EndDate, NumGuests, CustomerID, Source, BookedAt) VALUES(1291, '2020-07-02', '2020-07-06', 3, 1291, 'agency', '2020-12-28 02:48:10');
INSERT INTO Occupancies(RoomNo, Date, ResID) VALUES (305, '2020-07-02', 1291);
INSERT INTO Occupancies(RoomNo, Date, ResID) VALUES (305, '2020-07-03', 1291);
INSERT INTO Occupancies(RoomNo, Date, ResID) VALUES (305, '2020-07-04', 1291);
INSERT INTO Occupancies(RoomNo, Date, ResID) VALUES (305, '2020-07-05', 1291);
#1292
INSERT INTO Customers(Fname, Lname, Phone, Email) VALUES ("Otilia", "Goodwin", '360-736-4208', "Otilia_Goodwin@gmail.com");
INSERT INTO Reservations(ID, StartDate, EndDate, NumGuests, CustomerID, Source, BookedAt) VALUES(1292, '2021-04-30', '2021-05-04', 4, 1292, 'OTA', '2020-12-28 02:48:10');
INSERT INTO Occupancies(RoomNo, Date, ResID) VALUES (502, '2021-04-30', 1292);
INSERT INTO Occupancies(RoomNo, Date, ResID) VALUES (502, '2021-05-01', 1292);
INSERT INTO Occupancies(RoomNo, Date, ResID) VALUES (502, '2021-05-02', 1292);
INSERT INTO Occupancies(RoomNo, Date, ResID) VALUES (502, '2021-05-03', 1292);
#1293
INSERT INTO Customers(Fname, Lname, Phone, Email) VALUES ("Daniela", "Reinger", '994-258-6154', "Daniela_Reinger@gmail.com");
INSERT INTO Reservations(ID, StartDate, EndDate, NumGuests, CustomerID, Source, BookedAt) VALUES(1293, '2021-09-16', '2021-09-20', 5, 1293, 'OTA', '2020-12-28 02:48:10');
INSERT INTO Occupancies(RoomNo, Date, ResID) VALUES (102, '2021-09-16', 1293);
INSERT INTO Occupancies(RoomNo, Date, ResID) VALUES (102, '2021-09-17', 1293);
INSERT INTO Occupancies(RoomNo, Date, ResID) VALUES (102, '2021-09-18', 1293);
INSERT INTO Occupancies(RoomNo, Date, ResID) VALUES (102, '2021-09-19', 1293);
#1294
INSERT INTO Customers(Fname, Lname, Phone, Email) VALUES ("Lurline", "Gutmann", '659-326-4220', "Lurline_Gutmann@gmail.com");
INSERT INTO Reservations(ID, StartDate, EndDate, NumGuests, CustomerID, Source, BookedAt) VALUES(1294, '2020-03-10', '2020-03-11', 5, 1294, 'OTA', '2020-12-28 02:48:10');
INSERT INTO Occupancies(RoomNo, Date, ResID) VALUES (306, '2020-03-10', 1294);
#1295
INSERT INTO Customers(Fname, Lname, Phone, Email) VALUES ("Hoyt", "Purdy", '727-611-7777', "Hoyt_Purdy@gmail.com");
INSERT INTO Reservations(ID, StartDate, EndDate, NumGuests, CustomerID, Source, BookedAt) VALUES(1295, '2020-05-21', '2020-05-22', 1, 1295, 'direct', '2020-12-28 02:48:10');
INSERT INTO Occupancies(RoomNo, Date, ResID) VALUES (205, '2020-05-21', 1295);
#1296
INSERT INTO Customers(Fname, Lname, Phone, Email) VALUES ("Clovis", "Kirlin", '835-407-1834', "Clovis_Kirlin@gmail.com");
INSERT INTO Reservations(ID, StartDate, EndDate, NumGuests, CustomerID, Source, BookedAt) VALUES(1296, '2020-11-07', '2020-11-10', 4, 1296, 'direct', '2020-12-28 02:48:10');
INSERT INTO Occupancies(RoomNo, Date, ResID) VALUES (204, '2020-11-07', 1296);
INSERT INTO Occupancies(RoomNo, Date, ResID) VALUES (204, '2020-11-08', 1296);
INSERT INTO Occupancies(RoomNo, Date, ResID) VALUES (204, '2020-11-09', 1296);
#1297
INSERT INTO Customers(Fname, Lname, Phone, Email) VALUES ("Violet", "Champlin", '942-829-7706', "Violet_Champlin@gmail.com");
INSERT INTO Reservations(ID, StartDate, EndDate, NumGuests, CustomerID, Source, BookedAt) VALUES(1297, '2020-09-27', '2020-09-29', 2, 1297, 'direct', '2020-12-28 02:48:10');
INSERT INTO Occupancies(RoomNo, Date, ResID) VALUES (106, '2020-09-27', 1297);
INSERT INTO Occupancies(RoomNo, Date, ResID) VALUES (106, '2020-09-28', 1297);
#1298
INSERT INTO Customers(Fname, Lname, Phone, Email) VALUES ("Liam", "Cummings", '689-613-2022', "Liam_Cummings@gmail.com");
INSERT INTO Reservations(ID, StartDate, EndDate, NumGuests, CustomerID, Source, BookedAt) VALUES(1298, '2020-12-17', '2020-12-19', 3, 1298, 'agency', '2020-12-28 02:48:10');
INSERT INTO Occupancies(RoomNo, Date, ResID) VALUES (201, '2020-12-17', 1298);
INSERT INTO Occupancies(RoomNo, Date, ResID) VALUES (201, '2020-12-18', 1298);
#1299
INSERT INTO Customers(Fname, Lname, Phone, Email) VALUES ("Meagan", "Kozey", '654-481-5607', "Meagan_Kozey@gmail.com");
INSERT INTO Reservations(ID, StartDate, EndDate, NumGuests, CustomerID, Source, BookedAt) VALUES(1299, '2021-04-08', '2021-04-12', 3, 1299, 'OTA', '2020-12-28 02:48:10');
INSERT INTO Occupancies(RoomNo, Date, ResID) VALUES (206, '2021-04-08', 1299);
INSERT INTO Occupancies(RoomNo, Date, ResID) VALUES (206, '2021-04-09', 1299);
INSERT INTO Occupancies(RoomNo, Date, ResID) VALUES (206, '2021-04-10', 1299);
INSERT INTO Occupancies(RoomNo, Date, ResID) VALUES (206, '2021-04-11', 1299);
#1300
INSERT INTO Customers(Fname, Lname, Phone, Email) VALUES ("Tatum", "McKenzie", '670-409-1314', "Tatum_McKenzie@gmail.com");
INSERT INTO Reservations(ID, StartDate, EndDate, NumGuests, CustomerID, Source, BookedAt) VALUES(1300, '2020-04-30', '2020-05-03', 1, 1300, 'OTA', '2020-12-28 02:48:10');
INSERT INTO Occupancies(RoomNo, Date, ResID) VALUES (106, '2020-04-30', 1300);
INSERT INTO Occupancies(RoomNo, Date, ResID) VALUES (106, '2020-05-01', 1300);
INSERT INTO Occupancies(RoomNo, Date, ResID) VALUES (106, '2020-05-02', 1300);
#1301
INSERT INTO Customers(Fname, Lname, Phone, Email) VALUES ("Annalise", "Stamm", '474-451-1629', "Annalise_Stamm@gmail.com");
INSERT INTO Reservations(ID, StartDate, EndDate, NumGuests, CustomerID, Source, BookedAt) VALUES(1301, '2020-03-23', '2020-03-26', 2, 1301, 'direct', '2020-12-28 02:48:10');
INSERT INTO Occupancies(RoomNo, Date, ResID) VALUES (403, '2020-03-23', 1301);
INSERT INTO Occupancies(RoomNo, Date, ResID) VALUES (403, '2020-03-24', 1301);
INSERT INTO Occupancies(RoomNo, Date, ResID) VALUES (403, '2020-03-25', 1301);
#1302
INSERT INTO Customers(Fname, Lname, Phone, Email) VALUES ("Chadrick", "Grant", '706-680-6363', "Chadrick_Grant@gmail.com");
INSERT INTO Reservations(ID, StartDate, EndDate, NumGuests, CustomerID, Source, BookedAt) VALUES(1302, '2021-02-08', '2021-02-10', 1, 1302, 'agency', '2020-12-28 02:48:10');
INSERT INTO Occupancies(RoomNo, Date, ResID) VALUES (205, '2021-02-08', 1302);
INSERT INTO Occupancies(RoomNo, Date, ResID) VALUES (205, '2021-02-09', 1302);
#1303
INSERT INTO Customers(Fname, Lname, Phone, Email) VALUES ("Bert", "Batz", '431-934-2087', "Bert_Batz@gmail.com");
INSERT INTO Reservations(ID, StartDate, EndDate, NumGuests, CustomerID, Source, BookedAt) VALUES(1303, '2020-09-22', '2020-09-23', 4, 1303, 'direct', '2020-12-28 02:48:10');
INSERT INTO Occupancies(RoomNo, Date, ResID) VALUES (102, '2020-09-22', 1303);
#1304
INSERT INTO Customers(Fname, Lname, Phone, Email) VALUES ("Maudie", "Bruen", '538-397-4714', "Maudie_Bruen@gmail.com");
INSERT INTO Reservations(ID, StartDate, EndDate, NumGuests, CustomerID, Source, BookedAt) VALUES(1304, '2020-04-30', '2020-05-04', 1, 1304, 'direct', '2020-12-28 02:48:10');
INSERT INTO Occupancies(RoomNo, Date, ResID) VALUES (204, '2020-04-30', 1304);
INSERT INTO Occupancies(RoomNo, Date, ResID) VALUES (204, '2020-05-01', 1304);
INSERT INTO Occupancies(RoomNo, Date, ResID) VALUES (204, '2020-05-02', 1304);
INSERT INTO Occupancies(RoomNo, Date, ResID) VALUES (204, '2020-05-03', 1304);
#1305
INSERT INTO Customers(Fname, Lname, Phone, Email) VALUES ("Miguel", "Hirthe", '319-410-5596', "Miguel_Hirthe@gmail.com");
INSERT INTO Reservations(ID, StartDate, EndDate, NumGuests, CustomerID, Source, BookedAt) VALUES(1305, '2020-04-07', '2020-04-09', 2, 1305, 'direct', '2020-12-28 02:48:10');
INSERT INTO Occupancies(RoomNo, Date, ResID) VALUES (302, '2020-04-07', 1305);
INSERT INTO Occupancies(RoomNo, Date, ResID) VALUES (302, '2020-04-08', 1305);
#1306
INSERT INTO Customers(Fname, Lname, Phone, Email) VALUES ("Cameron", "O'Conner", '238-974-7971', "Cameron_O'Conner@gmail.com");
INSERT INTO Reservations(ID, StartDate, EndDate, NumGuests, CustomerID, Source, BookedAt) VALUES(1306, '2021-03-03', '2021-03-04', 4, 1306, 'agency', '2020-12-28 02:48:10');
INSERT INTO Occupancies(RoomNo, Date, ResID) VALUES (201, '2021-03-03', 1306);
#1307
INSERT INTO Customers(Fname, Lname, Phone, Email) VALUES ("Mina", "Wilkinson", '250-692-4504', "Mina_Wilkinson@gmail.com");
INSERT INTO Reservations(ID, StartDate, EndDate, NumGuests, CustomerID, Source, BookedAt) VALUES(1307, '2020-01-07', '2020-01-08', 1, 1307, 'OTA', '2020-12-28 02:48:10');
INSERT INTO Occupancies(RoomNo, Date, ResID) VALUES (301, '2020-01-07', 1307);
#1308
INSERT INTO Customers(Fname, Lname, Phone, Email) VALUES ("Haylie", "Parker", '679-852-8160', "Haylie_Parker@gmail.com");
INSERT INTO Reservations(ID, StartDate, EndDate, NumGuests, CustomerID, Source, BookedAt) VALUES(1308, '2020-08-01', '2020-08-05', 2, 1308, 'agency', '2020-12-28 02:48:10');
INSERT INTO Occupancies(RoomNo, Date, ResID) VALUES (206, '2020-08-01', 1308);
INSERT INTO Occupancies(RoomNo, Date, ResID) VALUES (206, '2020-08-02', 1308);
INSERT INTO Occupancies(RoomNo, Date, ResID) VALUES (206, '2020-08-03', 1308);
INSERT INTO Occupancies(RoomNo, Date, ResID) VALUES (206, '2020-08-04', 1308);
#1309
INSERT INTO Customers(Fname, Lname, Phone, Email) VALUES ("Brian", "Grant", '951-673-1039', "Brian_Grant@gmail.com");
INSERT INTO Reservations(ID, StartDate, EndDate, NumGuests, CustomerID, Source, BookedAt) VALUES(1309, '2020-02-15', '2020-02-18', 2, 1309, 'direct', '2020-12-28 02:48:10');
INSERT INTO Occupancies(RoomNo, Date, ResID) VALUES (202, '2020-02-15', 1309);
INSERT INTO Occupancies(RoomNo, Date, ResID) VALUES (202, '2020-02-16', 1309);
INSERT INTO Occupancies(RoomNo, Date, ResID) VALUES (202, '2020-02-17', 1309);
#1310
INSERT INTO Customers(Fname, Lname, Phone, Email) VALUES ("Constance", "Stokes", '982-424-8515', "Constance_Stokes@gmail.com");
INSERT INTO Reservations(ID, StartDate, EndDate, NumGuests, CustomerID, Source, BookedAt) VALUES(1310, '2019-12-30', '2020-01-01', 5, 1310, 'agency', '2020-12-28 02:48:10');
INSERT INTO Occupancies(RoomNo, Date, ResID) VALUES (301, '2019-12-30', 1310);
INSERT INTO Occupancies(RoomNo, Date, ResID) VALUES (301, '2019-12-31', 1310);
#1311
INSERT INTO Customers(Fname, Lname, Phone, Email) VALUES ("Grace", "Lang", '743-739-8580', "Grace_Lang@gmail.com");
INSERT INTO Reservations(ID, StartDate, EndDate, NumGuests, CustomerID, Source, BookedAt) VALUES(1311, '2020-10-24', '2020-10-25', 3, 1311, 'agency', '2020-12-28 02:48:10');
INSERT INTO Occupancies(RoomNo, Date, ResID) VALUES (305, '2020-10-24', 1311);
#1312
INSERT INTO Customers(Fname, Lname, Phone, Email) VALUES ("Rhea", "Hegmann", '712-853-5999', "Rhea_Hegmann@gmail.com");
INSERT INTO Reservations(ID, StartDate, EndDate, NumGuests, CustomerID, Source, BookedAt) VALUES(1312, '2020-07-15', '2020-07-19', 1, 1312, 'corporate', '2020-12-28 02:48:10');
INSERT INTO Occupancies(RoomNo, Date, ResID) VALUES (304, '2020-07-15', 1312);
INSERT INTO Occupancies(RoomNo, Date, ResID) VALUES (304, '2020-07-16', 1312);
INSERT INTO Occupancies(RoomNo, Date, ResID) VALUES (304, '2020-07-17', 1312);
INSERT INTO Occupancies(RoomNo, Date, ResID) VALUES (304, '2020-07-18', 1312);
#1313
INSERT INTO Customers(Fname, Lname, Phone, Email) VALUES ("Desmond", "Larkin", '876-751-6705', "Desmond_Larkin@gmail.com");
INSERT INTO Reservations(ID, StartDate, EndDate, NumGuests, CustomerID, Source, BookedAt) VALUES(1313, '2020-01-24', '2020-01-25', 1, 1313, 'OTA', '2020-12-28 02:48:10');
INSERT INTO Occupancies(RoomNo, Date, ResID) VALUES (105, '2020-01-24', 1313);
#1314
INSERT INTO Customers(Fname, Lname, Phone, Email) VALUES ("Devante", "Stracke", '619-438-1491', "Devante_Stracke@gmail.com");
INSERT INTO Reservations(ID, StartDate, EndDate, NumGuests, CustomerID, Source, BookedAt) VALUES(1314, '2021-11-22', '2021-11-25', 2, 1314, 'OTA', '2020-12-28 02:48:10');
INSERT INTO Occupancies(RoomNo, Date, ResID) VALUES (402, '2021-11-22', 1314);
INSERT INTO Occupancies(RoomNo, Date, ResID) VALUES (402, '2021-11-23', 1314);
INSERT INTO Occupancies(RoomNo, Date, ResID) VALUES (402, '2021-11-24', 1314);
#1315
INSERT INTO Customers(Fname, Lname, Phone, Email) VALUES ("Lilla", "Kozey", '799-284-4091', "Lilla_Kozey@gmail.com");
INSERT INTO Reservations(ID, StartDate, EndDate, NumGuests, CustomerID, Source, BookedAt) VALUES(1315, '2020-02-29', '2020-03-02', 4, 1315, 'agency', '2020-12-28 02:48:10');
INSERT INTO Occupancies(RoomNo, Date, ResID) VALUES (305, '2020-02-29', 1315);
INSERT INTO Occupancies(RoomNo, Date, ResID) VALUES (305, '2020-03-01', 1315);
#1316
INSERT INTO Customers(Fname, Lname, Phone, Email) VALUES ("Mable", "Schimmel", '493-387-1447', "Mable_Schimmel@gmail.com");
INSERT INTO Reservations(ID, StartDate, EndDate, NumGuests, CustomerID, Source, BookedAt) VALUES(1316, '2020-08-13', '2020-08-14', 5, 1316, 'direct', '2020-12-28 02:48:10');
INSERT INTO Occupancies(RoomNo, Date, ResID) VALUES (404, '2020-08-13', 1316);
#1317
INSERT INTO Customers(Fname, Lname, Phone, Email) VALUES ("Keeley", "Buckridge", '560-406-4221', "Keeley_Buckridge@gmail.com");
INSERT INTO Reservations(ID, StartDate, EndDate, NumGuests, CustomerID, Source, BookedAt) VALUES(1317, '2020-05-16', '2020-05-21', 3, 1317, 'OTA', '2020-12-28 02:48:10');
INSERT INTO Occupancies(RoomNo, Date, ResID) VALUES (201, '2020-05-16', 1317);
INSERT INTO Occupancies(RoomNo, Date, ResID) VALUES (201, '2020-05-17', 1317);
INSERT INTO Occupancies(RoomNo, Date, ResID) VALUES (201, '2020-05-18', 1317);
INSERT INTO Occupancies(RoomNo, Date, ResID) VALUES (201, '2020-05-19', 1317);
INSERT INTO Occupancies(RoomNo, Date, ResID) VALUES (201, '2020-05-20', 1317);
#1318
INSERT INTO Customers(Fname, Lname, Phone, Email) VALUES ("Josefina", "Rutherford", '268-803-3217', "Josefina_Rutherford@gmail.com");
INSERT INTO Reservations(ID, StartDate, EndDate, NumGuests, CustomerID, Source, BookedAt) VALUES(1318, '2020-11-30', '2020-12-03', 5, 1318, 'agency', '2020-12-28 02:48:10');
INSERT INTO Occupancies(RoomNo, Date, ResID) VALUES (105, '2020-11-30', 1318);
INSERT INTO Occupancies(RoomNo, Date, ResID) VALUES (105, '2020-12-01', 1318);
INSERT INTO Occupancies(RoomNo, Date, ResID) VALUES (105, '2020-12-02', 1318);
#1319
INSERT INTO Customers(Fname, Lname, Phone, Email) VALUES ("Isobel", "Mohr", '533-935-5174', "Isobel_Mohr@gmail.com");
INSERT INTO Reservations(ID, StartDate, EndDate, NumGuests, CustomerID, Source, BookedAt) VALUES(1319, '2020-11-06', '2020-11-07', 4, 1319, 'corporate', '2020-12-28 02:48:10');
INSERT INTO Occupancies(RoomNo, Date, ResID) VALUES (201, '2020-11-06', 1319);
#1320
INSERT INTO Customers(Fname, Lname, Phone, Email) VALUES ("Kristopher", "Herzog", '962-575-3495', "Kristopher_Herzog@gmail.com");
INSERT INTO Reservations(ID, StartDate, EndDate, NumGuests, CustomerID, Source, BookedAt) VALUES(1320, '2020-09-30', '2020-10-03', 3, 1320, 'corporate', '2020-12-28 02:48:10');
INSERT INTO Occupancies(RoomNo, Date, ResID) VALUES (101, '2020-09-30', 1320);
INSERT INTO Occupancies(RoomNo, Date, ResID) VALUES (101, '2020-10-01', 1320);
INSERT INTO Occupancies(RoomNo, Date, ResID) VALUES (101, '2020-10-02', 1320);
#1321
INSERT INTO Customers(Fname, Lname, Phone, Email) VALUES ("Lambert", "Parker", '809-699-4380', "Lambert_Parker@gmail.com");
INSERT INTO Reservations(ID, StartDate, EndDate, NumGuests, CustomerID, Source, BookedAt) VALUES(1321, '2020-02-14', '2020-02-19', 5, 1321, 'agency', '2020-12-28 02:48:10');
INSERT INTO Occupancies(RoomNo, Date, ResID) VALUES (502, '2020-02-14', 1321);
INSERT INTO Occupancies(RoomNo, Date, ResID) VALUES (502, '2020-02-15', 1321);
INSERT INTO Occupancies(RoomNo, Date, ResID) VALUES (502, '2020-02-16', 1321);
INSERT INTO Occupancies(RoomNo, Date, ResID) VALUES (502, '2020-02-17', 1321);
INSERT INTO Occupancies(RoomNo, Date, ResID) VALUES (502, '2020-02-18', 1321);
#1322
INSERT INTO Customers(Fname, Lname, Phone, Email) VALUES ("Adalberto", "Smitham", '862-943-8960', "Adalberto_Smitham@gmail.com");
INSERT INTO Reservations(ID, StartDate, EndDate, NumGuests, CustomerID, Source, BookedAt) VALUES(1322, '2020-08-06', '2020-08-08', 4, 1322, 'direct', '2020-12-28 02:48:10');
INSERT INTO Occupancies(RoomNo, Date, ResID) VALUES (204, '2020-08-06', 1322);
INSERT INTO Occupancies(RoomNo, Date, ResID) VALUES (204, '2020-08-07', 1322);
#1323
INSERT INTO Customers(Fname, Lname, Phone, Email) VALUES ("Daphne", "Deckow", '288-864-4020', "Daphne_Deckow@gmail.com");
INSERT INTO Reservations(ID, StartDate, EndDate, NumGuests, CustomerID, Source, BookedAt) VALUES(1323, '2021-11-12', '2021-11-17', 4, 1323, 'direct', '2020-12-28 02:48:10');
INSERT INTO Occupancies(RoomNo, Date, ResID) VALUES (402, '2021-11-12', 1323);
INSERT INTO Occupancies(RoomNo, Date, ResID) VALUES (402, '2021-11-13', 1323);
INSERT INTO Occupancies(RoomNo, Date, ResID) VALUES (402, '2021-11-14', 1323);
INSERT INTO Occupancies(RoomNo, Date, ResID) VALUES (402, '2021-11-15', 1323);
INSERT INTO Occupancies(RoomNo, Date, ResID) VALUES (402, '2021-11-16', 1323);
#1324
INSERT INTO Customers(Fname, Lname, Phone, Email) VALUES ("Stephania", "Wilkinson", '695-567-6377', "Stephania_Wilkinson@gmail.com");
INSERT INTO Reservations(ID, StartDate, EndDate, NumGuests, CustomerID, Source, BookedAt) VALUES(1324, '2020-06-21', '2020-06-24', 2, 1324, 'direct', '2020-12-28 02:48:10');
INSERT INTO Occupancies(RoomNo, Date, ResID) VALUES (501, '2020-06-21', 1324);
INSERT INTO Occupancies(RoomNo, Date, ResID) VALUES (501, '2020-06-22', 1324);
INSERT INTO Occupancies(RoomNo, Date, ResID) VALUES (501, '2020-06-23', 1324);
#1325
INSERT INTO Customers(Fname, Lname, Phone, Email) VALUES ("Irwin", "Haag", '730-568-7358', "Irwin_Haag@gmail.com");
INSERT INTO Reservations(ID, StartDate, EndDate, NumGuests, CustomerID, Source, BookedAt) VALUES(1325, '2020-02-25', '2020-02-27', 5, 1325, 'agency', '2020-12-28 02:48:10');
INSERT INTO Occupancies(RoomNo, Date, ResID) VALUES (303, '2020-02-25', 1325);
INSERT INTO Occupancies(RoomNo, Date, ResID) VALUES (303, '2020-02-26', 1325);
#1326
INSERT INTO Customers(Fname, Lname, Phone, Email) VALUES ("Estel", "Ward", '453-960-6842', "Estel_Ward@gmail.com");
INSERT INTO Reservations(ID, StartDate, EndDate, NumGuests, CustomerID, Source, BookedAt) VALUES(1326, '2021-12-13', '2021-12-14', 2, 1326, 'agency', '2020-12-28 02:48:10');
INSERT INTO Occupancies(RoomNo, Date, ResID) VALUES (101, '2021-12-13', 1326);
#1327
INSERT INTO Customers(Fname, Lname, Phone, Email) VALUES ("Aglae", "Dooley", '295-919-7008', "Aglae_Dooley@gmail.com");
INSERT INTO Reservations(ID, StartDate, EndDate, NumGuests, CustomerID, Source, BookedAt) VALUES(1327, '2020-11-26', '2020-11-27', 3, 1327, 'agency', '2020-12-28 02:48:10');
INSERT INTO Occupancies(RoomNo, Date, ResID) VALUES (104, '2020-11-26', 1327);
#1328
INSERT INTO Customers(Fname, Lname, Phone, Email) VALUES ("Loy", "Weimann", '357-245-6795', "Loy_Weimann@gmail.com");
INSERT INTO Reservations(ID, StartDate, EndDate, NumGuests, CustomerID, Source, BookedAt) VALUES(1328, '2021-09-18', '2021-09-20', 3, 1328, 'direct', '2020-12-28 02:48:10');
INSERT INTO Occupancies(RoomNo, Date, ResID) VALUES (404, '2021-09-18', 1328);
INSERT INTO Occupancies(RoomNo, Date, ResID) VALUES (404, '2021-09-19', 1328);
#1329
INSERT INTO Customers(Fname, Lname, Phone, Email) VALUES ("Vivianne", "Huel", '292-793-7806', "Vivianne_Huel@gmail.com");
INSERT INTO Reservations(ID, StartDate, EndDate, NumGuests, CustomerID, Source, BookedAt) VALUES(1329, '2021-10-25', '2021-10-27', 1, 1329, 'direct', '2020-12-28 02:48:10');
INSERT INTO Occupancies(RoomNo, Date, ResID) VALUES (305, '2021-10-25', 1329);
INSERT INTO Occupancies(RoomNo, Date, ResID) VALUES (305, '2021-10-26', 1329);
#1330
INSERT INTO Customers(Fname, Lname, Phone, Email) VALUES ("Leopold", "Schumm", '427-798-8318', "Leopold_Schumm@gmail.com");
INSERT INTO Reservations(ID, StartDate, EndDate, NumGuests, CustomerID, Source, BookedAt) VALUES(1330, '2021-10-20', '2021-10-21', 4, 1330, 'corporate', '2020-12-28 02:48:10');
INSERT INTO Occupancies(RoomNo, Date, ResID) VALUES (301, '2021-10-20', 1330);
#1331
INSERT INTO Customers(Fname, Lname, Phone, Email) VALUES ("Jacklyn", "Dibbert", '858-852-9328', "Jacklyn_Dibbert@gmail.com");
INSERT INTO Reservations(ID, StartDate, EndDate, NumGuests, CustomerID, Source, BookedAt) VALUES(1331, '2020-07-03', '2020-07-05', 2, 1331, 'OTA', '2020-12-28 02:48:10');
INSERT INTO Occupancies(RoomNo, Date, ResID) VALUES (302, '2020-07-03', 1331);
INSERT INTO Occupancies(RoomNo, Date, ResID) VALUES (302, '2020-07-04', 1331);
#1332
INSERT INTO Customers(Fname, Lname, Phone, Email) VALUES ("Devonte", "Mitchell", '362-970-4420', "Devonte_Mitchell@gmail.com");
INSERT INTO Reservations(ID, StartDate, EndDate, NumGuests, CustomerID, Source, BookedAt) VALUES(1332, '2021-12-14', '2021-12-15', 5, 1332, 'direct', '2020-12-28 02:48:10');
INSERT INTO Occupancies(RoomNo, Date, ResID) VALUES (406, '2021-12-14', 1332);
#1333
INSERT INTO Customers(Fname, Lname, Phone, Email) VALUES ("Neal", "Harber", '875-726-4483', "Neal_Harber@gmail.com");
INSERT INTO Reservations(ID, StartDate, EndDate, NumGuests, CustomerID, Source, BookedAt) VALUES(1333, '2020-07-12', '2020-07-14', 1, 1333, 'OTA', '2020-12-28 02:48:10');
INSERT INTO Occupancies(RoomNo, Date, ResID) VALUES (206, '2020-07-12', 1333);
INSERT INTO Occupancies(RoomNo, Date, ResID) VALUES (206, '2020-07-13', 1333);
#1334
INSERT INTO Customers(Fname, Lname, Phone, Email) VALUES ("Ruben", "Kozey", '748-943-9088', "Ruben_Kozey@gmail.com");
INSERT INTO Reservations(ID, StartDate, EndDate, NumGuests, CustomerID, Source, BookedAt) VALUES(1334, '2021-02-22', '2021-02-24', 3, 1334, 'OTA', '2020-12-28 02:48:10');
INSERT INTO Occupancies(RoomNo, Date, ResID) VALUES (403, '2021-02-22', 1334);
INSERT INTO Occupancies(RoomNo, Date, ResID) VALUES (403, '2021-02-23', 1334);
#1335
INSERT INTO Customers(Fname, Lname, Phone, Email) VALUES ("Gerald", "Marquardt", '829-836-8996', "Gerald_Marquardt@gmail.com");
INSERT INTO Reservations(ID, StartDate, EndDate, NumGuests, CustomerID, Source, BookedAt) VALUES(1335, '2020-10-13', '2020-10-18', 4, 1335, 'direct', '2020-12-28 02:48:10');
INSERT INTO Occupancies(RoomNo, Date, ResID) VALUES (401, '2020-10-13', 1335);
INSERT INTO Occupancies(RoomNo, Date, ResID) VALUES (401, '2020-10-14', 1335);
INSERT INTO Occupancies(RoomNo, Date, ResID) VALUES (401, '2020-10-15', 1335);
INSERT INTO Occupancies(RoomNo, Date, ResID) VALUES (401, '2020-10-16', 1335);
INSERT INTO Occupancies(RoomNo, Date, ResID) VALUES (401, '2020-10-17', 1335);
#1336
INSERT INTO Customers(Fname, Lname, Phone, Email) VALUES ("Joannie", "Buckridge", '826-322-7665', "Joannie_Buckridge@gmail.com");
INSERT INTO Reservations(ID, StartDate, EndDate, NumGuests, CustomerID, Source, BookedAt) VALUES(1336, '2021-11-15', '2021-11-17', 5, 1336, 'agency', '2020-12-28 02:48:10');
INSERT INTO Occupancies(RoomNo, Date, ResID) VALUES (305, '2021-11-15', 1336);
INSERT INTO Occupancies(RoomNo, Date, ResID) VALUES (305, '2021-11-16', 1336);
#1337
INSERT INTO Customers(Fname, Lname, Phone, Email) VALUES ("Ana", "Gaylord", '423-719-7446', "Ana_Gaylord@gmail.com");
INSERT INTO Reservations(ID, StartDate, EndDate, NumGuests, CustomerID, Source, BookedAt) VALUES(1337, '2020-10-21', '2020-10-23', 3, 1337, 'direct', '2020-12-28 02:48:10');
INSERT INTO Occupancies(RoomNo, Date, ResID) VALUES (304, '2020-10-21', 1337);
INSERT INTO Occupancies(RoomNo, Date, ResID) VALUES (304, '2020-10-22', 1337);
#1338
INSERT INTO Customers(Fname, Lname, Phone, Email) VALUES ("Sam", "Connelly", '597-806-5468', "Sam_Connelly@gmail.com");
INSERT INTO Reservations(ID, StartDate, EndDate, NumGuests, CustomerID, Source, BookedAt) VALUES(1338, '2021-03-03', '2021-03-07', 5, 1338, 'agency', '2020-12-28 02:48:10');
INSERT INTO Occupancies(RoomNo, Date, ResID) VALUES (401, '2021-03-03', 1338);
INSERT INTO Occupancies(RoomNo, Date, ResID) VALUES (401, '2021-03-04', 1338);
INSERT INTO Occupancies(RoomNo, Date, ResID) VALUES (401, '2021-03-05', 1338);
INSERT INTO Occupancies(RoomNo, Date, ResID) VALUES (401, '2021-03-06', 1338);
#1339
INSERT INTO Customers(Fname, Lname, Phone, Email) VALUES ("Dominique", "Osinski", '323-626-6559', "Dominique_Osinski@gmail.com");
INSERT INTO Reservations(ID, StartDate, EndDate, NumGuests, CustomerID, Source, BookedAt) VALUES(1339, '2021-08-11', '2021-08-15', 1, 1339, 'OTA', '2020-12-28 02:48:10');
INSERT INTO Occupancies(RoomNo, Date, ResID) VALUES (103, '2021-08-11', 1339);
INSERT INTO Occupancies(RoomNo, Date, ResID) VALUES (103, '2021-08-12', 1339);
INSERT INTO Occupancies(RoomNo, Date, ResID) VALUES (103, '2021-08-13', 1339);
INSERT INTO Occupancies(RoomNo, Date, ResID) VALUES (103, '2021-08-14', 1339);
#1340
INSERT INTO Customers(Fname, Lname, Phone, Email) VALUES ("Clay", "Franecki", '651-425-9069', "Clay_Franecki@gmail.com");
INSERT INTO Reservations(ID, StartDate, EndDate, NumGuests, CustomerID, Source, BookedAt) VALUES(1340, '2020-08-30', '2020-09-01', 4, 1340, 'agency', '2020-12-28 02:48:10');
INSERT INTO Occupancies(RoomNo, Date, ResID) VALUES (205, '2020-08-30', 1340);
INSERT INTO Occupancies(RoomNo, Date, ResID) VALUES (205, '2020-08-31', 1340);
#1341
INSERT INTO Customers(Fname, Lname, Phone, Email) VALUES ("Bernita", "Wisozk", '868-493-8002', "Bernita_Wisozk@gmail.com");
INSERT INTO Reservations(ID, StartDate, EndDate, NumGuests, CustomerID, Source, BookedAt) VALUES(1341, '2020-04-24', '2020-04-28', 5, 1341, 'corporate', '2020-12-28 02:48:10');
INSERT INTO Occupancies(RoomNo, Date, ResID) VALUES (206, '2020-04-24', 1341);
INSERT INTO Occupancies(RoomNo, Date, ResID) VALUES (206, '2020-04-25', 1341);
INSERT INTO Occupancies(RoomNo, Date, ResID) VALUES (206, '2020-04-26', 1341);
INSERT INTO Occupancies(RoomNo, Date, ResID) VALUES (206, '2020-04-27', 1341);
#1342
INSERT INTO Customers(Fname, Lname, Phone, Email) VALUES ("Lura", "Osinski", '458-446-3708', "Lura_Osinski@gmail.com");
INSERT INTO Reservations(ID, StartDate, EndDate, NumGuests, CustomerID, Source, BookedAt) VALUES(1342, '2021-03-27', '2021-03-31', 5, 1342, 'OTA', '2020-12-28 02:48:10');
INSERT INTO Occupancies(RoomNo, Date, ResID) VALUES (402, '2021-03-27', 1342);
INSERT INTO Occupancies(RoomNo, Date, ResID) VALUES (402, '2021-03-28', 1342);
INSERT INTO Occupancies(RoomNo, Date, ResID) VALUES (402, '2021-03-29', 1342);
INSERT INTO Occupancies(RoomNo, Date, ResID) VALUES (402, '2021-03-30', 1342);
#1343
INSERT INTO Customers(Fname, Lname, Phone, Email) VALUES ("Jermain", "Schroeder", '375-854-4109', "Jermain_Schroeder@gmail.com");
INSERT INTO Reservations(ID, StartDate, EndDate, NumGuests, CustomerID, Source, BookedAt) VALUES(1343, '2020-07-05', '2020-07-07', 2, 1343, 'OTA', '2020-12-28 02:48:10');
INSERT INTO Occupancies(RoomNo, Date, ResID) VALUES (501, '2020-07-05', 1343);
INSERT INTO Occupancies(RoomNo, Date, ResID) VALUES (501, '2020-07-06', 1343);
#1344
INSERT INTO Customers(Fname, Lname, Phone, Email) VALUES ("Maximus", "Rodriguez", '324-802-5724', "Maximus_Rodriguez@gmail.com");
INSERT INTO Reservations(ID, StartDate, EndDate, NumGuests, CustomerID, Source, BookedAt) VALUES(1344, '2020-08-07', '2020-08-11', 5, 1344, 'corporate', '2020-12-28 02:48:10');
INSERT INTO Occupancies(RoomNo, Date, ResID) VALUES (105, '2020-08-07', 1344);
INSERT INTO Occupancies(RoomNo, Date, ResID) VALUES (105, '2020-08-08', 1344);
INSERT INTO Occupancies(RoomNo, Date, ResID) VALUES (105, '2020-08-09', 1344);
INSERT INTO Occupancies(RoomNo, Date, ResID) VALUES (105, '2020-08-10', 1344);
#1345
INSERT INTO Customers(Fname, Lname, Phone, Email) VALUES ("Elva", "Feeney", '520-254-0961', "Elva_Feeney@gmail.com");
INSERT INTO Reservations(ID, StartDate, EndDate, NumGuests, CustomerID, Source, BookedAt) VALUES(1345, '2021-09-25', '2021-09-28', 2, 1345, 'agency', '2020-12-28 02:48:10');
INSERT INTO Occupancies(RoomNo, Date, ResID) VALUES (502, '2021-09-25', 1345);
INSERT INTO Occupancies(RoomNo, Date, ResID) VALUES (502, '2021-09-26', 1345);
INSERT INTO Occupancies(RoomNo, Date, ResID) VALUES (502, '2021-09-27', 1345);
#1346
INSERT INTO Customers(Fname, Lname, Phone, Email) VALUES ("Bernhard", "Schroeder", '325-265-9966', "Bernhard_Schroeder@gmail.com");
INSERT INTO Reservations(ID, StartDate, EndDate, NumGuests, CustomerID, Source, BookedAt) VALUES(1346, '2021-05-10', '2021-05-12', 1, 1346, 'OTA', '2020-12-28 02:48:10');
INSERT INTO Occupancies(RoomNo, Date, ResID) VALUES (301, '2021-05-10', 1346);
INSERT INTO Occupancies(RoomNo, Date, ResID) VALUES (301, '2021-05-11', 1346);
#1347
INSERT INTO Customers(Fname, Lname, Phone, Email) VALUES ("Josh", "Torphy", '206-992-7337', "Josh_Torphy@gmail.com");
INSERT INTO Reservations(ID, StartDate, EndDate, NumGuests, CustomerID, Source, BookedAt) VALUES(1347, '2020-04-23', '2020-04-28', 2, 1347, 'OTA', '2020-12-28 02:48:10');
INSERT INTO Occupancies(RoomNo, Date, ResID) VALUES (504, '2020-04-23', 1347);
INSERT INTO Occupancies(RoomNo, Date, ResID) VALUES (504, '2020-04-24', 1347);
INSERT INTO Occupancies(RoomNo, Date, ResID) VALUES (504, '2020-04-25', 1347);
INSERT INTO Occupancies(RoomNo, Date, ResID) VALUES (504, '2020-04-26', 1347);
INSERT INTO Occupancies(RoomNo, Date, ResID) VALUES (504, '2020-04-27', 1347);
#1348
INSERT INTO Customers(Fname, Lname, Phone, Email) VALUES ("Deon", "Quigley", '237-932-5421', "Deon_Quigley@gmail.com");
INSERT INTO Reservations(ID, StartDate, EndDate, NumGuests, CustomerID, Source, BookedAt) VALUES(1348, '2020-04-05', '2020-04-10', 5, 1348, 'agency', '2020-12-28 02:48:10');
INSERT INTO Occupancies(RoomNo, Date, ResID) VALUES (103, '2020-04-05', 1348);
INSERT INTO Occupancies(RoomNo, Date, ResID) VALUES (103, '2020-04-06', 1348);
INSERT INTO Occupancies(RoomNo, Date, ResID) VALUES (103, '2020-04-07', 1348);
INSERT INTO Occupancies(RoomNo, Date, ResID) VALUES (103, '2020-04-08', 1348);
INSERT INTO Occupancies(RoomNo, Date, ResID) VALUES (103, '2020-04-09', 1348);
#1349
INSERT INTO Customers(Fname, Lname, Phone, Email) VALUES ("Colt", "Mosciski", '542-575-7735', "Colt_Mosciski@gmail.com");
INSERT INTO Reservations(ID, StartDate, EndDate, NumGuests, CustomerID, Source, BookedAt) VALUES(1349, '2020-06-03', '2020-06-04', 1, 1349, 'direct', '2020-12-28 02:48:10');
INSERT INTO Occupancies(RoomNo, Date, ResID) VALUES (102, '2020-06-03', 1349);
#1350
INSERT INTO Customers(Fname, Lname, Phone, Email) VALUES ("Renee", "Weimann", '269-970-9738', "Renee_Weimann@gmail.com");
INSERT INTO Reservations(ID, StartDate, EndDate, NumGuests, CustomerID, Source, BookedAt) VALUES(1350, '2020-12-17', '2020-12-22', 4, 1350, 'OTA', '2020-12-28 02:48:10');
INSERT INTO Occupancies(RoomNo, Date, ResID) VALUES (101, '2020-12-17', 1350);
INSERT INTO Occupancies(RoomNo, Date, ResID) VALUES (101, '2020-12-18', 1350);
INSERT INTO Occupancies(RoomNo, Date, ResID) VALUES (101, '2020-12-19', 1350);
INSERT INTO Occupancies(RoomNo, Date, ResID) VALUES (101, '2020-12-20', 1350);
INSERT INTO Occupancies(RoomNo, Date, ResID) VALUES (101, '2020-12-21', 1350);
#1351
INSERT INTO Customers(Fname, Lname, Phone, Email) VALUES ("Walker", "Abshire", '621-976-5187', "Walker_Abshire@gmail.com");
INSERT INTO Reservations(ID, StartDate, EndDate, NumGuests, CustomerID, Source, BookedAt) VALUES(1351, '2020-09-19', '2020-09-21', 3, 1351, 'agency', '2020-12-28 02:48:10');
INSERT INTO Occupancies(RoomNo, Date, ResID) VALUES (503, '2020-09-19', 1351);
INSERT INTO Occupancies(RoomNo, Date, ResID) VALUES (503, '2020-09-20', 1351);
#1352
INSERT INTO Customers(Fname, Lname, Phone, Email) VALUES ("Afton", "Auer", '475-563-1064', "Afton_Auer@gmail.com");
INSERT INTO Reservations(ID, StartDate, EndDate, NumGuests, CustomerID, Source, BookedAt) VALUES(1352, '2021-09-11', '2021-09-15', 5, 1352, 'agency', '2020-12-28 02:48:10');
INSERT INTO Occupancies(RoomNo, Date, ResID) VALUES (501, '2021-09-11', 1352);
INSERT INTO Occupancies(RoomNo, Date, ResID) VALUES (501, '2021-09-12', 1352);
INSERT INTO Occupancies(RoomNo, Date, ResID) VALUES (501, '2021-09-13', 1352);
INSERT INTO Occupancies(RoomNo, Date, ResID) VALUES (501, '2021-09-14', 1352);
#1353
INSERT INTO Customers(Fname, Lname, Phone, Email) VALUES ("Curt", "Stanton", '803-619-0572', "Curt_Stanton@gmail.com");
INSERT INTO Reservations(ID, StartDate, EndDate, NumGuests, CustomerID, Source, BookedAt) VALUES(1353, '2020-01-14', '2020-01-19', 3, 1353, 'direct', '2020-12-28 02:48:10');
INSERT INTO Occupancies(RoomNo, Date, ResID) VALUES (401, '2020-01-14', 1353);
INSERT INTO Occupancies(RoomNo, Date, ResID) VALUES (401, '2020-01-15', 1353);
INSERT INTO Occupancies(RoomNo, Date, ResID) VALUES (401, '2020-01-16', 1353);
INSERT INTO Occupancies(RoomNo, Date, ResID) VALUES (401, '2020-01-17', 1353);
INSERT INTO Occupancies(RoomNo, Date, ResID) VALUES (401, '2020-01-18', 1353);
#1354
INSERT INTO Customers(Fname, Lname, Phone, Email) VALUES ("Carol", "Rowe", '776-414-9448', "Carol_Rowe@gmail.com");
INSERT INTO Reservations(ID, StartDate, EndDate, NumGuests, CustomerID, Source, BookedAt) VALUES(1354, '2020-04-07', '2020-04-08', 4, 1354, 'agency', '2020-12-28 02:48:10');
INSERT INTO Occupancies(RoomNo, Date, ResID) VALUES (104, '2020-04-07', 1354);
#1355
INSERT INTO Customers(Fname, Lname, Phone, Email) VALUES ("Helen", "Toy", '792-225-5712', "Helen_Toy@gmail.com");
INSERT INTO Reservations(ID, StartDate, EndDate, NumGuests, CustomerID, Source, BookedAt) VALUES(1355, '2020-06-07', '2020-06-09', 3, 1355, 'direct', '2020-12-28 02:48:10');
INSERT INTO Occupancies(RoomNo, Date, ResID) VALUES (204, '2020-06-07', 1355);
INSERT INTO Occupancies(RoomNo, Date, ResID) VALUES (204, '2020-06-08', 1355);
#1356
INSERT INTO Customers(Fname, Lname, Phone, Email) VALUES ("Palma", "Greenfelder", '855-823-4767', "Palma_Greenfelder@gmail.com");
INSERT INTO Reservations(ID, StartDate, EndDate, NumGuests, CustomerID, Source, BookedAt) VALUES(1356, '2020-07-29', '2020-08-01', 1, 1356, 'direct', '2020-12-28 02:48:10');
INSERT INTO Occupancies(RoomNo, Date, ResID) VALUES (105, '2020-07-29', 1356);
INSERT INTO Occupancies(RoomNo, Date, ResID) VALUES (105, '2020-07-30', 1356);
INSERT INTO Occupancies(RoomNo, Date, ResID) VALUES (105, '2020-07-31', 1356);
#1357
INSERT INTO Customers(Fname, Lname, Phone, Email) VALUES ("Eugene", "Kautzer", '204-956-2518', "Eugene_Kautzer@gmail.com");
INSERT INTO Reservations(ID, StartDate, EndDate, NumGuests, CustomerID, Source, BookedAt) VALUES(1357, '2021-12-05', '2021-12-10', 5, 1357, 'OTA', '2020-12-28 02:48:10');
INSERT INTO Occupancies(RoomNo, Date, ResID) VALUES (306, '2021-12-05', 1357);
INSERT INTO Occupancies(RoomNo, Date, ResID) VALUES (306, '2021-12-06', 1357);
INSERT INTO Occupancies(RoomNo, Date, ResID) VALUES (306, '2021-12-07', 1357);
INSERT INTO Occupancies(RoomNo, Date, ResID) VALUES (306, '2021-12-08', 1357);
INSERT INTO Occupancies(RoomNo, Date, ResID) VALUES (306, '2021-12-09', 1357);
#1358
INSERT INTO Customers(Fname, Lname, Phone, Email) VALUES ("Sabina", "Kuphal", '519-339-5318', "Sabina_Kuphal@gmail.com");
INSERT INTO Reservations(ID, StartDate, EndDate, NumGuests, CustomerID, Source, BookedAt) VALUES(1358, '2020-08-03', '2020-08-06', 2, 1358, 'agency', '2020-12-28 02:48:10');
INSERT INTO Occupancies(RoomNo, Date, ResID) VALUES (203, '2020-08-03', 1358);
INSERT INTO Occupancies(RoomNo, Date, ResID) VALUES (203, '2020-08-04', 1358);
INSERT INTO Occupancies(RoomNo, Date, ResID) VALUES (203, '2020-08-05', 1358);
#1359
INSERT INTO Customers(Fname, Lname, Phone, Email) VALUES ("Darby", "Frami", '317-855-1450', "Darby_Frami@gmail.com");
INSERT INTO Reservations(ID, StartDate, EndDate, NumGuests, CustomerID, Source, BookedAt) VALUES(1359, '2020-06-07', '2020-06-09', 4, 1359, 'corporate', '2020-12-28 02:48:10');
INSERT INTO Occupancies(RoomNo, Date, ResID) VALUES (503, '2020-06-07', 1359);
INSERT INTO Occupancies(RoomNo, Date, ResID) VALUES (503, '2020-06-08', 1359);
#1360
INSERT INTO Customers(Fname, Lname, Phone, Email) VALUES ("Orlando", "Becker", '920-282-0577', "Orlando_Becker@gmail.com");
INSERT INTO Reservations(ID, StartDate, EndDate, NumGuests, CustomerID, Source, BookedAt) VALUES(1360, '2020-02-25', '2020-02-27', 5, 1360, 'corporate', '2020-12-28 02:48:10');
INSERT INTO Occupancies(RoomNo, Date, ResID) VALUES (104, '2020-02-25', 1360);
INSERT INTO Occupancies(RoomNo, Date, ResID) VALUES (104, '2020-02-26', 1360);
#1361
INSERT INTO Customers(Fname, Lname, Phone, Email) VALUES ("Blaze", "Reinger", '367-320-4906', "Blaze_Reinger@gmail.com");
INSERT INTO Reservations(ID, StartDate, EndDate, NumGuests, CustomerID, Source, BookedAt) VALUES(1361, '2021-01-16', '2021-01-21', 3, 1361, 'OTA', '2020-12-28 02:48:10');
INSERT INTO Occupancies(RoomNo, Date, ResID) VALUES (402, '2021-01-16', 1361);
INSERT INTO Occupancies(RoomNo, Date, ResID) VALUES (402, '2021-01-17', 1361);
INSERT INTO Occupancies(RoomNo, Date, ResID) VALUES (402, '2021-01-18', 1361);
INSERT INTO Occupancies(RoomNo, Date, ResID) VALUES (402, '2021-01-19', 1361);
INSERT INTO Occupancies(RoomNo, Date, ResID) VALUES (402, '2021-01-20', 1361);
#1362
INSERT INTO Customers(Fname, Lname, Phone, Email) VALUES ("Angelica", "Jacobs", '397-466-2646', "Angelica_Jacobs@gmail.com");
INSERT INTO Reservations(ID, StartDate, EndDate, NumGuests, CustomerID, Source, BookedAt) VALUES(1362, '2020-03-05', '2020-03-08', 2, 1362, 'corporate', '2020-12-28 02:48:10');
INSERT INTO Occupancies(RoomNo, Date, ResID) VALUES (403, '2020-03-05', 1362);
INSERT INTO Occupancies(RoomNo, Date, ResID) VALUES (403, '2020-03-06', 1362);
INSERT INTO Occupancies(RoomNo, Date, ResID) VALUES (403, '2020-03-07', 1362);
#1363
INSERT INTO Customers(Fname, Lname, Phone, Email) VALUES ("Jamil", "DuBuque", '586-919-2798', "Jamil_DuBuque@gmail.com");
INSERT INTO Reservations(ID, StartDate, EndDate, NumGuests, CustomerID, Source, BookedAt) VALUES(1363, '2020-04-15', '2020-04-16', 2, 1363, 'corporate', '2020-12-28 02:48:10');
INSERT INTO Occupancies(RoomNo, Date, ResID) VALUES (102, '2020-04-15', 1363);
#1364
INSERT INTO Customers(Fname, Lname, Phone, Email) VALUES ("Ike", "Senger", '685-494-2601', "Ike_Senger@gmail.com");
INSERT INTO Reservations(ID, StartDate, EndDate, NumGuests, CustomerID, Source, BookedAt) VALUES(1364, '2020-08-19', '2020-08-22', 4, 1364, 'direct', '2020-12-28 02:48:10');
INSERT INTO Occupancies(RoomNo, Date, ResID) VALUES (102, '2020-08-19', 1364);
INSERT INTO Occupancies(RoomNo, Date, ResID) VALUES (102, '2020-08-20', 1364);
INSERT INTO Occupancies(RoomNo, Date, ResID) VALUES (102, '2020-08-21', 1364);
#1365
INSERT INTO Customers(Fname, Lname, Phone, Email) VALUES ("Shayne", "Turner", '777-935-3830', "Shayne_Turner@gmail.com");
INSERT INTO Reservations(ID, StartDate, EndDate, NumGuests, CustomerID, Source, BookedAt) VALUES(1365, '2021-05-03', '2021-05-07', 2, 1365, 'OTA', '2020-12-28 02:48:10');
INSERT INTO Occupancies(RoomNo, Date, ResID) VALUES (404, '2021-05-03', 1365);
INSERT INTO Occupancies(RoomNo, Date, ResID) VALUES (404, '2021-05-04', 1365);
INSERT INTO Occupancies(RoomNo, Date, ResID) VALUES (404, '2021-05-05', 1365);
INSERT INTO Occupancies(RoomNo, Date, ResID) VALUES (404, '2021-05-06', 1365);
#1366
INSERT INTO Customers(Fname, Lname, Phone, Email) VALUES ("Gilberto", "Pacocha", '421-336-7812', "Gilberto_Pacocha@gmail.com");
INSERT INTO Reservations(ID, StartDate, EndDate, NumGuests, CustomerID, Source, BookedAt) VALUES(1366, '2020-05-18', '2020-05-19', 1, 1366, 'corporate', '2020-12-28 02:48:10');
INSERT INTO Occupancies(RoomNo, Date, ResID) VALUES (404, '2020-05-18', 1366);
#1367
INSERT INTO Customers(Fname, Lname, Phone, Email) VALUES ("Annabel", "Bode", '226-565-9534', "Annabel_Bode@gmail.com");
INSERT INTO Reservations(ID, StartDate, EndDate, NumGuests, CustomerID, Source, BookedAt) VALUES(1367, '2020-02-21', '2020-02-24', 1, 1367, 'direct', '2020-12-28 02:48:10');
INSERT INTO Occupancies(RoomNo, Date, ResID) VALUES (403, '2020-02-21', 1367);
INSERT INTO Occupancies(RoomNo, Date, ResID) VALUES (403, '2020-02-22', 1367);
INSERT INTO Occupancies(RoomNo, Date, ResID) VALUES (403, '2020-02-23', 1367);
#1368
INSERT INTO Customers(Fname, Lname, Phone, Email) VALUES ("Clark", "Hirthe", '531-831-5059', "Clark_Hirthe@gmail.com");
INSERT INTO Reservations(ID, StartDate, EndDate, NumGuests, CustomerID, Source, BookedAt) VALUES(1368, '2020-07-09', '2020-07-14', 5, 1368, 'direct', '2020-12-28 02:48:10');
INSERT INTO Occupancies(RoomNo, Date, ResID) VALUES (502, '2020-07-09', 1368);
INSERT INTO Occupancies(RoomNo, Date, ResID) VALUES (502, '2020-07-10', 1368);
INSERT INTO Occupancies(RoomNo, Date, ResID) VALUES (502, '2020-07-11', 1368);
INSERT INTO Occupancies(RoomNo, Date, ResID) VALUES (502, '2020-07-12', 1368);
INSERT INTO Occupancies(RoomNo, Date, ResID) VALUES (502, '2020-07-13', 1368);
#1369
INSERT INTO Customers(Fname, Lname, Phone, Email) VALUES ("Sydney", "Schamberger", '500-740-6335', "Sydney_Schamberger@gmail.com");
INSERT INTO Reservations(ID, StartDate, EndDate, NumGuests, CustomerID, Source, BookedAt) VALUES(1369, '2021-03-16', '2021-03-20', 4, 1369, 'direct', '2020-12-28 02:48:10');
INSERT INTO Occupancies(RoomNo, Date, ResID) VALUES (404, '2021-03-16', 1369);
INSERT INTO Occupancies(RoomNo, Date, ResID) VALUES (404, '2021-03-17', 1369);
INSERT INTO Occupancies(RoomNo, Date, ResID) VALUES (404, '2021-03-18', 1369);
INSERT INTO Occupancies(RoomNo, Date, ResID) VALUES (404, '2021-03-19', 1369);
#1370
INSERT INTO Customers(Fname, Lname, Phone, Email) VALUES ("Julio", "Rempel", '226-408-5623', "Julio_Rempel@gmail.com");
INSERT INTO Reservations(ID, StartDate, EndDate, NumGuests, CustomerID, Source, BookedAt) VALUES(1370, '2020-05-27', '2020-06-01', 5, 1370, 'direct', '2020-12-28 02:48:10');
INSERT INTO Occupancies(RoomNo, Date, ResID) VALUES (204, '2020-05-27', 1370);
INSERT INTO Occupancies(RoomNo, Date, ResID) VALUES (204, '2020-05-28', 1370);
INSERT INTO Occupancies(RoomNo, Date, ResID) VALUES (204, '2020-05-29', 1370);
INSERT INTO Occupancies(RoomNo, Date, ResID) VALUES (204, '2020-05-30', 1370);
INSERT INTO Occupancies(RoomNo, Date, ResID) VALUES (204, '2020-05-31', 1370);
#1371
INSERT INTO Customers(Fname, Lname, Phone, Email) VALUES ("Shaun", "Jacobs", '923-921-8342', "Shaun_Jacobs@gmail.com");
INSERT INTO Reservations(ID, StartDate, EndDate, NumGuests, CustomerID, Source, BookedAt) VALUES(1371, '2021-05-02', '2021-05-04', 3, 1371, 'direct', '2020-12-28 02:48:10');
INSERT INTO Occupancies(RoomNo, Date, ResID) VALUES (201, '2021-05-02', 1371);
INSERT INTO Occupancies(RoomNo, Date, ResID) VALUES (201, '2021-05-03', 1371);
#1372
INSERT INTO Customers(Fname, Lname, Phone, Email) VALUES ("Erin", "Aufderhar", '237-844-2609', "Erin_Aufderhar@gmail.com");
INSERT INTO Reservations(ID, StartDate, EndDate, NumGuests, CustomerID, Source, BookedAt) VALUES(1372, '2020-05-10', '2020-05-13', 4, 1372, 'OTA', '2020-12-28 02:48:10');
INSERT INTO Occupancies(RoomNo, Date, ResID) VALUES (202, '2020-05-10', 1372);
INSERT INTO Occupancies(RoomNo, Date, ResID) VALUES (202, '2020-05-11', 1372);
INSERT INTO Occupancies(RoomNo, Date, ResID) VALUES (202, '2020-05-12', 1372);
#1373
INSERT INTO Customers(Fname, Lname, Phone, Email) VALUES ("Bud", "Botsford", '894-231-6812', "Bud_Botsford@gmail.com");
INSERT INTO Reservations(ID, StartDate, EndDate, NumGuests, CustomerID, Source, BookedAt) VALUES(1373, '2020-06-25', '2020-06-28', 2, 1373, 'direct', '2020-12-28 02:48:10');
INSERT INTO Occupancies(RoomNo, Date, ResID) VALUES (503, '2020-06-25', 1373);
INSERT INTO Occupancies(RoomNo, Date, ResID) VALUES (503, '2020-06-26', 1373);
INSERT INTO Occupancies(RoomNo, Date, ResID) VALUES (503, '2020-06-27', 1373);
#1374
INSERT INTO Customers(Fname, Lname, Phone, Email) VALUES ("Trent", "Gulgowski", '597-723-5325', "Trent_Gulgowski@gmail.com");
INSERT INTO Reservations(ID, StartDate, EndDate, NumGuests, CustomerID, Source, BookedAt) VALUES(1374, '2020-11-09', '2020-11-11', 5, 1374, 'OTA', '2020-12-28 02:48:10');
INSERT INTO Occupancies(RoomNo, Date, ResID) VALUES (404, '2020-11-09', 1374);
INSERT INTO Occupancies(RoomNo, Date, ResID) VALUES (404, '2020-11-10', 1374);
#1375
INSERT INTO Customers(Fname, Lname, Phone, Email) VALUES ("Issac", "Stark", '770-689-2611', "Issac_Stark@gmail.com");
INSERT INTO Reservations(ID, StartDate, EndDate, NumGuests, CustomerID, Source, BookedAt) VALUES(1375, '2020-11-09', '2020-11-11', 3, 1375, 'agency', '2020-12-28 02:48:10');
INSERT INTO Occupancies(RoomNo, Date, ResID) VALUES (406, '2020-11-09', 1375);
INSERT INTO Occupancies(RoomNo, Date, ResID) VALUES (406, '2020-11-10', 1375);
#1376
INSERT INTO Customers(Fname, Lname, Phone, Email) VALUES ("Dannie", "Willms", '214-773-7012', "Dannie_Willms@gmail.com");
INSERT INTO Reservations(ID, StartDate, EndDate, NumGuests, CustomerID, Source, BookedAt) VALUES(1376, '2020-06-04', '2020-06-05', 5, 1376, 'OTA', '2020-12-28 02:48:10');
INSERT INTO Occupancies(RoomNo, Date, ResID) VALUES (405, '2020-06-04', 1376);
#1377
INSERT INTO Customers(Fname, Lname, Phone, Email) VALUES ("Xander", "Sporer", '206-455-4665', "Xander_Sporer@gmail.com");
INSERT INTO Reservations(ID, StartDate, EndDate, NumGuests, CustomerID, Source, BookedAt) VALUES(1377, '2020-07-01', '2020-07-02', 3, 1377, 'agency', '2020-12-28 02:48:10');
INSERT INTO Occupancies(RoomNo, Date, ResID) VALUES (402, '2020-07-01', 1377);
#1378
INSERT INTO Customers(Fname, Lname, Phone, Email) VALUES ("Arianna", "Schmitt", '707-458-8237', "Arianna_Schmitt@gmail.com");
INSERT INTO Reservations(ID, StartDate, EndDate, NumGuests, CustomerID, Source, BookedAt) VALUES(1378, '2021-11-17', '2021-11-20', 5, 1378, 'OTA', '2020-12-28 02:48:10');
INSERT INTO Occupancies(RoomNo, Date, ResID) VALUES (403, '2021-11-17', 1378);
INSERT INTO Occupancies(RoomNo, Date, ResID) VALUES (403, '2021-11-18', 1378);
INSERT INTO Occupancies(RoomNo, Date, ResID) VALUES (403, '2021-11-19', 1378);
#1379
INSERT INTO Customers(Fname, Lname, Phone, Email) VALUES ("Stacey", "Morar", '685-277-1893', "Stacey_Morar@gmail.com");
INSERT INTO Reservations(ID, StartDate, EndDate, NumGuests, CustomerID, Source, BookedAt) VALUES(1379, '2020-06-13', '2020-06-14', 4, 1379, 'direct', '2020-12-28 02:48:10');
INSERT INTO Occupancies(RoomNo, Date, ResID) VALUES (305, '2020-06-13', 1379);
#1380
INSERT INTO Customers(Fname, Lname, Phone, Email) VALUES ("Fredy", "Parisian", '767-380-8981', "Fredy_Parisian@gmail.com");
INSERT INTO Reservations(ID, StartDate, EndDate, NumGuests, CustomerID, Source, BookedAt) VALUES(1380, '2020-06-14', '2020-06-15', 3, 1380, 'OTA', '2020-12-28 02:48:10');
INSERT INTO Occupancies(RoomNo, Date, ResID) VALUES (401, '2020-06-14', 1380);
#1381
INSERT INTO Customers(Fname, Lname, Phone, Email) VALUES ("Alessia", "Gulgowski", '366-988-6935', "Alessia_Gulgowski@gmail.com");
INSERT INTO Reservations(ID, StartDate, EndDate, NumGuests, CustomerID, Source, BookedAt) VALUES(1381, '2020-07-10', '2020-07-12', 5, 1381, 'direct', '2020-12-28 02:48:10');
INSERT INTO Occupancies(RoomNo, Date, ResID) VALUES (305, '2020-07-10', 1381);
INSERT INTO Occupancies(RoomNo, Date, ResID) VALUES (305, '2020-07-11', 1381);
#1382
INSERT INTO Customers(Fname, Lname, Phone, Email) VALUES ("Arely", "Cassin", '342-523-4687', "Arely_Cassin@gmail.com");
INSERT INTO Reservations(ID, StartDate, EndDate, NumGuests, CustomerID, Source, BookedAt) VALUES(1382, '2020-01-22', '2020-01-27', 1, 1382, 'direct', '2020-12-28 02:48:10');
INSERT INTO Occupancies(RoomNo, Date, ResID) VALUES (302, '2020-01-22', 1382);
INSERT INTO Occupancies(RoomNo, Date, ResID) VALUES (302, '2020-01-23', 1382);
INSERT INTO Occupancies(RoomNo, Date, ResID) VALUES (302, '2020-01-24', 1382);
INSERT INTO Occupancies(RoomNo, Date, ResID) VALUES (302, '2020-01-25', 1382);
INSERT INTO Occupancies(RoomNo, Date, ResID) VALUES (302, '2020-01-26', 1382);
#1383
INSERT INTO Customers(Fname, Lname, Phone, Email) VALUES ("Liza", "Cormier", '823-243-6090', "Liza_Cormier@gmail.com");
INSERT INTO Reservations(ID, StartDate, EndDate, NumGuests, CustomerID, Source, BookedAt) VALUES(1383, '2020-02-17', '2020-02-18', 2, 1383, 'corporate', '2020-12-28 02:48:10');
INSERT INTO Occupancies(RoomNo, Date, ResID) VALUES (304, '2020-02-17', 1383);
#1384
INSERT INTO Customers(Fname, Lname, Phone, Email) VALUES ("Laury", "Moen", '876-860-2666', "Laury_Moen@gmail.com");
INSERT INTO Reservations(ID, StartDate, EndDate, NumGuests, CustomerID, Source, BookedAt) VALUES(1384, '2020-10-19', '2020-10-22', 5, 1384, 'OTA', '2020-12-28 02:48:10');
INSERT INTO Occupancies(RoomNo, Date, ResID) VALUES (506, '2020-10-19', 1384);
INSERT INTO Occupancies(RoomNo, Date, ResID) VALUES (506, '2020-10-20', 1384);
INSERT INTO Occupancies(RoomNo, Date, ResID) VALUES (506, '2020-10-21', 1384);
#1385
INSERT INTO Customers(Fname, Lname, Phone, Email) VALUES ("Haylie", "Jones", '834-771-6866', "Haylie_Jones@gmail.com");
INSERT INTO Reservations(ID, StartDate, EndDate, NumGuests, CustomerID, Source, BookedAt) VALUES(1385, '2020-12-21', '2020-12-24', 2, 1385, 'direct', '2020-12-28 02:48:10');
INSERT INTO Occupancies(RoomNo, Date, ResID) VALUES (104, '2020-12-21', 1385);
INSERT INTO Occupancies(RoomNo, Date, ResID) VALUES (104, '2020-12-22', 1385);
INSERT INTO Occupancies(RoomNo, Date, ResID) VALUES (104, '2020-12-23', 1385);
#1386
INSERT INTO Customers(Fname, Lname, Phone, Email) VALUES ("Lucinda", "Gerhold", '935-311-7585', "Lucinda_Gerhold@gmail.com");
INSERT INTO Reservations(ID, StartDate, EndDate, NumGuests, CustomerID, Source, BookedAt) VALUES(1386, '2020-08-12', '2020-08-14', 1, 1386, 'direct', '2020-12-28 02:48:10');
INSERT INTO Occupancies(RoomNo, Date, ResID) VALUES (402, '2020-08-12', 1386);
INSERT INTO Occupancies(RoomNo, Date, ResID) VALUES (402, '2020-08-13', 1386);
#1387
INSERT INTO Customers(Fname, Lname, Phone, Email) VALUES ("Kennedi", "Lind", '453-667-9795', "Kennedi_Lind@gmail.com");
INSERT INTO Reservations(ID, StartDate, EndDate, NumGuests, CustomerID, Source, BookedAt) VALUES(1387, '2020-01-01', '2020-01-02', 5, 1387, 'corporate', '2020-12-28 02:48:10');
INSERT INTO Occupancies(RoomNo, Date, ResID) VALUES (103, '2020-01-01', 1387);
#1388
INSERT INTO Customers(Fname, Lname, Phone, Email) VALUES ("Isaac", "Hettinger", '653-652-3688', "Isaac_Hettinger@gmail.com");
INSERT INTO Reservations(ID, StartDate, EndDate, NumGuests, CustomerID, Source, BookedAt) VALUES(1388, '2020-12-26', '2020-12-27', 1, 1388, 'agency', '2020-12-28 02:48:10');
INSERT INTO Occupancies(RoomNo, Date, ResID) VALUES (505, '2020-12-26', 1388);
#1389
INSERT INTO Customers(Fname, Lname, Phone, Email) VALUES ("Ressie", "Conroy", '945-995-3373', "Ressie_Conroy@gmail.com");
INSERT INTO Reservations(ID, StartDate, EndDate, NumGuests, CustomerID, Source, BookedAt) VALUES(1389, '2020-02-04', '2020-02-08', 2, 1389, 'OTA', '2020-12-28 02:48:10');
INSERT INTO Occupancies(RoomNo, Date, ResID) VALUES (302, '2020-02-04', 1389);
INSERT INTO Occupancies(RoomNo, Date, ResID) VALUES (302, '2020-02-05', 1389);
INSERT INTO Occupancies(RoomNo, Date, ResID) VALUES (302, '2020-02-06', 1389);
INSERT INTO Occupancies(RoomNo, Date, ResID) VALUES (302, '2020-02-07', 1389);
#1390
INSERT INTO Customers(Fname, Lname, Phone, Email) VALUES ("Fidel", "Fisher", '900-425-4833', "Fidel_Fisher@gmail.com");
INSERT INTO Reservations(ID, StartDate, EndDate, NumGuests, CustomerID, Source, BookedAt) VALUES(1390, '2021-02-26', '2021-03-01', 5, 1390, 'OTA', '2020-12-28 02:48:10');
INSERT INTO Occupancies(RoomNo, Date, ResID) VALUES (406, '2021-02-26', 1390);
INSERT INTO Occupancies(RoomNo, Date, ResID) VALUES (406, '2021-02-27', 1390);
INSERT INTO Occupancies(RoomNo, Date, ResID) VALUES (406, '2021-02-28', 1390);
#1391
INSERT INTO Customers(Fname, Lname, Phone, Email) VALUES ("Jermain", "Kunde", '608-692-5907', "Jermain_Kunde@gmail.com");
INSERT INTO Reservations(ID, StartDate, EndDate, NumGuests, CustomerID, Source, BookedAt) VALUES(1391, '2021-10-12', '2021-10-14', 5, 1391, 'OTA', '2020-12-28 02:48:10');
INSERT INTO Occupancies(RoomNo, Date, ResID) VALUES (505, '2021-10-12', 1391);
INSERT INTO Occupancies(RoomNo, Date, ResID) VALUES (505, '2021-10-13', 1391);
#1392
INSERT INTO Customers(Fname, Lname, Phone, Email) VALUES ("Blaise", "Stanton", '602-458-0246', "Blaise_Stanton@gmail.com");
INSERT INTO Reservations(ID, StartDate, EndDate, NumGuests, CustomerID, Source, BookedAt) VALUES(1392, '2020-02-09', '2020-02-10', 2, 1392, 'OTA', '2020-12-28 02:48:10');
INSERT INTO Occupancies(RoomNo, Date, ResID) VALUES (203, '2020-02-09', 1392);
#1393
INSERT INTO Customers(Fname, Lname, Phone, Email) VALUES ("Alfred", "Stamm", '905-643-9336', "Alfred_Stamm@gmail.com");
INSERT INTO Reservations(ID, StartDate, EndDate, NumGuests, CustomerID, Source, BookedAt) VALUES(1393, '2020-06-04', '2020-06-06', 2, 1393, 'direct', '2020-12-28 02:48:10');
INSERT INTO Occupancies(RoomNo, Date, ResID) VALUES (306, '2020-06-04', 1393);
INSERT INTO Occupancies(RoomNo, Date, ResID) VALUES (306, '2020-06-05', 1393);
#1394
INSERT INTO Customers(Fname, Lname, Phone, Email) VALUES ("Randy", "Parker", '733-941-0838', "Randy_Parker@gmail.com");
INSERT INTO Reservations(ID, StartDate, EndDate, NumGuests, CustomerID, Source, BookedAt) VALUES(1394, '2020-01-25', '2020-01-28', 1, 1394, 'corporate', '2020-12-28 02:48:10');
INSERT INTO Occupancies(RoomNo, Date, ResID) VALUES (506, '2020-01-25', 1394);
INSERT INTO Occupancies(RoomNo, Date, ResID) VALUES (506, '2020-01-26', 1394);
INSERT INTO Occupancies(RoomNo, Date, ResID) VALUES (506, '2020-01-27', 1394);
#1395
INSERT INTO Customers(Fname, Lname, Phone, Email) VALUES ("Porter", "Schinner", '571-863-9105', "Porter_Schinner@gmail.com");
INSERT INTO Reservations(ID, StartDate, EndDate, NumGuests, CustomerID, Source, BookedAt) VALUES(1395, '2021-11-20', '2021-11-24', 5, 1395, 'corporate', '2020-12-28 02:48:10');
INSERT INTO Occupancies(RoomNo, Date, ResID) VALUES (506, '2021-11-20', 1395);
INSERT INTO Occupancies(RoomNo, Date, ResID) VALUES (506, '2021-11-21', 1395);
INSERT INTO Occupancies(RoomNo, Date, ResID) VALUES (506, '2021-11-22', 1395);
INSERT INTO Occupancies(RoomNo, Date, ResID) VALUES (506, '2021-11-23', 1395);
#1396
INSERT INTO Customers(Fname, Lname, Phone, Email) VALUES ("Jerad", "Dietrich", '366-395-5533', "Jerad_Dietrich@gmail.com");
INSERT INTO Reservations(ID, StartDate, EndDate, NumGuests, CustomerID, Source, BookedAt) VALUES(1396, '2021-03-20', '2021-03-24', 2, 1396, 'direct', '2020-12-28 02:48:10');
INSERT INTO Occupancies(RoomNo, Date, ResID) VALUES (201, '2021-03-20', 1396);
INSERT INTO Occupancies(RoomNo, Date, ResID) VALUES (201, '2021-03-21', 1396);
INSERT INTO Occupancies(RoomNo, Date, ResID) VALUES (201, '2021-03-22', 1396);
INSERT INTO Occupancies(RoomNo, Date, ResID) VALUES (201, '2021-03-23', 1396);
#1397
INSERT INTO Customers(Fname, Lname, Phone, Email) VALUES ("Rafael", "Lakin", '788-864-4870', "Rafael_Lakin@gmail.com");
INSERT INTO Reservations(ID, StartDate, EndDate, NumGuests, CustomerID, Source, BookedAt) VALUES(1397, '2020-04-22', '2020-04-24', 2, 1397, 'corporate', '2020-12-28 02:48:10');
INSERT INTO Occupancies(RoomNo, Date, ResID) VALUES (202, '2020-04-22', 1397);
INSERT INTO Occupancies(RoomNo, Date, ResID) VALUES (202, '2020-04-23', 1397);
#1398
INSERT INTO Customers(Fname, Lname, Phone, Email) VALUES ("Maribel", "Schumm", '541-396-6619', "Maribel_Schumm@gmail.com");
INSERT INTO Reservations(ID, StartDate, EndDate, NumGuests, CustomerID, Source, BookedAt) VALUES(1398, '2021-03-09', '2021-03-10', 4, 1398, 'corporate', '2020-12-28 02:48:10');
INSERT INTO Occupancies(RoomNo, Date, ResID) VALUES (403, '2021-03-09', 1398);
#1399
INSERT INTO Customers(Fname, Lname, Phone, Email) VALUES ("Amani", "Kovacek", '577-904-5403', "Amani_Kovacek@gmail.com");
INSERT INTO Reservations(ID, StartDate, EndDate, NumGuests, CustomerID, Source, BookedAt) VALUES(1399, '2020-10-03', '2020-10-08', 4, 1399, 'direct', '2020-12-28 02:48:10');
INSERT INTO Occupancies(RoomNo, Date, ResID) VALUES (505, '2020-10-03', 1399);
INSERT INTO Occupancies(RoomNo, Date, ResID) VALUES (505, '2020-10-04', 1399);
INSERT INTO Occupancies(RoomNo, Date, ResID) VALUES (505, '2020-10-05', 1399);
INSERT INTO Occupancies(RoomNo, Date, ResID) VALUES (505, '2020-10-06', 1399);
INSERT INTO Occupancies(RoomNo, Date, ResID) VALUES (505, '2020-10-07', 1399);
#1400
INSERT INTO Customers(Fname, Lname, Phone, Email) VALUES ("Jimmy", "Beer", '245-362-9737', "Jimmy_Beer@gmail.com");
INSERT INTO Reservations(ID, StartDate, EndDate, NumGuests, CustomerID, Source, BookedAt) VALUES(1400, '2020-03-11', '2020-03-14', 2, 1400, 'corporate', '2020-12-28 02:48:10');
INSERT INTO Occupancies(RoomNo, Date, ResID) VALUES (101, '2020-03-11', 1400);
INSERT INTO Occupancies(RoomNo, Date, ResID) VALUES (101, '2020-03-12', 1400);
INSERT INTO Occupancies(RoomNo, Date, ResID) VALUES (101, '2020-03-13', 1400);
#1401
INSERT INTO Customers(Fname, Lname, Phone, Email) VALUES ("Mathilde", "Maggio", '681-858-8685', "Mathilde_Maggio@gmail.com");
INSERT INTO Reservations(ID, StartDate, EndDate, NumGuests, CustomerID, Source, BookedAt) VALUES(1401, '2020-08-19', '2020-08-24', 2, 1401, 'direct', '2020-12-28 02:48:10');
INSERT INTO Occupancies(RoomNo, Date, ResID) VALUES (505, '2020-08-19', 1401);
INSERT INTO Occupancies(RoomNo, Date, ResID) VALUES (505, '2020-08-20', 1401);
INSERT INTO Occupancies(RoomNo, Date, ResID) VALUES (505, '2020-08-21', 1401);
INSERT INTO Occupancies(RoomNo, Date, ResID) VALUES (505, '2020-08-22', 1401);
INSERT INTO Occupancies(RoomNo, Date, ResID) VALUES (505, '2020-08-23', 1401);
#1402
INSERT INTO Customers(Fname, Lname, Phone, Email) VALUES ("Winfield", "West", '888-790-7313', "Winfield_West@gmail.com");
INSERT INTO Reservations(ID, StartDate, EndDate, NumGuests, CustomerID, Source, BookedAt) VALUES(1402, '2020-03-06', '2020-03-11', 3, 1402, 'direct', '2020-12-28 02:48:10');
INSERT INTO Occupancies(RoomNo, Date, ResID) VALUES (503, '2020-03-06', 1402);
INSERT INTO Occupancies(RoomNo, Date, ResID) VALUES (503, '2020-03-07', 1402);
INSERT INTO Occupancies(RoomNo, Date, ResID) VALUES (503, '2020-03-08', 1402);
INSERT INTO Occupancies(RoomNo, Date, ResID) VALUES (503, '2020-03-09', 1402);
INSERT INTO Occupancies(RoomNo, Date, ResID) VALUES (503, '2020-03-10', 1402);
#1403
INSERT INTO Customers(Fname, Lname, Phone, Email) VALUES ("Aletha", "Sanford", '565-716-2062', "Aletha_Sanford@gmail.com");
INSERT INTO Reservations(ID, StartDate, EndDate, NumGuests, CustomerID, Source, BookedAt) VALUES(1403, '2020-09-19', '2020-09-24', 3, 1403, 'direct', '2020-12-28 02:48:10');
INSERT INTO Occupancies(RoomNo, Date, ResID) VALUES (406, '2020-09-19', 1403);
INSERT INTO Occupancies(RoomNo, Date, ResID) VALUES (406, '2020-09-20', 1403);
INSERT INTO Occupancies(RoomNo, Date, ResID) VALUES (406, '2020-09-21', 1403);
INSERT INTO Occupancies(RoomNo, Date, ResID) VALUES (406, '2020-09-22', 1403);
INSERT INTO Occupancies(RoomNo, Date, ResID) VALUES (406, '2020-09-23', 1403);
#1404
INSERT INTO Customers(Fname, Lname, Phone, Email) VALUES ("Henderson", "Waters", '806-813-2097', "Henderson_Waters@gmail.com");
INSERT INTO Reservations(ID, StartDate, EndDate, NumGuests, CustomerID, Source, BookedAt) VALUES(1404, '2020-07-18', '2020-07-23', 2, 1404, 'corporate', '2020-12-28 02:48:10');
INSERT INTO Occupancies(RoomNo, Date, ResID) VALUES (406, '2020-07-18', 1404);
INSERT INTO Occupancies(RoomNo, Date, ResID) VALUES (406, '2020-07-19', 1404);
INSERT INTO Occupancies(RoomNo, Date, ResID) VALUES (406, '2020-07-20', 1404);
INSERT INTO Occupancies(RoomNo, Date, ResID) VALUES (406, '2020-07-21', 1404);
INSERT INTO Occupancies(RoomNo, Date, ResID) VALUES (406, '2020-07-22', 1404);
#1405
INSERT INTO Customers(Fname, Lname, Phone, Email) VALUES ("Jameson", "Hermiston", '969-901-9172', "Jameson_Hermiston@gmail.com");
INSERT INTO Reservations(ID, StartDate, EndDate, NumGuests, CustomerID, Source, BookedAt) VALUES(1405, '2020-02-01', '2020-02-06', 3, 1405, 'direct', '2020-12-28 02:48:10');
INSERT INTO Occupancies(RoomNo, Date, ResID) VALUES (502, '2020-02-01', 1405);
INSERT INTO Occupancies(RoomNo, Date, ResID) VALUES (502, '2020-02-02', 1405);
INSERT INTO Occupancies(RoomNo, Date, ResID) VALUES (502, '2020-02-03', 1405);
INSERT INTO Occupancies(RoomNo, Date, ResID) VALUES (502, '2020-02-04', 1405);
INSERT INTO Occupancies(RoomNo, Date, ResID) VALUES (502, '2020-02-05', 1405);
#1406
INSERT INTO Customers(Fname, Lname, Phone, Email) VALUES ("Christophe", "Reichel", '731-663-8887', "Christophe_Reichel@gmail.com");
INSERT INTO Reservations(ID, StartDate, EndDate, NumGuests, CustomerID, Source, BookedAt) VALUES(1406, '2020-06-11', '2020-06-15', 2, 1406, 'agency', '2020-12-28 02:48:10');
INSERT INTO Occupancies(RoomNo, Date, ResID) VALUES (204, '2020-06-11', 1406);
INSERT INTO Occupancies(RoomNo, Date, ResID) VALUES (204, '2020-06-12', 1406);
INSERT INTO Occupancies(RoomNo, Date, ResID) VALUES (204, '2020-06-13', 1406);
INSERT INTO Occupancies(RoomNo, Date, ResID) VALUES (204, '2020-06-14', 1406);
#1407
INSERT INTO Customers(Fname, Lname, Phone, Email) VALUES ("Camden", "Schowalter", '578-562-6834', "Camden_Schowalter@gmail.com");
INSERT INTO Reservations(ID, StartDate, EndDate, NumGuests, CustomerID, Source, BookedAt) VALUES(1407, '2020-05-02', '2020-05-07', 5, 1407, 'direct', '2020-12-28 02:48:10');
INSERT INTO Occupancies(RoomNo, Date, ResID) VALUES (203, '2020-05-02', 1407);
INSERT INTO Occupancies(RoomNo, Date, ResID) VALUES (203, '2020-05-03', 1407);
INSERT INTO Occupancies(RoomNo, Date, ResID) VALUES (203, '2020-05-04', 1407);
INSERT INTO Occupancies(RoomNo, Date, ResID) VALUES (203, '2020-05-05', 1407);
INSERT INTO Occupancies(RoomNo, Date, ResID) VALUES (203, '2020-05-06', 1407);
#1408
INSERT INTO Customers(Fname, Lname, Phone, Email) VALUES ("Tre", "Schmidt", '770-874-8414', "Tre_Schmidt@gmail.com");
INSERT INTO Reservations(ID, StartDate, EndDate, NumGuests, CustomerID, Source, BookedAt) VALUES(1408, '2021-04-12', '2021-04-17', 4, 1408, 'direct', '2020-12-28 02:48:10');
INSERT INTO Occupancies(RoomNo, Date, ResID) VALUES (102, '2021-04-12', 1408);
INSERT INTO Occupancies(RoomNo, Date, ResID) VALUES (102, '2021-04-13', 1408);
INSERT INTO Occupancies(RoomNo, Date, ResID) VALUES (102, '2021-04-14', 1408);
INSERT INTO Occupancies(RoomNo, Date, ResID) VALUES (102, '2021-04-15', 1408);
INSERT INTO Occupancies(RoomNo, Date, ResID) VALUES (102, '2021-04-16', 1408);
#1409
INSERT INTO Customers(Fname, Lname, Phone, Email) VALUES ("Vallie", "Kohler", '426-659-3577', "Vallie_Kohler@gmail.com");
INSERT INTO Reservations(ID, StartDate, EndDate, NumGuests, CustomerID, Source, BookedAt) VALUES(1409, '2021-04-14', '2021-04-18', 3, 1409, 'OTA', '2020-12-28 02:48:10');
INSERT INTO Occupancies(RoomNo, Date, ResID) VALUES (506, '2021-04-14', 1409);
INSERT INTO Occupancies(RoomNo, Date, ResID) VALUES (506, '2021-04-15', 1409);
INSERT INTO Occupancies(RoomNo, Date, ResID) VALUES (506, '2021-04-16', 1409);
INSERT INTO Occupancies(RoomNo, Date, ResID) VALUES (506, '2021-04-17', 1409);
#1410
INSERT INTO Customers(Fname, Lname, Phone, Email) VALUES ("Edythe", "Kautzer", '341-713-1329', "Edythe_Kautzer@gmail.com");
INSERT INTO Reservations(ID, StartDate, EndDate, NumGuests, CustomerID, Source, BookedAt) VALUES(1410, '2020-09-20', '2020-09-21', 1, 1410, 'agency', '2020-12-28 02:48:10');
INSERT INTO Occupancies(RoomNo, Date, ResID) VALUES (205, '2020-09-20', 1410);
#1411
INSERT INTO Customers(Fname, Lname, Phone, Email) VALUES ("Waylon", "Nikolaus", '279-733-6834', "Waylon_Nikolaus@gmail.com");
INSERT INTO Reservations(ID, StartDate, EndDate, NumGuests, CustomerID, Source, BookedAt) VALUES(1411, '2021-11-28', '2021-11-29', 4, 1411, 'corporate', '2020-12-28 02:48:10');
INSERT INTO Occupancies(RoomNo, Date, ResID) VALUES (406, '2021-11-28', 1411);
#1412
INSERT INTO Customers(Fname, Lname, Phone, Email) VALUES ("Mikel", "Koss", '305-213-3750', "Mikel_Koss@gmail.com");
INSERT INTO Reservations(ID, StartDate, EndDate, NumGuests, CustomerID, Source, BookedAt) VALUES(1412, '2021-05-01', '2021-05-03', 5, 1412, 'direct', '2020-12-28 02:48:10');
INSERT INTO Occupancies(RoomNo, Date, ResID) VALUES (305, '2021-05-01', 1412);
INSERT INTO Occupancies(RoomNo, Date, ResID) VALUES (305, '2021-05-02', 1412);
#1413
INSERT INTO Customers(Fname, Lname, Phone, Email) VALUES ("Laurianne", "VonRueden", '850-274-7443', "Laurianne_VonRueden@gmail.com");
INSERT INTO Reservations(ID, StartDate, EndDate, NumGuests, CustomerID, Source, BookedAt) VALUES(1413, '2020-03-19', '2020-03-23', 3, 1413, 'corporate', '2020-12-28 02:48:10');
INSERT INTO Occupancies(RoomNo, Date, ResID) VALUES (503, '2020-03-19', 1413);
INSERT INTO Occupancies(RoomNo, Date, ResID) VALUES (503, '2020-03-20', 1413);
INSERT INTO Occupancies(RoomNo, Date, ResID) VALUES (503, '2020-03-21', 1413);
INSERT INTO Occupancies(RoomNo, Date, ResID) VALUES (503, '2020-03-22', 1413);
#1414
INSERT INTO Customers(Fname, Lname, Phone, Email) VALUES ("Max", "Kemmer", '636-450-1218', "Max_Kemmer@gmail.com");
INSERT INTO Reservations(ID, StartDate, EndDate, NumGuests, CustomerID, Source, BookedAt) VALUES(1414, '2020-06-10', '2020-06-15', 2, 1414, 'corporate', '2020-12-28 02:48:10');
INSERT INTO Occupancies(RoomNo, Date, ResID) VALUES (106, '2020-06-10', 1414);
INSERT INTO Occupancies(RoomNo, Date, ResID) VALUES (106, '2020-06-11', 1414);
INSERT INTO Occupancies(RoomNo, Date, ResID) VALUES (106, '2020-06-12', 1414);
INSERT INTO Occupancies(RoomNo, Date, ResID) VALUES (106, '2020-06-13', 1414);
INSERT INTO Occupancies(RoomNo, Date, ResID) VALUES (106, '2020-06-14', 1414);
#1415
INSERT INTO Customers(Fname, Lname, Phone, Email) VALUES ("Willie", "Bosco", '221-912-9947', "Willie_Bosco@gmail.com");
INSERT INTO Reservations(ID, StartDate, EndDate, NumGuests, CustomerID, Source, BookedAt) VALUES(1415, '2020-03-14', '2020-03-15', 2, 1415, 'direct', '2020-12-28 02:48:10');
INSERT INTO Occupancies(RoomNo, Date, ResID) VALUES (403, '2020-03-14', 1415);
#1416
INSERT INTO Customers(Fname, Lname, Phone, Email) VALUES ("Sterling", "Kunde", '705-568-0655', "Sterling_Kunde@gmail.com");
INSERT INTO Reservations(ID, StartDate, EndDate, NumGuests, CustomerID, Source, BookedAt) VALUES(1416, '2020-06-29', '2020-07-04', 5, 1416, 'OTA', '2020-12-28 02:48:10');
INSERT INTO Occupancies(RoomNo, Date, ResID) VALUES (502, '2020-06-29', 1416);
INSERT INTO Occupancies(RoomNo, Date, ResID) VALUES (502, '2020-06-30', 1416);
INSERT INTO Occupancies(RoomNo, Date, ResID) VALUES (502, '2020-07-01', 1416);
INSERT INTO Occupancies(RoomNo, Date, ResID) VALUES (502, '2020-07-02', 1416);
INSERT INTO Occupancies(RoomNo, Date, ResID) VALUES (502, '2020-07-03', 1416);
#1417
INSERT INTO Customers(Fname, Lname, Phone, Email) VALUES ("Tito", "Cormier", '789-801-3804', "Tito_Cormier@gmail.com");
INSERT INTO Reservations(ID, StartDate, EndDate, NumGuests, CustomerID, Source, BookedAt) VALUES(1417, '2020-12-07', '2020-12-08', 1, 1417, 'agency', '2020-12-28 02:48:10');
INSERT INTO Occupancies(RoomNo, Date, ResID) VALUES (101, '2020-12-07', 1417);
#1418
INSERT INTO Customers(Fname, Lname, Phone, Email) VALUES ("Lucienne", "Bartell", '561-307-2837', "Lucienne_Bartell@gmail.com");
INSERT INTO Reservations(ID, StartDate, EndDate, NumGuests, CustomerID, Source, BookedAt) VALUES(1418, '2021-08-21', '2021-08-23', 4, 1418, 'agency', '2020-12-28 02:48:10');
INSERT INTO Occupancies(RoomNo, Date, ResID) VALUES (203, '2021-08-21', 1418);
INSERT INTO Occupancies(RoomNo, Date, ResID) VALUES (203, '2021-08-22', 1418);
#1419
INSERT INTO Customers(Fname, Lname, Phone, Email) VALUES ("Winona", "Spencer", '857-774-5923', "Winona_Spencer@gmail.com");
INSERT INTO Reservations(ID, StartDate, EndDate, NumGuests, CustomerID, Source, BookedAt) VALUES(1419, '2020-08-22', '2020-08-26', 3, 1419, 'agency', '2020-12-28 02:48:10');
INSERT INTO Occupancies(RoomNo, Date, ResID) VALUES (203, '2020-08-22', 1419);
INSERT INTO Occupancies(RoomNo, Date, ResID) VALUES (203, '2020-08-23', 1419);
INSERT INTO Occupancies(RoomNo, Date, ResID) VALUES (203, '2020-08-24', 1419);
INSERT INTO Occupancies(RoomNo, Date, ResID) VALUES (203, '2020-08-25', 1419);
#1420
INSERT INTO Customers(Fname, Lname, Phone, Email) VALUES ("Melissa", "Kuvalis", '829-666-7310', "Melissa_Kuvalis@gmail.com");
INSERT INTO Reservations(ID, StartDate, EndDate, NumGuests, CustomerID, Source, BookedAt) VALUES(1420, '2021-06-28', '2021-07-02', 3, 1420, 'agency', '2020-12-28 02:48:10');
INSERT INTO Occupancies(RoomNo, Date, ResID) VALUES (204, '2021-06-28', 1420);
INSERT INTO Occupancies(RoomNo, Date, ResID) VALUES (204, '2021-06-29', 1420);
INSERT INTO Occupancies(RoomNo, Date, ResID) VALUES (204, '2021-06-30', 1420);
INSERT INTO Occupancies(RoomNo, Date, ResID) VALUES (204, '2021-07-01', 1420);
#1421
INSERT INTO Customers(Fname, Lname, Phone, Email) VALUES ("Wilburn", "Rippin", '533-625-2027', "Wilburn_Rippin@gmail.com");
INSERT INTO Reservations(ID, StartDate, EndDate, NumGuests, CustomerID, Source, BookedAt) VALUES(1421, '2020-06-17', '2020-06-21', 2, 1421, 'direct', '2020-12-28 02:48:10');
INSERT INTO Occupancies(RoomNo, Date, ResID) VALUES (106, '2020-06-17', 1421);
INSERT INTO Occupancies(RoomNo, Date, ResID) VALUES (106, '2020-06-18', 1421);
INSERT INTO Occupancies(RoomNo, Date, ResID) VALUES (106, '2020-06-19', 1421);
INSERT INTO Occupancies(RoomNo, Date, ResID) VALUES (106, '2020-06-20', 1421);
#1422
INSERT INTO Customers(Fname, Lname, Phone, Email) VALUES ("Hettie", "Miller", '213-576-7326', "Hettie_Miller@gmail.com");
INSERT INTO Reservations(ID, StartDate, EndDate, NumGuests, CustomerID, Source, BookedAt) VALUES(1422, '2020-08-02', '2020-08-06', 3, 1422, 'corporate', '2020-12-28 02:48:10');
INSERT INTO Occupancies(RoomNo, Date, ResID) VALUES (403, '2020-08-02', 1422);
INSERT INTO Occupancies(RoomNo, Date, ResID) VALUES (403, '2020-08-03', 1422);
INSERT INTO Occupancies(RoomNo, Date, ResID) VALUES (403, '2020-08-04', 1422);
INSERT INTO Occupancies(RoomNo, Date, ResID) VALUES (403, '2020-08-05', 1422);
#1423
INSERT INTO Customers(Fname, Lname, Phone, Email) VALUES ("Loy", "Lebsack", '663-420-7214', "Loy_Lebsack@gmail.com");
INSERT INTO Reservations(ID, StartDate, EndDate, NumGuests, CustomerID, Source, BookedAt) VALUES(1423, '2020-11-17', '2020-11-21', 3, 1423, 'OTA', '2020-12-28 02:48:10');
INSERT INTO Occupancies(RoomNo, Date, ResID) VALUES (106, '2020-11-17', 1423);
INSERT INTO Occupancies(RoomNo, Date, ResID) VALUES (106, '2020-11-18', 1423);
INSERT INTO Occupancies(RoomNo, Date, ResID) VALUES (106, '2020-11-19', 1423);
INSERT INTO Occupancies(RoomNo, Date, ResID) VALUES (106, '2020-11-20', 1423);
#1424
INSERT INTO Customers(Fname, Lname, Phone, Email) VALUES ("Asia", "Metz", '678-769-7342', "Asia_Metz@gmail.com");
INSERT INTO Reservations(ID, StartDate, EndDate, NumGuests, CustomerID, Source, BookedAt) VALUES(1424, '2020-07-26', '2020-07-28', 5, 1424, 'corporate', '2020-12-28 02:48:10');
INSERT INTO Occupancies(RoomNo, Date, ResID) VALUES (206, '2020-07-26', 1424);
INSERT INTO Occupancies(RoomNo, Date, ResID) VALUES (206, '2020-07-27', 1424);
#1425
INSERT INTO Customers(Fname, Lname, Phone, Email) VALUES ("Virginie", "Kunde", '927-806-6174', "Virginie_Kunde@gmail.com");
INSERT INTO Reservations(ID, StartDate, EndDate, NumGuests, CustomerID, Source, BookedAt) VALUES(1425, '2021-11-23', '2021-11-26', 2, 1425, 'agency', '2020-12-28 02:48:10');
INSERT INTO Occupancies(RoomNo, Date, ResID) VALUES (303, '2021-11-23', 1425);
INSERT INTO Occupancies(RoomNo, Date, ResID) VALUES (303, '2021-11-24', 1425);
INSERT INTO Occupancies(RoomNo, Date, ResID) VALUES (303, '2021-11-25', 1425);
#1426
INSERT INTO Customers(Fname, Lname, Phone, Email) VALUES ("Kayden", "Herzog", '990-309-6476', "Kayden_Herzog@gmail.com");
INSERT INTO Reservations(ID, StartDate, EndDate, NumGuests, CustomerID, Source, BookedAt) VALUES(1426, '2020-11-01', '2020-11-03', 1, 1426, 'corporate', '2020-12-28 02:48:10');
INSERT INTO Occupancies(RoomNo, Date, ResID) VALUES (201, '2020-11-01', 1426);
INSERT INTO Occupancies(RoomNo, Date, ResID) VALUES (201, '2020-11-02', 1426);
#1427
INSERT INTO Customers(Fname, Lname, Phone, Email) VALUES ("Gabrielle", "Lynch", '958-991-3142', "Gabrielle_Lynch@gmail.com");
INSERT INTO Reservations(ID, StartDate, EndDate, NumGuests, CustomerID, Source, BookedAt) VALUES(1427, '2021-11-28', '2021-12-02', 2, 1427, 'direct', '2020-12-28 02:48:10');
INSERT INTO Occupancies(RoomNo, Date, ResID) VALUES (506, '2021-11-28', 1427);
INSERT INTO Occupancies(RoomNo, Date, ResID) VALUES (506, '2021-11-29', 1427);
INSERT INTO Occupancies(RoomNo, Date, ResID) VALUES (506, '2021-11-30', 1427);
INSERT INTO Occupancies(RoomNo, Date, ResID) VALUES (506, '2021-12-01', 1427);
#1428
INSERT INTO Customers(Fname, Lname, Phone, Email) VALUES ("Oda", "Mertz", '742-533-5655', "Oda_Mertz@gmail.com");
INSERT INTO Reservations(ID, StartDate, EndDate, NumGuests, CustomerID, Source, BookedAt) VALUES(1428, '2020-06-30', '2020-07-02', 4, 1428, 'corporate', '2020-12-28 02:48:10');
INSERT INTO Occupancies(RoomNo, Date, ResID) VALUES (103, '2020-06-30', 1428);
INSERT INTO Occupancies(RoomNo, Date, ResID) VALUES (103, '2020-07-01', 1428);
#1429
INSERT INTO Customers(Fname, Lname, Phone, Email) VALUES ("Martin", "Herman", '249-225-4731', "Martin_Herman@gmail.com");
INSERT INTO Reservations(ID, StartDate, EndDate, NumGuests, CustomerID, Source, BookedAt) VALUES(1429, '2020-06-20', '2020-06-24', 2, 1429, 'OTA', '2020-12-28 02:48:10');
INSERT INTO Occupancies(RoomNo, Date, ResID) VALUES (204, '2020-06-20', 1429);
INSERT INTO Occupancies(RoomNo, Date, ResID) VALUES (204, '2020-06-21', 1429);
INSERT INTO Occupancies(RoomNo, Date, ResID) VALUES (204, '2020-06-22', 1429);
INSERT INTO Occupancies(RoomNo, Date, ResID) VALUES (204, '2020-06-23', 1429);
#1430
INSERT INTO Customers(Fname, Lname, Phone, Email) VALUES ("Aliyah", "Boyle", '526-844-4650', "Aliyah_Boyle@gmail.com");
INSERT INTO Reservations(ID, StartDate, EndDate, NumGuests, CustomerID, Source, BookedAt) VALUES(1430, '2021-12-14', '2021-12-17', 1, 1430, 'OTA', '2020-12-28 02:48:10');
INSERT INTO Occupancies(RoomNo, Date, ResID) VALUES (503, '2021-12-14', 1430);
INSERT INTO Occupancies(RoomNo, Date, ResID) VALUES (503, '2021-12-15', 1430);
INSERT INTO Occupancies(RoomNo, Date, ResID) VALUES (503, '2021-12-16', 1430);
#1431
INSERT INTO Customers(Fname, Lname, Phone, Email) VALUES ("Aleen", "Bailey", '584-968-7536', "Aleen_Bailey@gmail.com");
INSERT INTO Reservations(ID, StartDate, EndDate, NumGuests, CustomerID, Source, BookedAt) VALUES(1431, '2021-01-27', '2021-01-28', 3, 1431, 'OTA', '2020-12-28 02:48:10');
INSERT INTO Occupancies(RoomNo, Date, ResID) VALUES (201, '2021-01-27', 1431);
#1432
INSERT INTO Customers(Fname, Lname, Phone, Email) VALUES ("Chanel", "Wolf", '853-349-8438', "Chanel_Wolf@gmail.com");
INSERT INTO Reservations(ID, StartDate, EndDate, NumGuests, CustomerID, Source, BookedAt) VALUES(1432, '2021-05-15', '2021-05-19', 1, 1432, 'agency', '2020-12-28 02:48:10');
INSERT INTO Occupancies(RoomNo, Date, ResID) VALUES (503, '2021-05-15', 1432);
INSERT INTO Occupancies(RoomNo, Date, ResID) VALUES (503, '2021-05-16', 1432);
INSERT INTO Occupancies(RoomNo, Date, ResID) VALUES (503, '2021-05-17', 1432);
INSERT INTO Occupancies(RoomNo, Date, ResID) VALUES (503, '2021-05-18', 1432);
#1433
INSERT INTO Customers(Fname, Lname, Phone, Email) VALUES ("Remington", "Lind", '233-826-3434', "Remington_Lind@gmail.com");
INSERT INTO Reservations(ID, StartDate, EndDate, NumGuests, CustomerID, Source, BookedAt) VALUES(1433, '2020-01-05', '2020-01-08', 3, 1433, 'direct', '2020-12-28 02:48:10');
INSERT INTO Occupancies(RoomNo, Date, ResID) VALUES (106, '2020-01-05', 1433);
INSERT INTO Occupancies(RoomNo, Date, ResID) VALUES (106, '2020-01-06', 1433);
INSERT INTO Occupancies(RoomNo, Date, ResID) VALUES (106, '2020-01-07', 1433);
#1434
INSERT INTO Customers(Fname, Lname, Phone, Email) VALUES ("Olen", "Yundt", '737-815-4119', "Olen_Yundt@gmail.com");
INSERT INTO Reservations(ID, StartDate, EndDate, NumGuests, CustomerID, Source, BookedAt) VALUES(1434, '2020-11-21', '2020-11-22', 5, 1434, 'direct', '2020-12-28 02:48:10');
INSERT INTO Occupancies(RoomNo, Date, ResID) VALUES (502, '2020-11-21', 1434);
#1435
INSERT INTO Customers(Fname, Lname, Phone, Email) VALUES ("Violet", "Kling", '832-291-7551', "Violet_Kling@gmail.com");
INSERT INTO Reservations(ID, StartDate, EndDate, NumGuests, CustomerID, Source, BookedAt) VALUES(1435, '2020-08-05', '2020-08-09', 5, 1435, 'OTA', '2020-12-28 02:48:10');
INSERT INTO Occupancies(RoomNo, Date, ResID) VALUES (205, '2020-08-05', 1435);
INSERT INTO Occupancies(RoomNo, Date, ResID) VALUES (205, '2020-08-06', 1435);
INSERT INTO Occupancies(RoomNo, Date, ResID) VALUES (205, '2020-08-07', 1435);
INSERT INTO Occupancies(RoomNo, Date, ResID) VALUES (205, '2020-08-08', 1435);
#1436
INSERT INTO Customers(Fname, Lname, Phone, Email) VALUES ("Gloria", "Stark", '894-429-7315', "Gloria_Stark@gmail.com");
INSERT INTO Reservations(ID, StartDate, EndDate, NumGuests, CustomerID, Source, BookedAt) VALUES(1436, '2020-08-23', '2020-08-24', 5, 1436, 'OTA', '2020-12-28 02:48:10');
INSERT INTO Occupancies(RoomNo, Date, ResID) VALUES (206, '2020-08-23', 1436);
#1437
INSERT INTO Customers(Fname, Lname, Phone, Email) VALUES ("Flavio", "Goyette", '415-433-6270', "Flavio_Goyette@gmail.com");
INSERT INTO Reservations(ID, StartDate, EndDate, NumGuests, CustomerID, Source, BookedAt) VALUES(1437, '2020-10-14', '2020-10-18', 5, 1437, 'direct', '2020-12-28 02:48:10');
INSERT INTO Occupancies(RoomNo, Date, ResID) VALUES (501, '2020-10-14', 1437);
INSERT INTO Occupancies(RoomNo, Date, ResID) VALUES (501, '2020-10-15', 1437);
INSERT INTO Occupancies(RoomNo, Date, ResID) VALUES (501, '2020-10-16', 1437);
INSERT INTO Occupancies(RoomNo, Date, ResID) VALUES (501, '2020-10-17', 1437);
#1438
INSERT INTO Customers(Fname, Lname, Phone, Email) VALUES ("Deondre", "Effertz", '623-324-2282', "Deondre_Effertz@gmail.com");
INSERT INTO Reservations(ID, StartDate, EndDate, NumGuests, CustomerID, Source, BookedAt) VALUES(1438, '2020-04-07', '2020-04-11', 1, 1438, 'direct', '2020-12-28 02:48:10');
INSERT INTO Occupancies(RoomNo, Date, ResID) VALUES (303, '2020-04-07', 1438);
INSERT INTO Occupancies(RoomNo, Date, ResID) VALUES (303, '2020-04-08', 1438);
INSERT INTO Occupancies(RoomNo, Date, ResID) VALUES (303, '2020-04-09', 1438);
INSERT INTO Occupancies(RoomNo, Date, ResID) VALUES (303, '2020-04-10', 1438);
#1439
INSERT INTO Customers(Fname, Lname, Phone, Email) VALUES ("Billy", "Schiller", '514-998-1147', "Billy_Schiller@gmail.com");
INSERT INTO Reservations(ID, StartDate, EndDate, NumGuests, CustomerID, Source, BookedAt) VALUES(1439, '2020-04-30', '2020-05-04', 4, 1439, 'corporate', '2020-12-28 02:48:10');
INSERT INTO Occupancies(RoomNo, Date, ResID) VALUES (102, '2020-04-30', 1439);
INSERT INTO Occupancies(RoomNo, Date, ResID) VALUES (102, '2020-05-01', 1439);
INSERT INTO Occupancies(RoomNo, Date, ResID) VALUES (102, '2020-05-02', 1439);
INSERT INTO Occupancies(RoomNo, Date, ResID) VALUES (102, '2020-05-03', 1439);
#1440
INSERT INTO Customers(Fname, Lname, Phone, Email) VALUES ("Aric", "Stamm", '594-210-9214', "Aric_Stamm@gmail.com");
INSERT INTO Reservations(ID, StartDate, EndDate, NumGuests, CustomerID, Source, BookedAt) VALUES(1440, '2020-05-29', '2020-06-03', 3, 1440, 'OTA', '2020-12-28 02:48:10');
INSERT INTO Occupancies(RoomNo, Date, ResID) VALUES (502, '2020-05-29', 1440);
INSERT INTO Occupancies(RoomNo, Date, ResID) VALUES (502, '2020-05-30', 1440);
INSERT INTO Occupancies(RoomNo, Date, ResID) VALUES (502, '2020-05-31', 1440);
INSERT INTO Occupancies(RoomNo, Date, ResID) VALUES (502, '2020-06-01', 1440);
INSERT INTO Occupancies(RoomNo, Date, ResID) VALUES (502, '2020-06-02', 1440);
#1441
INSERT INTO Customers(Fname, Lname, Phone, Email) VALUES ("Christelle", "Ryan", '977-748-1152', "Christelle_Ryan@gmail.com");
INSERT INTO Reservations(ID, StartDate, EndDate, NumGuests, CustomerID, Source, BookedAt) VALUES(1441, '2020-07-13', '2020-07-17', 2, 1441, 'direct', '2020-12-28 02:48:10');
INSERT INTO Occupancies(RoomNo, Date, ResID) VALUES (203, '2020-07-13', 1441);
INSERT INTO Occupancies(RoomNo, Date, ResID) VALUES (203, '2020-07-14', 1441);
INSERT INTO Occupancies(RoomNo, Date, ResID) VALUES (203, '2020-07-15', 1441);
INSERT INTO Occupancies(RoomNo, Date, ResID) VALUES (203, '2020-07-16', 1441);
#1442
INSERT INTO Customers(Fname, Lname, Phone, Email) VALUES ("Davon", "Mohr", '945-929-3776', "Davon_Mohr@gmail.com");
INSERT INTO Reservations(ID, StartDate, EndDate, NumGuests, CustomerID, Source, BookedAt) VALUES(1442, '2020-12-01', '2020-12-04', 4, 1442, 'corporate', '2020-12-28 02:48:10');
INSERT INTO Occupancies(RoomNo, Date, ResID) VALUES (406, '2020-12-01', 1442);
INSERT INTO Occupancies(RoomNo, Date, ResID) VALUES (406, '2020-12-02', 1442);
INSERT INTO Occupancies(RoomNo, Date, ResID) VALUES (406, '2020-12-03', 1442);
#1443
INSERT INTO Customers(Fname, Lname, Phone, Email) VALUES ("Violette", "Stiedemann", '387-380-4845', "Violette_Stiedemann@gmail.com");
INSERT INTO Reservations(ID, StartDate, EndDate, NumGuests, CustomerID, Source, BookedAt) VALUES(1443, '2020-06-24', '2020-06-28', 5, 1443, 'OTA', '2020-12-28 02:48:10');
INSERT INTO Occupancies(RoomNo, Date, ResID) VALUES (102, '2020-06-24', 1443);
INSERT INTO Occupancies(RoomNo, Date, ResID) VALUES (102, '2020-06-25', 1443);
INSERT INTO Occupancies(RoomNo, Date, ResID) VALUES (102, '2020-06-26', 1443);
INSERT INTO Occupancies(RoomNo, Date, ResID) VALUES (102, '2020-06-27', 1443);
#1444
INSERT INTO Customers(Fname, Lname, Phone, Email) VALUES ("Dolly", "Wisoky", '950-704-4230', "Dolly_Wisoky@gmail.com");
INSERT INTO Reservations(ID, StartDate, EndDate, NumGuests, CustomerID, Source, BookedAt) VALUES(1444, '2020-07-30', '2020-08-04', 3, 1444, 'OTA', '2020-12-28 02:48:10');
INSERT INTO Occupancies(RoomNo, Date, ResID) VALUES (205, '2020-07-30', 1444);
INSERT INTO Occupancies(RoomNo, Date, ResID) VALUES (205, '2020-07-31', 1444);
INSERT INTO Occupancies(RoomNo, Date, ResID) VALUES (205, '2020-08-01', 1444);
INSERT INTO Occupancies(RoomNo, Date, ResID) VALUES (205, '2020-08-02', 1444);
INSERT INTO Occupancies(RoomNo, Date, ResID) VALUES (205, '2020-08-03', 1444);
#1445
INSERT INTO Customers(Fname, Lname, Phone, Email) VALUES ("Maverick", "Stehr", '899-669-4834', "Maverick_Stehr@gmail.com");
INSERT INTO Reservations(ID, StartDate, EndDate, NumGuests, CustomerID, Source, BookedAt) VALUES(1445, '2020-06-16', '2020-06-18', 2, 1445, 'agency', '2020-12-28 02:48:10');
INSERT INTO Occupancies(RoomNo, Date, ResID) VALUES (104, '2020-06-16', 1445);
INSERT INTO Occupancies(RoomNo, Date, ResID) VALUES (104, '2020-06-17', 1445);
#1446
INSERT INTO Customers(Fname, Lname, Phone, Email) VALUES ("Roger", "Abshire", '231-734-3796', "Roger_Abshire@gmail.com");
INSERT INTO Reservations(ID, StartDate, EndDate, NumGuests, CustomerID, Source, BookedAt) VALUES(1446, '2020-07-18', '2020-07-19', 5, 1446, 'direct', '2020-12-28 02:48:10');
INSERT INTO Occupancies(RoomNo, Date, ResID) VALUES (101, '2020-07-18', 1446);
#1447
INSERT INTO Customers(Fname, Lname, Phone, Email) VALUES ("Marilou", "Boehm", '251-662-4435', "Marilou_Boehm@gmail.com");
INSERT INTO Reservations(ID, StartDate, EndDate, NumGuests, CustomerID, Source, BookedAt) VALUES(1447, '2020-05-27', '2020-05-28', 3, 1447, 'agency', '2020-12-28 02:48:10');
INSERT INTO Occupancies(RoomNo, Date, ResID) VALUES (306, '2020-05-27', 1447);
#1448
INSERT INTO Customers(Fname, Lname, Phone, Email) VALUES ("Gilbert", "Bauch", '246-455-0475', "Gilbert_Bauch@gmail.com");
INSERT INTO Reservations(ID, StartDate, EndDate, NumGuests, CustomerID, Source, BookedAt) VALUES(1448, '2020-10-18', '2020-10-20', 4, 1448, 'OTA', '2020-12-28 02:48:10');
INSERT INTO Occupancies(RoomNo, Date, ResID) VALUES (505, '2020-10-18', 1448);
INSERT INTO Occupancies(RoomNo, Date, ResID) VALUES (505, '2020-10-19', 1448);
#1449
INSERT INTO Customers(Fname, Lname, Phone, Email) VALUES ("Alberta", "Willms", '507-325-4893', "Alberta_Willms@gmail.com");
INSERT INTO Reservations(ID, StartDate, EndDate, NumGuests, CustomerID, Source, BookedAt) VALUES(1449, '2020-06-26', '2020-06-27', 2, 1449, 'OTA', '2020-12-28 02:48:10');
INSERT INTO Occupancies(RoomNo, Date, ResID) VALUES (104, '2020-06-26', 1449);
#1450
INSERT INTO Customers(Fname, Lname, Phone, Email) VALUES ("Jakob", "Parker", '232-605-1405', "Jakob_Parker@gmail.com");
INSERT INTO Reservations(ID, StartDate, EndDate, NumGuests, CustomerID, Source, BookedAt) VALUES(1450, '2021-02-13', '2021-02-15', 1, 1450, 'OTA', '2020-12-28 02:48:10');
INSERT INTO Occupancies(RoomNo, Date, ResID) VALUES (301, '2021-02-13', 1450);
INSERT INTO Occupancies(RoomNo, Date, ResID) VALUES (301, '2021-02-14', 1450);
#1451
INSERT INTO Customers(Fname, Lname, Phone, Email) VALUES ("Jadon", "Jakubowski", '566-693-1357', "Jadon_Jakubowski@gmail.com");
INSERT INTO Reservations(ID, StartDate, EndDate, NumGuests, CustomerID, Source, BookedAt) VALUES(1451, '2020-07-22', '2020-07-25', 4, 1451, 'agency', '2020-12-28 02:48:10');
INSERT INTO Occupancies(RoomNo, Date, ResID) VALUES (302, '2020-07-22', 1451);
INSERT INTO Occupancies(RoomNo, Date, ResID) VALUES (302, '2020-07-23', 1451);
INSERT INTO Occupancies(RoomNo, Date, ResID) VALUES (302, '2020-07-24', 1451);
#1452
INSERT INTO Customers(Fname, Lname, Phone, Email) VALUES ("Keeley", "Gislason", '650-278-5515', "Keeley_Gislason@gmail.com");
INSERT INTO Reservations(ID, StartDate, EndDate, NumGuests, CustomerID, Source, BookedAt) VALUES(1452, '2020-10-09', '2020-10-11', 5, 1452, 'direct', '2020-12-28 02:48:10');
INSERT INTO Occupancies(RoomNo, Date, ResID) VALUES (303, '2020-10-09', 1452);
INSERT INTO Occupancies(RoomNo, Date, ResID) VALUES (303, '2020-10-10', 1452);
#1453
INSERT INTO Customers(Fname, Lname, Phone, Email) VALUES ("Anissa", "Little", '962-516-2120', "Anissa_Little@gmail.com");
INSERT INTO Reservations(ID, StartDate, EndDate, NumGuests, CustomerID, Source, BookedAt) VALUES(1453, '2020-08-08', '2020-08-11', 3, 1453, 'agency', '2020-12-28 02:48:10');
INSERT INTO Occupancies(RoomNo, Date, ResID) VALUES (106, '2020-08-08', 1453);
INSERT INTO Occupancies(RoomNo, Date, ResID) VALUES (106, '2020-08-09', 1453);
INSERT INTO Occupancies(RoomNo, Date, ResID) VALUES (106, '2020-08-10', 1453);
#1454
INSERT INTO Customers(Fname, Lname, Phone, Email) VALUES ("Keira", "Upton", '306-485-0214', "Keira_Upton@gmail.com");
INSERT INTO Reservations(ID, StartDate, EndDate, NumGuests, CustomerID, Source, BookedAt) VALUES(1454, '2021-02-26', '2021-02-28', 1, 1454, 'OTA', '2020-12-28 02:48:10');
INSERT INTO Occupancies(RoomNo, Date, ResID) VALUES (501, '2021-02-26', 1454);
INSERT INTO Occupancies(RoomNo, Date, ResID) VALUES (501, '2021-02-27', 1454);
#1455
INSERT INTO Customers(Fname, Lname, Phone, Email) VALUES ("Violet", "Lindgren", '934-967-7554', "Violet_Lindgren@gmail.com");
INSERT INTO Reservations(ID, StartDate, EndDate, NumGuests, CustomerID, Source, BookedAt) VALUES(1455, '2020-07-25', '2020-07-26', 1, 1455, 'OTA', '2020-12-28 02:48:10');
INSERT INTO Occupancies(RoomNo, Date, ResID) VALUES (504, '2020-07-25', 1455);
#1456
INSERT INTO Customers(Fname, Lname, Phone, Email) VALUES ("Tobin", "Hessel", '737-228-6395', "Tobin_Hessel@gmail.com");
INSERT INTO Reservations(ID, StartDate, EndDate, NumGuests, CustomerID, Source, BookedAt) VALUES(1456, '2020-01-16', '2020-01-20', 5, 1456, 'corporate', '2020-12-28 02:48:10');
INSERT INTO Occupancies(RoomNo, Date, ResID) VALUES (202, '2020-01-16', 1456);
INSERT INTO Occupancies(RoomNo, Date, ResID) VALUES (202, '2020-01-17', 1456);
INSERT INTO Occupancies(RoomNo, Date, ResID) VALUES (202, '2020-01-18', 1456);
INSERT INTO Occupancies(RoomNo, Date, ResID) VALUES (202, '2020-01-19', 1456);
#1457
INSERT INTO Customers(Fname, Lname, Phone, Email) VALUES ("Lilyan", "Green", '508-849-2938', "Lilyan_Green@gmail.com");
INSERT INTO Reservations(ID, StartDate, EndDate, NumGuests, CustomerID, Source, BookedAt) VALUES(1457, '2020-04-26', '2020-05-01', 4, 1457, 'direct', '2020-12-28 02:48:10');
INSERT INTO Occupancies(RoomNo, Date, ResID) VALUES (404, '2020-04-26', 1457);
INSERT INTO Occupancies(RoomNo, Date, ResID) VALUES (404, '2020-04-27', 1457);
INSERT INTO Occupancies(RoomNo, Date, ResID) VALUES (404, '2020-04-28', 1457);
INSERT INTO Occupancies(RoomNo, Date, ResID) VALUES (404, '2020-04-29', 1457);
INSERT INTO Occupancies(RoomNo, Date, ResID) VALUES (404, '2020-04-30', 1457);
#1458
INSERT INTO Customers(Fname, Lname, Phone, Email) VALUES ("Tara", "Beer", '273-243-2367', "Tara_Beer@gmail.com");
INSERT INTO Reservations(ID, StartDate, EndDate, NumGuests, CustomerID, Source, BookedAt) VALUES(1458, '2020-07-13', '2020-07-15', 1, 1458, 'OTA', '2020-12-28 02:48:10');
INSERT INTO Occupancies(RoomNo, Date, ResID) VALUES (204, '2020-07-13', 1458);
INSERT INTO Occupancies(RoomNo, Date, ResID) VALUES (204, '2020-07-14', 1458);
#1459
INSERT INTO Customers(Fname, Lname, Phone, Email) VALUES ("Zackery", "Schultz", '586-388-3663', "Zackery_Schultz@gmail.com");
INSERT INTO Reservations(ID, StartDate, EndDate, NumGuests, CustomerID, Source, BookedAt) VALUES(1459, '2020-09-19', '2020-09-24', 3, 1459, 'OTA', '2020-12-28 02:48:10');
INSERT INTO Occupancies(RoomNo, Date, ResID) VALUES (505, '2020-09-19', 1459);
INSERT INTO Occupancies(RoomNo, Date, ResID) VALUES (505, '2020-09-20', 1459);
INSERT INTO Occupancies(RoomNo, Date, ResID) VALUES (505, '2020-09-21', 1459);
INSERT INTO Occupancies(RoomNo, Date, ResID) VALUES (505, '2020-09-22', 1459);
INSERT INTO Occupancies(RoomNo, Date, ResID) VALUES (505, '2020-09-23', 1459);
#1460
INSERT INTO Customers(Fname, Lname, Phone, Email) VALUES ("Mireya", "Keebler", '268-492-2067', "Mireya_Keebler@gmail.com");
INSERT INTO Reservations(ID, StartDate, EndDate, NumGuests, CustomerID, Source, BookedAt) VALUES(1460, '2020-03-02', '2020-03-04', 3, 1460, 'OTA', '2020-12-28 02:48:10');
INSERT INTO Occupancies(RoomNo, Date, ResID) VALUES (103, '2020-03-02', 1460);
INSERT INTO Occupancies(RoomNo, Date, ResID) VALUES (103, '2020-03-03', 1460);
#1461
INSERT INTO Customers(Fname, Lname, Phone, Email) VALUES ("Loy", "Schmitt", '222-331-8690', "Loy_Schmitt@gmail.com");
INSERT INTO Reservations(ID, StartDate, EndDate, NumGuests, CustomerID, Source, BookedAt) VALUES(1461, '2020-11-27', '2020-11-28', 3, 1461, 'direct', '2020-12-28 02:48:10');
INSERT INTO Occupancies(RoomNo, Date, ResID) VALUES (205, '2020-11-27', 1461);
#1462
INSERT INTO Customers(Fname, Lname, Phone, Email) VALUES ("Tracy", "Shields", '315-362-6037', "Tracy_Shields@gmail.com");
INSERT INTO Reservations(ID, StartDate, EndDate, NumGuests, CustomerID, Source, BookedAt) VALUES(1462, '2021-06-01', '2021-06-04', 5, 1462, 'agency', '2020-12-28 02:48:10');
INSERT INTO Occupancies(RoomNo, Date, ResID) VALUES (302, '2021-06-01', 1462);
INSERT INTO Occupancies(RoomNo, Date, ResID) VALUES (302, '2021-06-02', 1462);
INSERT INTO Occupancies(RoomNo, Date, ResID) VALUES (302, '2021-06-03', 1462);
#1463
INSERT INTO Customers(Fname, Lname, Phone, Email) VALUES ("Myrtice", "Boyer", '356-708-5392', "Myrtice_Boyer@gmail.com");
INSERT INTO Reservations(ID, StartDate, EndDate, NumGuests, CustomerID, Source, BookedAt) VALUES(1463, '2021-04-01', '2021-04-03', 5, 1463, 'corporate', '2020-12-28 02:48:10');
INSERT INTO Occupancies(RoomNo, Date, ResID) VALUES (504, '2021-04-01', 1463);
INSERT INTO Occupancies(RoomNo, Date, ResID) VALUES (504, '2021-04-02', 1463);
#1464
INSERT INTO Customers(Fname, Lname, Phone, Email) VALUES ("Collin", "Hintz", '633-847-9058', "Collin_Hintz@gmail.com");
INSERT INTO Reservations(ID, StartDate, EndDate, NumGuests, CustomerID, Source, BookedAt) VALUES(1464, '2020-06-10', '2020-06-14', 1, 1464, 'OTA', '2020-12-28 02:48:10');
INSERT INTO Occupancies(RoomNo, Date, ResID) VALUES (304, '2020-06-10', 1464);
INSERT INTO Occupancies(RoomNo, Date, ResID) VALUES (304, '2020-06-11', 1464);
INSERT INTO Occupancies(RoomNo, Date, ResID) VALUES (304, '2020-06-12', 1464);
INSERT INTO Occupancies(RoomNo, Date, ResID) VALUES (304, '2020-06-13', 1464);
#1465
INSERT INTO Customers(Fname, Lname, Phone, Email) VALUES ("Carlo", "Gibson", '858-662-2511', "Carlo_Gibson@gmail.com");
INSERT INTO Reservations(ID, StartDate, EndDate, NumGuests, CustomerID, Source, BookedAt) VALUES(1465, '2021-10-13', '2021-10-15', 2, 1465, 'agency', '2020-12-28 02:48:10');
INSERT INTO Occupancies(RoomNo, Date, ResID) VALUES (204, '2021-10-13', 1465);
INSERT INTO Occupancies(RoomNo, Date, ResID) VALUES (204, '2021-10-14', 1465);
#1466
INSERT INTO Customers(Fname, Lname, Phone, Email) VALUES ("Brigitte", "Jaskolski", '544-843-0191', "Brigitte_Jaskolski@gmail.com");
INSERT INTO Reservations(ID, StartDate, EndDate, NumGuests, CustomerID, Source, BookedAt) VALUES(1466, '2021-11-11', '2021-11-13', 4, 1466, 'corporate', '2020-12-28 02:48:10');
INSERT INTO Occupancies(RoomNo, Date, ResID) VALUES (405, '2021-11-11', 1466);
INSERT INTO Occupancies(RoomNo, Date, ResID) VALUES (405, '2021-11-12', 1466);
#1467
INSERT INTO Customers(Fname, Lname, Phone, Email) VALUES ("Zola", "Zieme", '426-453-6869', "Zola_Zieme@gmail.com");
INSERT INTO Reservations(ID, StartDate, EndDate, NumGuests, CustomerID, Source, BookedAt) VALUES(1467, '2020-07-21', '2020-07-26', 4, 1467, 'OTA', '2020-12-28 02:48:10');
INSERT INTO Occupancies(RoomNo, Date, ResID) VALUES (403, '2020-07-21', 1467);
INSERT INTO Occupancies(RoomNo, Date, ResID) VALUES (403, '2020-07-22', 1467);
INSERT INTO Occupancies(RoomNo, Date, ResID) VALUES (403, '2020-07-23', 1467);
INSERT INTO Occupancies(RoomNo, Date, ResID) VALUES (403, '2020-07-24', 1467);
INSERT INTO Occupancies(RoomNo, Date, ResID) VALUES (403, '2020-07-25', 1467);
#1468
INSERT INTO Customers(Fname, Lname, Phone, Email) VALUES ("Retta", "Robel", '207-522-2207', "Retta_Robel@gmail.com");
INSERT INTO Reservations(ID, StartDate, EndDate, NumGuests, CustomerID, Source, BookedAt) VALUES(1468, '2020-01-13', '2020-01-14', 3, 1468, 'OTA', '2020-12-28 02:48:10');
INSERT INTO Occupancies(RoomNo, Date, ResID) VALUES (504, '2020-01-13', 1468);
#1469
INSERT INTO Customers(Fname, Lname, Phone, Email) VALUES ("Adrienne", "Hartmann", '474-603-8472', "Adrienne_Hartmann@gmail.com");
INSERT INTO Reservations(ID, StartDate, EndDate, NumGuests, CustomerID, Source, BookedAt) VALUES(1469, '2020-11-18', '2020-11-23', 2, 1469, 'corporate', '2020-12-28 02:48:10');
INSERT INTO Occupancies(RoomNo, Date, ResID) VALUES (306, '2020-11-18', 1469);
INSERT INTO Occupancies(RoomNo, Date, ResID) VALUES (306, '2020-11-19', 1469);
INSERT INTO Occupancies(RoomNo, Date, ResID) VALUES (306, '2020-11-20', 1469);
INSERT INTO Occupancies(RoomNo, Date, ResID) VALUES (306, '2020-11-21', 1469);
INSERT INTO Occupancies(RoomNo, Date, ResID) VALUES (306, '2020-11-22', 1469);
#1470
INSERT INTO Customers(Fname, Lname, Phone, Email) VALUES ("Samara", "Parisian", '280-495-0759', "Samara_Parisian@gmail.com");
INSERT INTO Reservations(ID, StartDate, EndDate, NumGuests, CustomerID, Source, BookedAt) VALUES(1470, '2020-03-30', '2020-04-01', 4, 1470, 'OTA', '2020-12-28 02:48:10');
INSERT INTO Occupancies(RoomNo, Date, ResID) VALUES (206, '2020-03-30', 1470);
INSERT INTO Occupancies(RoomNo, Date, ResID) VALUES (206, '2020-03-31', 1470);
#1471
INSERT INTO Customers(Fname, Lname, Phone, Email) VALUES ("Judah", "Keebler", '214-676-7260', "Judah_Keebler@gmail.com");
INSERT INTO Reservations(ID, StartDate, EndDate, NumGuests, CustomerID, Source, BookedAt) VALUES(1471, '2020-12-06', '2020-12-10', 2, 1471, 'corporate', '2020-12-28 02:48:10');
INSERT INTO Occupancies(RoomNo, Date, ResID) VALUES (505, '2020-12-06', 1471);
INSERT INTO Occupancies(RoomNo, Date, ResID) VALUES (505, '2020-12-07', 1471);
INSERT INTO Occupancies(RoomNo, Date, ResID) VALUES (505, '2020-12-08', 1471);
INSERT INTO Occupancies(RoomNo, Date, ResID) VALUES (505, '2020-12-09', 1471);
#1472
INSERT INTO Customers(Fname, Lname, Phone, Email) VALUES ("Van", "Barton", '758-472-7765', "Van_Barton@gmail.com");
INSERT INTO Reservations(ID, StartDate, EndDate, NumGuests, CustomerID, Source, BookedAt) VALUES(1472, '2021-02-17', '2021-02-22', 3, 1472, 'corporate', '2020-12-28 02:48:10');
INSERT INTO Occupancies(RoomNo, Date, ResID) VALUES (302, '2021-02-17', 1472);
INSERT INTO Occupancies(RoomNo, Date, ResID) VALUES (302, '2021-02-18', 1472);
INSERT INTO Occupancies(RoomNo, Date, ResID) VALUES (302, '2021-02-19', 1472);
INSERT INTO Occupancies(RoomNo, Date, ResID) VALUES (302, '2021-02-20', 1472);
INSERT INTO Occupancies(RoomNo, Date, ResID) VALUES (302, '2021-02-21', 1472);
#1473
INSERT INTO Customers(Fname, Lname, Phone, Email) VALUES ("Arthur", "Stehr", '839-487-4082', "Arthur_Stehr@gmail.com");
INSERT INTO Reservations(ID, StartDate, EndDate, NumGuests, CustomerID, Source, BookedAt) VALUES(1473, '2020-03-17', '2020-03-22', 3, 1473, 'OTA', '2020-12-28 02:48:10');
INSERT INTO Occupancies(RoomNo, Date, ResID) VALUES (302, '2020-03-17', 1473);
INSERT INTO Occupancies(RoomNo, Date, ResID) VALUES (302, '2020-03-18', 1473);
INSERT INTO Occupancies(RoomNo, Date, ResID) VALUES (302, '2020-03-19', 1473);
INSERT INTO Occupancies(RoomNo, Date, ResID) VALUES (302, '2020-03-20', 1473);
INSERT INTO Occupancies(RoomNo, Date, ResID) VALUES (302, '2020-03-21', 1473);
#1474
INSERT INTO Customers(Fname, Lname, Phone, Email) VALUES ("Cielo", "Schmidt", '655-968-4163', "Cielo_Schmidt@gmail.com");
INSERT INTO Reservations(ID, StartDate, EndDate, NumGuests, CustomerID, Source, BookedAt) VALUES(1474, '2021-12-22', '2021-12-27', 4, 1474, 'corporate', '2020-12-28 02:48:10');
INSERT INTO Occupancies(RoomNo, Date, ResID) VALUES (501, '2021-12-22', 1474);
INSERT INTO Occupancies(RoomNo, Date, ResID) VALUES (501, '2021-12-23', 1474);
INSERT INTO Occupancies(RoomNo, Date, ResID) VALUES (501, '2021-12-24', 1474);
INSERT INTO Occupancies(RoomNo, Date, ResID) VALUES (501, '2021-12-25', 1474);
INSERT INTO Occupancies(RoomNo, Date, ResID) VALUES (501, '2021-12-26', 1474);
#1475
INSERT INTO Customers(Fname, Lname, Phone, Email) VALUES ("Jennifer", "Marvin", '452-845-0327', "Jennifer_Marvin@gmail.com");
INSERT INTO Reservations(ID, StartDate, EndDate, NumGuests, CustomerID, Source, BookedAt) VALUES(1475, '2021-01-05', '2021-01-10', 1, 1475, 'corporate', '2020-12-28 02:48:10');
INSERT INTO Occupancies(RoomNo, Date, ResID) VALUES (403, '2021-01-05', 1475);
INSERT INTO Occupancies(RoomNo, Date, ResID) VALUES (403, '2021-01-06', 1475);
INSERT INTO Occupancies(RoomNo, Date, ResID) VALUES (403, '2021-01-07', 1475);
INSERT INTO Occupancies(RoomNo, Date, ResID) VALUES (403, '2021-01-08', 1475);
INSERT INTO Occupancies(RoomNo, Date, ResID) VALUES (403, '2021-01-09', 1475);
#1476
INSERT INTO Customers(Fname, Lname, Phone, Email) VALUES ("Meda", "Bailey", '751-493-4678', "Meda_Bailey@gmail.com");
INSERT INTO Reservations(ID, StartDate, EndDate, NumGuests, CustomerID, Source, BookedAt) VALUES(1476, '2020-09-03', '2020-09-04', 1, 1476, 'OTA', '2020-12-28 02:48:10');
INSERT INTO Occupancies(RoomNo, Date, ResID) VALUES (506, '2020-09-03', 1476);
#1477
INSERT INTO Customers(Fname, Lname, Phone, Email) VALUES ("Jamarcus", "Hegmann", '449-611-4479', "Jamarcus_Hegmann@gmail.com");
INSERT INTO Reservations(ID, StartDate, EndDate, NumGuests, CustomerID, Source, BookedAt) VALUES(1477, '2021-07-07', '2021-07-11', 4, 1477, 'OTA', '2020-12-28 02:48:10');
INSERT INTO Occupancies(RoomNo, Date, ResID) VALUES (104, '2021-07-07', 1477);
INSERT INTO Occupancies(RoomNo, Date, ResID) VALUES (104, '2021-07-08', 1477);
INSERT INTO Occupancies(RoomNo, Date, ResID) VALUES (104, '2021-07-09', 1477);
INSERT INTO Occupancies(RoomNo, Date, ResID) VALUES (104, '2021-07-10', 1477);
#1478
INSERT INTO Customers(Fname, Lname, Phone, Email) VALUES ("Brianne", "Bashirian", '852-832-1300', "Brianne_Bashirian@gmail.com");
INSERT INTO Reservations(ID, StartDate, EndDate, NumGuests, CustomerID, Source, BookedAt) VALUES(1478, '2020-01-29', '2020-02-02', 1, 1478, 'OTA', '2020-12-28 02:48:10');
INSERT INTO Occupancies(RoomNo, Date, ResID) VALUES (504, '2020-01-29', 1478);
INSERT INTO Occupancies(RoomNo, Date, ResID) VALUES (504, '2020-01-30', 1478);
INSERT INTO Occupancies(RoomNo, Date, ResID) VALUES (504, '2020-01-31', 1478);
INSERT INTO Occupancies(RoomNo, Date, ResID) VALUES (504, '2020-02-01', 1478);
#1479
INSERT INTO Customers(Fname, Lname, Phone, Email) VALUES ("Alysha", "Klein", '706-828-6822', "Alysha_Klein@gmail.com");
INSERT INTO Reservations(ID, StartDate, EndDate, NumGuests, CustomerID, Source, BookedAt) VALUES(1479, '2021-11-07', '2021-11-09', 3, 1479, 'OTA', '2020-12-28 02:48:10');
INSERT INTO Occupancies(RoomNo, Date, ResID) VALUES (306, '2021-11-07', 1479);
INSERT INTO Occupancies(RoomNo, Date, ResID) VALUES (306, '2021-11-08', 1479);
#1480
INSERT INTO Customers(Fname, Lname, Phone, Email) VALUES ("Jeffery", "Rau", '263-355-9501', "Jeffery_Rau@gmail.com");
INSERT INTO Reservations(ID, StartDate, EndDate, NumGuests, CustomerID, Source, BookedAt) VALUES(1480, '2021-02-09', '2021-02-10', 2, 1480, 'corporate', '2020-12-28 02:48:10');
INSERT INTO Occupancies(RoomNo, Date, ResID) VALUES (303, '2021-02-09', 1480);
#1481
INSERT INTO Customers(Fname, Lname, Phone, Email) VALUES ("Bradford", "Christiansen", '542-846-1136', "Bradford_Christiansen@gmail.com");
INSERT INTO Reservations(ID, StartDate, EndDate, NumGuests, CustomerID, Source, BookedAt) VALUES(1481, '2020-11-18', '2020-11-22', 5, 1481, 'direct', '2020-12-28 02:48:10');
INSERT INTO Occupancies(RoomNo, Date, ResID) VALUES (104, '2020-11-18', 1481);
INSERT INTO Occupancies(RoomNo, Date, ResID) VALUES (104, '2020-11-19', 1481);
INSERT INTO Occupancies(RoomNo, Date, ResID) VALUES (104, '2020-11-20', 1481);
INSERT INTO Occupancies(RoomNo, Date, ResID) VALUES (104, '2020-11-21', 1481);
#1482
INSERT INTO Customers(Fname, Lname, Phone, Email) VALUES ("Santino", "Zieme", '408-899-4651', "Santino_Zieme@gmail.com");
INSERT INTO Reservations(ID, StartDate, EndDate, NumGuests, CustomerID, Source, BookedAt) VALUES(1482, '2020-05-22', '2020-05-27', 4, 1482, 'agency', '2020-12-28 02:48:10');
INSERT INTO Occupancies(RoomNo, Date, ResID) VALUES (203, '2020-05-22', 1482);
INSERT INTO Occupancies(RoomNo, Date, ResID) VALUES (203, '2020-05-23', 1482);
INSERT INTO Occupancies(RoomNo, Date, ResID) VALUES (203, '2020-05-24', 1482);
INSERT INTO Occupancies(RoomNo, Date, ResID) VALUES (203, '2020-05-25', 1482);
INSERT INTO Occupancies(RoomNo, Date, ResID) VALUES (203, '2020-05-26', 1482);
#1483
INSERT INTO Customers(Fname, Lname, Phone, Email) VALUES ("Ilene", "Stoltenberg", '345-969-0574', "Ilene_Stoltenberg@gmail.com");
INSERT INTO Reservations(ID, StartDate, EndDate, NumGuests, CustomerID, Source, BookedAt) VALUES(1483, '2020-01-09', '2020-01-12', 5, 1483, 'agency', '2020-12-28 02:48:10');
INSERT INTO Occupancies(RoomNo, Date, ResID) VALUES (205, '2020-01-09', 1483);
INSERT INTO Occupancies(RoomNo, Date, ResID) VALUES (205, '2020-01-10', 1483);
INSERT INTO Occupancies(RoomNo, Date, ResID) VALUES (205, '2020-01-11', 1483);
#1484
INSERT INTO Customers(Fname, Lname, Phone, Email) VALUES ("Bernice", "Nienow", '732-991-0869', "Bernice_Nienow@gmail.com");
INSERT INTO Reservations(ID, StartDate, EndDate, NumGuests, CustomerID, Source, BookedAt) VALUES(1484, '2020-11-08', '2020-11-10', 1, 1484, 'corporate', '2020-12-28 02:48:10');
INSERT INTO Occupancies(RoomNo, Date, ResID) VALUES (503, '2020-11-08', 1484);
INSERT INTO Occupancies(RoomNo, Date, ResID) VALUES (503, '2020-11-09', 1484);
#1485
INSERT INTO Customers(Fname, Lname, Phone, Email) VALUES ("Queen", "Rice", '308-801-2000', "Queen_Rice@gmail.com");
INSERT INTO Reservations(ID, StartDate, EndDate, NumGuests, CustomerID, Source, BookedAt) VALUES(1485, '2020-07-23', '2020-07-24', 2, 1485, 'OTA', '2020-12-28 02:48:10');
INSERT INTO Occupancies(RoomNo, Date, ResID) VALUES (202, '2020-07-23', 1485);
#1486
INSERT INTO Customers(Fname, Lname, Phone, Email) VALUES ("Kian", "Stanton", '907-660-8601', "Kian_Stanton@gmail.com");
INSERT INTO Reservations(ID, StartDate, EndDate, NumGuests, CustomerID, Source, BookedAt) VALUES(1486, '2020-09-18', '2020-09-20', 2, 1486, 'direct', '2020-12-28 02:48:10');
INSERT INTO Occupancies(RoomNo, Date, ResID) VALUES (205, '2020-09-18', 1486);
INSERT INTO Occupancies(RoomNo, Date, ResID) VALUES (205, '2020-09-19', 1486);
#1487
INSERT INTO Customers(Fname, Lname, Phone, Email) VALUES ("Graham", "Braun", '690-318-5141', "Graham_Braun@gmail.com");
INSERT INTO Reservations(ID, StartDate, EndDate, NumGuests, CustomerID, Source, BookedAt) VALUES(1487, '2020-02-18', '2020-02-20', 3, 1487, 'direct', '2020-12-28 02:48:10');
INSERT INTO Occupancies(RoomNo, Date, ResID) VALUES (301, '2020-02-18', 1487);
INSERT INTO Occupancies(RoomNo, Date, ResID) VALUES (301, '2020-02-19', 1487);
#1488
INSERT INTO Customers(Fname, Lname, Phone, Email) VALUES ("Nikki", "King", '906-364-4458', "Nikki_King@gmail.com");
INSERT INTO Reservations(ID, StartDate, EndDate, NumGuests, CustomerID, Source, BookedAt) VALUES(1488, '2020-01-01', '2020-01-03', 5, 1488, 'OTA', '2020-12-28 02:48:10');
INSERT INTO Occupancies(RoomNo, Date, ResID) VALUES (201, '2020-01-01', 1488);
INSERT INTO Occupancies(RoomNo, Date, ResID) VALUES (201, '2020-01-02', 1488);
#1489
INSERT INTO Customers(Fname, Lname, Phone, Email) VALUES ("Isac", "O'Kon", '235-862-3364', "Isac_O'Kon@gmail.com");
INSERT INTO Reservations(ID, StartDate, EndDate, NumGuests, CustomerID, Source, BookedAt) VALUES(1489, '2020-09-25', '2020-09-26', 3, 1489, 'corporate', '2020-12-28 02:48:10');
INSERT INTO Occupancies(RoomNo, Date, ResID) VALUES (505, '2020-09-25', 1489);
#1490
INSERT INTO Customers(Fname, Lname, Phone, Email) VALUES ("Mozelle", "Kihn", '623-295-3393', "Mozelle_Kihn@gmail.com");
INSERT INTO Reservations(ID, StartDate, EndDate, NumGuests, CustomerID, Source, BookedAt) VALUES(1490, '2020-05-06', '2020-05-11', 1, 1490, 'agency', '2020-12-28 02:48:10');
INSERT INTO Occupancies(RoomNo, Date, ResID) VALUES (304, '2020-05-06', 1490);
INSERT INTO Occupancies(RoomNo, Date, ResID) VALUES (304, '2020-05-07', 1490);
INSERT INTO Occupancies(RoomNo, Date, ResID) VALUES (304, '2020-05-08', 1490);
INSERT INTO Occupancies(RoomNo, Date, ResID) VALUES (304, '2020-05-09', 1490);
INSERT INTO Occupancies(RoomNo, Date, ResID) VALUES (304, '2020-05-10', 1490);
#1491
INSERT INTO Customers(Fname, Lname, Phone, Email) VALUES ("Elliott", "Jacobi", '908-764-4224', "Elliott_Jacobi@gmail.com");
INSERT INTO Reservations(ID, StartDate, EndDate, NumGuests, CustomerID, Source, BookedAt) VALUES(1491, '2021-11-07', '2021-11-08', 2, 1491, 'direct', '2020-12-28 02:48:10');
INSERT INTO Occupancies(RoomNo, Date, ResID) VALUES (404, '2021-11-07', 1491);
#1492
INSERT INTO Customers(Fname, Lname, Phone, Email) VALUES ("Rhoda", "Kerluke", '316-656-3286', "Rhoda_Kerluke@gmail.com");
INSERT INTO Reservations(ID, StartDate, EndDate, NumGuests, CustomerID, Source, BookedAt) VALUES(1492, '2020-01-17', '2020-01-18', 3, 1492, 'agency', '2020-12-28 02:48:10');
INSERT INTO Occupancies(RoomNo, Date, ResID) VALUES (205, '2020-01-17', 1492);
#1493
INSERT INTO Customers(Fname, Lname, Phone, Email) VALUES ("Jessie", "Hane", '972-220-6654', "Jessie_Hane@gmail.com");
INSERT INTO Reservations(ID, StartDate, EndDate, NumGuests, CustomerID, Source, BookedAt) VALUES(1493, '2020-10-31', '2020-11-03', 3, 1493, 'direct', '2020-12-28 02:48:10');
INSERT INTO Occupancies(RoomNo, Date, ResID) VALUES (305, '2020-10-31', 1493);
INSERT INTO Occupancies(RoomNo, Date, ResID) VALUES (305, '2020-11-01', 1493);
INSERT INTO Occupancies(RoomNo, Date, ResID) VALUES (305, '2020-11-02', 1493);
#1494
INSERT INTO Customers(Fname, Lname, Phone, Email) VALUES ("Margarette", "Rohan", '864-873-9824', "Margarette_Rohan@gmail.com");
INSERT INTO Reservations(ID, StartDate, EndDate, NumGuests, CustomerID, Source, BookedAt) VALUES(1494, '2020-07-26', '2020-07-29', 5, 1494, 'OTA', '2020-12-28 02:48:10');
INSERT INTO Occupancies(RoomNo, Date, ResID) VALUES (303, '2020-07-26', 1494);
INSERT INTO Occupancies(RoomNo, Date, ResID) VALUES (303, '2020-07-27', 1494);
INSERT INTO Occupancies(RoomNo, Date, ResID) VALUES (303, '2020-07-28', 1494);
#1495
INSERT INTO Customers(Fname, Lname, Phone, Email) VALUES ("Stephania", "Johnston", '308-978-7906', "Stephania_Johnston@gmail.com");
INSERT INTO Reservations(ID, StartDate, EndDate, NumGuests, CustomerID, Source, BookedAt) VALUES(1495, '2020-12-10', '2020-12-12', 3, 1495, 'OTA', '2020-12-28 02:48:10');
INSERT INTO Occupancies(RoomNo, Date, ResID) VALUES (403, '2020-12-10', 1495);
INSERT INTO Occupancies(RoomNo, Date, ResID) VALUES (403, '2020-12-11', 1495);
#1496
INSERT INTO Customers(Fname, Lname, Phone, Email) VALUES ("Raina", "Russel", '546-733-6502', "Raina_Russel@gmail.com");
INSERT INTO Reservations(ID, StartDate, EndDate, NumGuests, CustomerID, Source, BookedAt) VALUES(1496, '2020-11-16', '2020-11-17', 4, 1496, 'direct', '2020-12-28 02:48:10');
INSERT INTO Occupancies(RoomNo, Date, ResID) VALUES (301, '2020-11-16', 1496);
#1497
INSERT INTO Customers(Fname, Lname, Phone, Email) VALUES ("Lesly", "Harris", '729-874-9276', "Lesly_Harris@gmail.com");
INSERT INTO Reservations(ID, StartDate, EndDate, NumGuests, CustomerID, Source, BookedAt) VALUES(1497, '2021-05-28', '2021-05-29', 3, 1497, 'direct', '2020-12-28 02:48:10');
INSERT INTO Occupancies(RoomNo, Date, ResID) VALUES (405, '2021-05-28', 1497);
#1498
INSERT INTO Customers(Fname, Lname, Phone, Email) VALUES ("Jamie", "Kerluke", '635-932-4291', "Jamie_Kerluke@gmail.com");
INSERT INTO Reservations(ID, StartDate, EndDate, NumGuests, CustomerID, Source, BookedAt) VALUES(1498, '2020-11-26', '2020-11-30', 5, 1498, 'direct', '2020-12-28 02:48:10');
INSERT INTO Occupancies(RoomNo, Date, ResID) VALUES (305, '2020-11-26', 1498);
INSERT INTO Occupancies(RoomNo, Date, ResID) VALUES (305, '2020-11-27', 1498);
INSERT INTO Occupancies(RoomNo, Date, ResID) VALUES (305, '2020-11-28', 1498);
INSERT INTO Occupancies(RoomNo, Date, ResID) VALUES (305, '2020-11-29', 1498);
#1499
INSERT INTO Customers(Fname, Lname, Phone, Email) VALUES ("Adam", "Mohr", '584-586-4507', "Adam_Mohr@gmail.com");
INSERT INTO Reservations(ID, StartDate, EndDate, NumGuests, CustomerID, Source, BookedAt) VALUES(1499, '2021-06-10', '2021-06-12', 1, 1499, 'corporate', '2020-12-28 02:48:10');
INSERT INTO Occupancies(RoomNo, Date, ResID) VALUES (101, '2021-06-10', 1499);
INSERT INTO Occupancies(RoomNo, Date, ResID) VALUES (101, '2021-06-11', 1499);
#1500
INSERT INTO Customers(Fname, Lname, Phone, Email) VALUES ("Jocelyn", "Kuhlman", '561-316-3966', "Jocelyn_Kuhlman@gmail.com");
INSERT INTO Reservations(ID, StartDate, EndDate, NumGuests, CustomerID, Source, BookedAt) VALUES(1500, '2021-11-15', '2021-11-16', 3, 1500, 'OTA', '2020-12-28 02:48:10');
INSERT INTO Occupancies(RoomNo, Date, ResID) VALUES (105, '2021-11-15', 1500);
#1501
INSERT INTO Customers(Fname, Lname, Phone, Email) VALUES ("Ophelia", "Bednar", '932-963-9764', "Ophelia_Bednar@gmail.com");
INSERT INTO Reservations(ID, StartDate, EndDate, NumGuests, CustomerID, Source, BookedAt) VALUES(1501, '2020-07-06', '2020-07-08', 2, 1501, 'OTA', '2020-12-28 02:48:10');
INSERT INTO Occupancies(RoomNo, Date, ResID) VALUES (402, '2020-07-06', 1501);
INSERT INTO Occupancies(RoomNo, Date, ResID) VALUES (402, '2020-07-07', 1501);
#1502
INSERT INTO Customers(Fname, Lname, Phone, Email) VALUES ("Judy", "Prosacco", '288-884-3964', "Judy_Prosacco@gmail.com");
INSERT INTO Reservations(ID, StartDate, EndDate, NumGuests, CustomerID, Source, BookedAt) VALUES(1502, '2020-01-21', '2020-01-24', 3, 1502, 'OTA', '2020-12-28 02:48:10');
INSERT INTO Occupancies(RoomNo, Date, ResID) VALUES (405, '2020-01-21', 1502);
INSERT INTO Occupancies(RoomNo, Date, ResID) VALUES (405, '2020-01-22', 1502);
INSERT INTO Occupancies(RoomNo, Date, ResID) VALUES (405, '2020-01-23', 1502);
#1503
INSERT INTO Customers(Fname, Lname, Phone, Email) VALUES ("Giovani", "Miller", '313-587-8832', "Giovani_Miller@gmail.com");
INSERT INTO Reservations(ID, StartDate, EndDate, NumGuests, CustomerID, Source, BookedAt) VALUES(1503, '2020-12-14', '2020-12-17', 5, 1503, 'OTA', '2020-12-28 02:48:10');
INSERT INTO Occupancies(RoomNo, Date, ResID) VALUES (103, '2020-12-14', 1503);
INSERT INTO Occupancies(RoomNo, Date, ResID) VALUES (103, '2020-12-15', 1503);
INSERT INTO Occupancies(RoomNo, Date, ResID) VALUES (103, '2020-12-16', 1503);
#1504
INSERT INTO Customers(Fname, Lname, Phone, Email) VALUES ("Dashawn", "Rippin", '236-401-3205', "Dashawn_Rippin@gmail.com");
INSERT INTO Reservations(ID, StartDate, EndDate, NumGuests, CustomerID, Source, BookedAt) VALUES(1504, '2020-08-08', '2020-08-12', 4, 1504, 'agency', '2020-12-28 02:48:10');
INSERT INTO Occupancies(RoomNo, Date, ResID) VALUES (201, '2020-08-08', 1504);
INSERT INTO Occupancies(RoomNo, Date, ResID) VALUES (201, '2020-08-09', 1504);
INSERT INTO Occupancies(RoomNo, Date, ResID) VALUES (201, '2020-08-10', 1504);
INSERT INTO Occupancies(RoomNo, Date, ResID) VALUES (201, '2020-08-11', 1504);
#1505
INSERT INTO Customers(Fname, Lname, Phone, Email) VALUES ("Amelia", "Baumbach", '884-766-5188', "Amelia_Baumbach@gmail.com");
INSERT INTO Reservations(ID, StartDate, EndDate, NumGuests, CustomerID, Source, BookedAt) VALUES(1505, '2020-05-31', '2020-06-01', 3, 1505, 'OTA', '2020-12-28 02:48:10');
INSERT INTO Occupancies(RoomNo, Date, ResID) VALUES (101, '2020-05-31', 1505);
#1506
INSERT INTO Customers(Fname, Lname, Phone, Email) VALUES ("Leone", "Williamson", '405-591-6438', "Leone_Williamson@gmail.com");
INSERT INTO Reservations(ID, StartDate, EndDate, NumGuests, CustomerID, Source, BookedAt) VALUES(1506, '2021-07-01', '2021-07-03', 5, 1506, 'OTA', '2020-12-28 02:48:10');
INSERT INTO Occupancies(RoomNo, Date, ResID) VALUES (505, '2021-07-01', 1506);
INSERT INTO Occupancies(RoomNo, Date, ResID) VALUES (505, '2021-07-02', 1506);
#1507
INSERT INTO Customers(Fname, Lname, Phone, Email) VALUES ("Jayden", "Huel", '556-236-4182', "Jayden_Huel@gmail.com");
INSERT INTO Reservations(ID, StartDate, EndDate, NumGuests, CustomerID, Source, BookedAt) VALUES(1507, '2020-11-22', '2020-11-24', 1, 1507, 'corporate', '2020-12-28 02:48:10');
INSERT INTO Occupancies(RoomNo, Date, ResID) VALUES (302, '2020-11-22', 1507);
INSERT INTO Occupancies(RoomNo, Date, ResID) VALUES (302, '2020-11-23', 1507);
#1508
INSERT INTO Customers(Fname, Lname, Phone, Email) VALUES ("Braeden", "Jacobs", '665-336-7725', "Braeden_Jacobs@gmail.com");
INSERT INTO Reservations(ID, StartDate, EndDate, NumGuests, CustomerID, Source, BookedAt) VALUES(1508, '2020-02-14', '2020-02-15', 5, 1508, 'agency', '2020-12-28 02:48:10');
INSERT INTO Occupancies(RoomNo, Date, ResID) VALUES (301, '2020-02-14', 1508);
#1509
INSERT INTO Customers(Fname, Lname, Phone, Email) VALUES ("Zachery", "Funk", '574-513-3253', "Zachery_Funk@gmail.com");
INSERT INTO Reservations(ID, StartDate, EndDate, NumGuests, CustomerID, Source, BookedAt) VALUES(1509, '2020-01-10', '2020-01-11', 4, 1509, 'direct', '2020-12-28 02:48:10');
INSERT INTO Occupancies(RoomNo, Date, ResID) VALUES (305, '2020-01-10', 1509);
#1510
INSERT INTO Customers(Fname, Lname, Phone, Email) VALUES ("Otho", "Tillman", '829-928-0466', "Otho_Tillman@gmail.com");
INSERT INTO Reservations(ID, StartDate, EndDate, NumGuests, CustomerID, Source, BookedAt) VALUES(1510, '2019-12-29', '2020-01-01', 2, 1510, 'corporate', '2020-12-28 02:48:10');
INSERT INTO Occupancies(RoomNo, Date, ResID) VALUES (506, '2019-12-29', 1510);
INSERT INTO Occupancies(RoomNo, Date, ResID) VALUES (506, '2019-12-30', 1510);
INSERT INTO Occupancies(RoomNo, Date, ResID) VALUES (506, '2019-12-31', 1510);
#1511
INSERT INTO Customers(Fname, Lname, Phone, Email) VALUES ("Zachery", "Metz", '403-508-1556', "Zachery_Metz@gmail.com");
INSERT INTO Reservations(ID, StartDate, EndDate, NumGuests, CustomerID, Source, BookedAt) VALUES(1511, '2021-08-11', '2021-08-14', 5, 1511, 'direct', '2020-12-28 02:48:10');
INSERT INTO Occupancies(RoomNo, Date, ResID) VALUES (106, '2021-08-11', 1511);
INSERT INTO Occupancies(RoomNo, Date, ResID) VALUES (106, '2021-08-12', 1511);
INSERT INTO Occupancies(RoomNo, Date, ResID) VALUES (106, '2021-08-13', 1511);
#1512
INSERT INTO Customers(Fname, Lname, Phone, Email) VALUES ("Catalina", "Wunsch", '918-723-5711', "Catalina_Wunsch@gmail.com");
INSERT INTO Reservations(ID, StartDate, EndDate, NumGuests, CustomerID, Source, BookedAt) VALUES(1512, '2021-08-26', '2021-08-31', 1, 1512, 'OTA', '2020-12-28 02:48:10');
INSERT INTO Occupancies(RoomNo, Date, ResID) VALUES (203, '2021-08-26', 1512);
INSERT INTO Occupancies(RoomNo, Date, ResID) VALUES (203, '2021-08-27', 1512);
INSERT INTO Occupancies(RoomNo, Date, ResID) VALUES (203, '2021-08-28', 1512);
INSERT INTO Occupancies(RoomNo, Date, ResID) VALUES (203, '2021-08-29', 1512);
INSERT INTO Occupancies(RoomNo, Date, ResID) VALUES (203, '2021-08-30', 1512);
#1513
INSERT INTO Customers(Fname, Lname, Phone, Email) VALUES ("Demario", "Schiller", '548-270-1777', "Demario_Schiller@gmail.com");
INSERT INTO Reservations(ID, StartDate, EndDate, NumGuests, CustomerID, Source, BookedAt) VALUES(1513, '2021-06-17', '2021-06-20', 4, 1513, 'direct', '2020-12-28 02:48:10');
INSERT INTO Occupancies(RoomNo, Date, ResID) VALUES (203, '2021-06-17', 1513);
INSERT INTO Occupancies(RoomNo, Date, ResID) VALUES (203, '2021-06-18', 1513);
INSERT INTO Occupancies(RoomNo, Date, ResID) VALUES (203, '2021-06-19', 1513);
#1514
INSERT INTO Customers(Fname, Lname, Phone, Email) VALUES ("Fredrick", "Franecki", '898-341-3241', "Fredrick_Franecki@gmail.com");
INSERT INTO Reservations(ID, StartDate, EndDate, NumGuests, CustomerID, Source, BookedAt) VALUES(1514, '2020-10-18', '2020-10-19', 2, 1514, 'corporate', '2020-12-28 02:48:10');
INSERT INTO Occupancies(RoomNo, Date, ResID) VALUES (403, '2020-10-18', 1514);
#1515
INSERT INTO Customers(Fname, Lname, Phone, Email) VALUES ("Shaylee", "Kuhlman", '498-911-8410', "Shaylee_Kuhlman@gmail.com");
INSERT INTO Reservations(ID, StartDate, EndDate, NumGuests, CustomerID, Source, BookedAt) VALUES(1515, '2020-10-22', '2020-10-24', 3, 1515, 'direct', '2020-12-28 02:48:10');
INSERT INTO Occupancies(RoomNo, Date, ResID) VALUES (101, '2020-10-22', 1515);
INSERT INTO Occupancies(RoomNo, Date, ResID) VALUES (101, '2020-10-23', 1515);
#1516
INSERT INTO Customers(Fname, Lname, Phone, Email) VALUES ("Misty", "McKenzie", '572-419-3154', "Misty_McKenzie@gmail.com");
INSERT INTO Reservations(ID, StartDate, EndDate, NumGuests, CustomerID, Source, BookedAt) VALUES(1516, '2020-10-05', '2020-10-08', 3, 1516, 'OTA', '2020-12-28 02:48:10');
INSERT INTO Occupancies(RoomNo, Date, ResID) VALUES (401, '2020-10-05', 1516);
INSERT INTO Occupancies(RoomNo, Date, ResID) VALUES (401, '2020-10-06', 1516);
INSERT INTO Occupancies(RoomNo, Date, ResID) VALUES (401, '2020-10-07', 1516);
#1517
INSERT INTO Customers(Fname, Lname, Phone, Email) VALUES ("Kieran", "Pagac", '544-678-8832', "Kieran_Pagac@gmail.com");
INSERT INTO Reservations(ID, StartDate, EndDate, NumGuests, CustomerID, Source, BookedAt) VALUES(1517, '2020-04-02', '2020-04-07', 2, 1517, 'corporate', '2020-12-28 02:48:10');
INSERT INTO Occupancies(RoomNo, Date, ResID) VALUES (404, '2020-04-02', 1517);
INSERT INTO Occupancies(RoomNo, Date, ResID) VALUES (404, '2020-04-03', 1517);
INSERT INTO Occupancies(RoomNo, Date, ResID) VALUES (404, '2020-04-04', 1517);
INSERT INTO Occupancies(RoomNo, Date, ResID) VALUES (404, '2020-04-05', 1517);
INSERT INTO Occupancies(RoomNo, Date, ResID) VALUES (404, '2020-04-06', 1517);
#1518
INSERT INTO Customers(Fname, Lname, Phone, Email) VALUES ("Larue", "Huel", '666-632-9039', "Larue_Huel@gmail.com");
INSERT INTO Reservations(ID, StartDate, EndDate, NumGuests, CustomerID, Source, BookedAt) VALUES(1518, '2020-10-04', '2020-10-07', 2, 1518, 'direct', '2020-12-28 02:48:10');
INSERT INTO Occupancies(RoomNo, Date, ResID) VALUES (106, '2020-10-04', 1518);
INSERT INTO Occupancies(RoomNo, Date, ResID) VALUES (106, '2020-10-05', 1518);
INSERT INTO Occupancies(RoomNo, Date, ResID) VALUES (106, '2020-10-06', 1518);
#1519
INSERT INTO Customers(Fname, Lname, Phone, Email) VALUES ("Colby", "Bartell", '278-973-5070', "Colby_Bartell@gmail.com");
INSERT INTO Reservations(ID, StartDate, EndDate, NumGuests, CustomerID, Source, BookedAt) VALUES(1519, '2020-05-31', '2020-06-05', 5, 1519, 'direct', '2020-12-28 02:48:10');
INSERT INTO Occupancies(RoomNo, Date, ResID) VALUES (103, '2020-05-31', 1519);
INSERT INTO Occupancies(RoomNo, Date, ResID) VALUES (103, '2020-06-01', 1519);
INSERT INTO Occupancies(RoomNo, Date, ResID) VALUES (103, '2020-06-02', 1519);
INSERT INTO Occupancies(RoomNo, Date, ResID) VALUES (103, '2020-06-03', 1519);
INSERT INTO Occupancies(RoomNo, Date, ResID) VALUES (103, '2020-06-04', 1519);
#1520
INSERT INTO Customers(Fname, Lname, Phone, Email) VALUES ("Fabiola", "Boyer", '345-490-0476', "Fabiola_Boyer@gmail.com");
INSERT INTO Reservations(ID, StartDate, EndDate, NumGuests, CustomerID, Source, BookedAt) VALUES(1520, '2020-02-19', '2020-02-23', 3, 1520, 'corporate', '2020-12-28 02:48:10');
INSERT INTO Occupancies(RoomNo, Date, ResID) VALUES (504, '2020-02-19', 1520);
INSERT INTO Occupancies(RoomNo, Date, ResID) VALUES (504, '2020-02-20', 1520);
INSERT INTO Occupancies(RoomNo, Date, ResID) VALUES (504, '2020-02-21', 1520);
INSERT INTO Occupancies(RoomNo, Date, ResID) VALUES (504, '2020-02-22', 1520);
#1521
INSERT INTO Customers(Fname, Lname, Phone, Email) VALUES ("Richard", "Herman", '230-738-2603', "Richard_Herman@gmail.com");
INSERT INTO Reservations(ID, StartDate, EndDate, NumGuests, CustomerID, Source, BookedAt) VALUES(1521, '2020-06-21', '2020-06-24', 3, 1521, 'corporate', '2020-12-28 02:48:10');
INSERT INTO Occupancies(RoomNo, Date, ResID) VALUES (401, '2020-06-21', 1521);
INSERT INTO Occupancies(RoomNo, Date, ResID) VALUES (401, '2020-06-22', 1521);
INSERT INTO Occupancies(RoomNo, Date, ResID) VALUES (401, '2020-06-23', 1521);
#1522
INSERT INTO Customers(Fname, Lname, Phone, Email) VALUES ("Travon", "Lesch", '380-471-2332', "Travon_Lesch@gmail.com");
INSERT INTO Reservations(ID, StartDate, EndDate, NumGuests, CustomerID, Source, BookedAt) VALUES(1522, '2020-02-29', '2020-03-05', 5, 1522, 'direct', '2020-12-28 02:48:10');
INSERT INTO Occupancies(RoomNo, Date, ResID) VALUES (205, '2020-02-29', 1522);
INSERT INTO Occupancies(RoomNo, Date, ResID) VALUES (205, '2020-03-01', 1522);
INSERT INTO Occupancies(RoomNo, Date, ResID) VALUES (205, '2020-03-02', 1522);
INSERT INTO Occupancies(RoomNo, Date, ResID) VALUES (205, '2020-03-03', 1522);
INSERT INTO Occupancies(RoomNo, Date, ResID) VALUES (205, '2020-03-04', 1522);
#1523
INSERT INTO Customers(Fname, Lname, Phone, Email) VALUES ("Daphnee", "Zulauf", '859-604-2233', "Daphnee_Zulauf@gmail.com");
INSERT INTO Reservations(ID, StartDate, EndDate, NumGuests, CustomerID, Source, BookedAt) VALUES(1523, '2021-02-05', '2021-02-10', 3, 1523, 'OTA', '2020-12-28 02:48:10');
INSERT INTO Occupancies(RoomNo, Date, ResID) VALUES (201, '2021-02-05', 1523);
INSERT INTO Occupancies(RoomNo, Date, ResID) VALUES (201, '2021-02-06', 1523);
INSERT INTO Occupancies(RoomNo, Date, ResID) VALUES (201, '2021-02-07', 1523);
INSERT INTO Occupancies(RoomNo, Date, ResID) VALUES (201, '2021-02-08', 1523);
INSERT INTO Occupancies(RoomNo, Date, ResID) VALUES (201, '2021-02-09', 1523);
#1524
INSERT INTO Customers(Fname, Lname, Phone, Email) VALUES ("Dina", "Boyer", '267-884-3753', "Dina_Boyer@gmail.com");
INSERT INTO Reservations(ID, StartDate, EndDate, NumGuests, CustomerID, Source, BookedAt) VALUES(1524, '2020-09-07', '2020-09-09', 5, 1524, 'agency', '2020-12-28 02:48:10');
INSERT INTO Occupancies(RoomNo, Date, ResID) VALUES (102, '2020-09-07', 1524);
INSERT INTO Occupancies(RoomNo, Date, ResID) VALUES (102, '2020-09-08', 1524);
#1525
INSERT INTO Customers(Fname, Lname, Phone, Email) VALUES ("Rickey", "Pfeffer", '542-492-9211', "Rickey_Pfeffer@gmail.com");
INSERT INTO Reservations(ID, StartDate, EndDate, NumGuests, CustomerID, Source, BookedAt) VALUES(1525, '2020-04-22', '2020-04-25', 4, 1525, 'OTA', '2020-12-28 02:48:10');
INSERT INTO Occupancies(RoomNo, Date, ResID) VALUES (503, '2020-04-22', 1525);
INSERT INTO Occupancies(RoomNo, Date, ResID) VALUES (503, '2020-04-23', 1525);
INSERT INTO Occupancies(RoomNo, Date, ResID) VALUES (503, '2020-04-24', 1525);
#1526
INSERT INTO Customers(Fname, Lname, Phone, Email) VALUES ("Stanton", "Little", '414-908-1069', "Stanton_Little@gmail.com");
INSERT INTO Reservations(ID, StartDate, EndDate, NumGuests, CustomerID, Source, BookedAt) VALUES(1526, '2020-09-02', '2020-09-03', 1, 1526, 'direct', '2020-12-28 02:48:10');
INSERT INTO Occupancies(RoomNo, Date, ResID) VALUES (204, '2020-09-02', 1526);
#1527
INSERT INTO Customers(Fname, Lname, Phone, Email) VALUES ("Mackenzie", "Bartell", '809-209-6184', "Mackenzie_Bartell@gmail.com");
INSERT INTO Reservations(ID, StartDate, EndDate, NumGuests, CustomerID, Source, BookedAt) VALUES(1527, '2020-03-13', '2020-03-17', 1, 1527, 'corporate', '2020-12-28 02:48:10');
INSERT INTO Occupancies(RoomNo, Date, ResID) VALUES (201, '2020-03-13', 1527);
INSERT INTO Occupancies(RoomNo, Date, ResID) VALUES (201, '2020-03-14', 1527);
INSERT INTO Occupancies(RoomNo, Date, ResID) VALUES (201, '2020-03-15', 1527);
INSERT INTO Occupancies(RoomNo, Date, ResID) VALUES (201, '2020-03-16', 1527);
#1528
INSERT INTO Customers(Fname, Lname, Phone, Email) VALUES ("Marlin", "Heaney", '408-677-4399', "Marlin_Heaney@gmail.com");
INSERT INTO Reservations(ID, StartDate, EndDate, NumGuests, CustomerID, Source, BookedAt) VALUES(1528, '2020-09-01', '2020-09-05', 3, 1528, 'direct', '2020-12-28 02:48:10');
INSERT INTO Occupancies(RoomNo, Date, ResID) VALUES (403, '2020-09-01', 1528);
INSERT INTO Occupancies(RoomNo, Date, ResID) VALUES (403, '2020-09-02', 1528);
INSERT INTO Occupancies(RoomNo, Date, ResID) VALUES (403, '2020-09-03', 1528);
INSERT INTO Occupancies(RoomNo, Date, ResID) VALUES (403, '2020-09-04', 1528);
#1529
INSERT INTO Customers(Fname, Lname, Phone, Email) VALUES ("Connor", "Rogahn", '828-388-9295', "Connor_Rogahn@gmail.com");
INSERT INTO Reservations(ID, StartDate, EndDate, NumGuests, CustomerID, Source, BookedAt) VALUES(1529, '2020-01-28', '2020-01-31', 1, 1529, 'direct', '2020-12-28 02:48:10');
INSERT INTO Occupancies(RoomNo, Date, ResID) VALUES (305, '2020-01-28', 1529);
INSERT INTO Occupancies(RoomNo, Date, ResID) VALUES (305, '2020-01-29', 1529);
INSERT INTO Occupancies(RoomNo, Date, ResID) VALUES (305, '2020-01-30', 1529);
#1530
INSERT INTO Customers(Fname, Lname, Phone, Email) VALUES ("Ephraim", "Christiansen", '918-609-2741', "Ephraim_Christiansen@gmail.com");
INSERT INTO Reservations(ID, StartDate, EndDate, NumGuests, CustomerID, Source, BookedAt) VALUES(1530, '2020-01-15', '2020-01-16', 2, 1530, 'OTA', '2020-12-28 02:48:10');
INSERT INTO Occupancies(RoomNo, Date, ResID) VALUES (504, '2020-01-15', 1530);
#1531
INSERT INTO Customers(Fname, Lname, Phone, Email) VALUES ("Justice", "Cartwright", '705-782-8985', "Justice_Cartwright@gmail.com");
INSERT INTO Reservations(ID, StartDate, EndDate, NumGuests, CustomerID, Source, BookedAt) VALUES(1531, '2021-07-26', '2021-07-28', 3, 1531, 'OTA', '2020-12-28 02:48:10');
INSERT INTO Occupancies(RoomNo, Date, ResID) VALUES (204, '2021-07-26', 1531);
INSERT INTO Occupancies(RoomNo, Date, ResID) VALUES (204, '2021-07-27', 1531);
#1532
INSERT INTO Customers(Fname, Lname, Phone, Email) VALUES ("Ralph", "Koelpin", '670-955-7684', "Ralph_Koelpin@gmail.com");
INSERT INTO Reservations(ID, StartDate, EndDate, NumGuests, CustomerID, Source, BookedAt) VALUES(1532, '2020-01-26', '2020-01-30', 3, 1532, 'agency', '2020-12-28 02:48:10');
INSERT INTO Occupancies(RoomNo, Date, ResID) VALUES (304, '2020-01-26', 1532);
INSERT INTO Occupancies(RoomNo, Date, ResID) VALUES (304, '2020-01-27', 1532);
INSERT INTO Occupancies(RoomNo, Date, ResID) VALUES (304, '2020-01-28', 1532);
INSERT INTO Occupancies(RoomNo, Date, ResID) VALUES (304, '2020-01-29', 1532);
#1533
INSERT INTO Customers(Fname, Lname, Phone, Email) VALUES ("Eden", "Boyle", '673-746-1345', "Eden_Boyle@gmail.com");
INSERT INTO Reservations(ID, StartDate, EndDate, NumGuests, CustomerID, Source, BookedAt) VALUES(1533, '2020-02-06', '2020-02-07', 1, 1533, 'OTA', '2020-12-28 02:48:10');
INSERT INTO Occupancies(RoomNo, Date, ResID) VALUES (406, '2020-02-06', 1533);
#1534
INSERT INTO Customers(Fname, Lname, Phone, Email) VALUES ("Xzavier", "Lubowitz", '975-745-3767', "Xzavier_Lubowitz@gmail.com");
INSERT INTO Reservations(ID, StartDate, EndDate, NumGuests, CustomerID, Source, BookedAt) VALUES(1534, '2020-02-02', '2020-02-07', 4, 1534, 'direct', '2020-12-28 02:48:10');
INSERT INTO Occupancies(RoomNo, Date, ResID) VALUES (101, '2020-02-02', 1534);
INSERT INTO Occupancies(RoomNo, Date, ResID) VALUES (101, '2020-02-03', 1534);
INSERT INTO Occupancies(RoomNo, Date, ResID) VALUES (101, '2020-02-04', 1534);
INSERT INTO Occupancies(RoomNo, Date, ResID) VALUES (101, '2020-02-05', 1534);
INSERT INTO Occupancies(RoomNo, Date, ResID) VALUES (101, '2020-02-06', 1534);
#1535
INSERT INTO Customers(Fname, Lname, Phone, Email) VALUES ("Zoila", "Koelpin", '751-251-5901', "Zoila_Koelpin@gmail.com");
INSERT INTO Reservations(ID, StartDate, EndDate, NumGuests, CustomerID, Source, BookedAt) VALUES(1535, '2020-01-29', '2020-02-01', 2, 1535, 'agency', '2020-12-28 02:48:10');
INSERT INTO Occupancies(RoomNo, Date, ResID) VALUES (202, '2020-01-29', 1535);
INSERT INTO Occupancies(RoomNo, Date, ResID) VALUES (202, '2020-01-30', 1535);
INSERT INTO Occupancies(RoomNo, Date, ResID) VALUES (202, '2020-01-31', 1535);
#1536
INSERT INTO Customers(Fname, Lname, Phone, Email) VALUES ("Courtney", "Kozey", '489-544-6775', "Courtney_Kozey@gmail.com");
INSERT INTO Reservations(ID, StartDate, EndDate, NumGuests, CustomerID, Source, BookedAt) VALUES(1536, '2020-08-24', '2020-08-29', 4, 1536, 'OTA', '2020-12-28 02:48:10');
INSERT INTO Occupancies(RoomNo, Date, ResID) VALUES (502, '2020-08-24', 1536);
INSERT INTO Occupancies(RoomNo, Date, ResID) VALUES (502, '2020-08-25', 1536);
INSERT INTO Occupancies(RoomNo, Date, ResID) VALUES (502, '2020-08-26', 1536);
INSERT INTO Occupancies(RoomNo, Date, ResID) VALUES (502, '2020-08-27', 1536);
INSERT INTO Occupancies(RoomNo, Date, ResID) VALUES (502, '2020-08-28', 1536);
#1537
INSERT INTO Customers(Fname, Lname, Phone, Email) VALUES ("Leonora", "Reynolds", '239-494-3425', "Leonora_Reynolds@gmail.com");
INSERT INTO Reservations(ID, StartDate, EndDate, NumGuests, CustomerID, Source, BookedAt) VALUES(1537, '2020-01-09', '2020-01-13', 3, 1537, 'corporate', '2020-12-28 02:48:10');
INSERT INTO Occupancies(RoomNo, Date, ResID) VALUES (202, '2020-01-09', 1537);
INSERT INTO Occupancies(RoomNo, Date, ResID) VALUES (202, '2020-01-10', 1537);
INSERT INTO Occupancies(RoomNo, Date, ResID) VALUES (202, '2020-01-11', 1537);
INSERT INTO Occupancies(RoomNo, Date, ResID) VALUES (202, '2020-01-12', 1537);
#1538
INSERT INTO Customers(Fname, Lname, Phone, Email) VALUES ("Perry", "Thompson", '246-649-1069', "Perry_Thompson@gmail.com");
INSERT INTO Reservations(ID, StartDate, EndDate, NumGuests, CustomerID, Source, BookedAt) VALUES(1538, '2020-04-28', '2020-04-29', 5, 1538, 'OTA', '2020-12-28 02:48:10');
INSERT INTO Occupancies(RoomNo, Date, ResID) VALUES (102, '2020-04-28', 1538);
#1539
INSERT INTO Customers(Fname, Lname, Phone, Email) VALUES ("Allen", "Hilll", '451-870-1957', "Allen_Hilll@gmail.com");
INSERT INTO Reservations(ID, StartDate, EndDate, NumGuests, CustomerID, Source, BookedAt) VALUES(1539, '2020-06-04', '2020-06-05', 5, 1539, 'OTA', '2020-12-28 02:48:10');
INSERT INTO Occupancies(RoomNo, Date, ResID) VALUES (401, '2020-06-04', 1539);
#1540
INSERT INTO Customers(Fname, Lname, Phone, Email) VALUES ("Cassidy", "Padberg", '968-774-6202', "Cassidy_Padberg@gmail.com");
INSERT INTO Reservations(ID, StartDate, EndDate, NumGuests, CustomerID, Source, BookedAt) VALUES(1540, '2021-01-25', '2021-01-29', 3, 1540, 'agency', '2020-12-28 02:48:10');
INSERT INTO Occupancies(RoomNo, Date, ResID) VALUES (504, '2021-01-25', 1540);
INSERT INTO Occupancies(RoomNo, Date, ResID) VALUES (504, '2021-01-26', 1540);
INSERT INTO Occupancies(RoomNo, Date, ResID) VALUES (504, '2021-01-27', 1540);
INSERT INTO Occupancies(RoomNo, Date, ResID) VALUES (504, '2021-01-28', 1540);
#1541
INSERT INTO Customers(Fname, Lname, Phone, Email) VALUES ("Riley", "Hermann", '611-560-3374', "Riley_Hermann@gmail.com");
INSERT INTO Reservations(ID, StartDate, EndDate, NumGuests, CustomerID, Source, BookedAt) VALUES(1541, '2020-06-07', '2020-06-12', 5, 1541, 'direct', '2020-12-28 02:48:10');
INSERT INTO Occupancies(RoomNo, Date, ResID) VALUES (504, '2020-06-07', 1541);
INSERT INTO Occupancies(RoomNo, Date, ResID) VALUES (504, '2020-06-08', 1541);
INSERT INTO Occupancies(RoomNo, Date, ResID) VALUES (504, '2020-06-09', 1541);
INSERT INTO Occupancies(RoomNo, Date, ResID) VALUES (504, '2020-06-10', 1541);
INSERT INTO Occupancies(RoomNo, Date, ResID) VALUES (504, '2020-06-11', 1541);
#1542
INSERT INTO Customers(Fname, Lname, Phone, Email) VALUES ("Keaton", "Kling", '414-211-3228', "Keaton_Kling@gmail.com");
INSERT INTO Reservations(ID, StartDate, EndDate, NumGuests, CustomerID, Source, BookedAt) VALUES(1542, '2021-07-27', '2021-07-29', 3, 1542, 'agency', '2020-12-28 02:48:10');
INSERT INTO Occupancies(RoomNo, Date, ResID) VALUES (106, '2021-07-27', 1542);
INSERT INTO Occupancies(RoomNo, Date, ResID) VALUES (106, '2021-07-28', 1542);
#1543
INSERT INTO Customers(Fname, Lname, Phone, Email) VALUES ("Icie", "Hartmann", '870-961-7382', "Icie_Hartmann@gmail.com");
INSERT INTO Reservations(ID, StartDate, EndDate, NumGuests, CustomerID, Source, BookedAt) VALUES(1543, '2021-02-14', '2021-02-17', 2, 1543, 'agency', '2020-12-28 02:48:10');
INSERT INTO Occupancies(RoomNo, Date, ResID) VALUES (102, '2021-02-14', 1543);
INSERT INTO Occupancies(RoomNo, Date, ResID) VALUES (102, '2021-02-15', 1543);
INSERT INTO Occupancies(RoomNo, Date, ResID) VALUES (102, '2021-02-16', 1543);
#1544
INSERT INTO Customers(Fname, Lname, Phone, Email) VALUES ("Russ", "Abbott", '215-689-7671', "Russ_Abbott@gmail.com");
INSERT INTO Reservations(ID, StartDate, EndDate, NumGuests, CustomerID, Source, BookedAt) VALUES(1544, '2020-10-15', '2020-10-18', 4, 1544, 'OTA', '2020-12-28 02:48:10');
INSERT INTO Occupancies(RoomNo, Date, ResID) VALUES (502, '2020-10-15', 1544);
INSERT INTO Occupancies(RoomNo, Date, ResID) VALUES (502, '2020-10-16', 1544);
INSERT INTO Occupancies(RoomNo, Date, ResID) VALUES (502, '2020-10-17', 1544);
#1545
INSERT INTO Customers(Fname, Lname, Phone, Email) VALUES ("Elisha", "Murray", '876-873-7494', "Elisha_Murray@gmail.com");
INSERT INTO Reservations(ID, StartDate, EndDate, NumGuests, CustomerID, Source, BookedAt) VALUES(1545, '2020-02-11', '2020-02-13', 1, 1545, 'corporate', '2020-12-28 02:48:10');
INSERT INTO Occupancies(RoomNo, Date, ResID) VALUES (406, '2020-02-11', 1545);
INSERT INTO Occupancies(RoomNo, Date, ResID) VALUES (406, '2020-02-12', 1545);
#1546
INSERT INTO Customers(Fname, Lname, Phone, Email) VALUES ("Maryam", "Jacobson", '945-666-7297', "Maryam_Jacobson@gmail.com");
INSERT INTO Reservations(ID, StartDate, EndDate, NumGuests, CustomerID, Source, BookedAt) VALUES(1546, '2020-09-13', '2020-09-14', 5, 1546, 'direct', '2020-12-28 02:48:10');
INSERT INTO Occupancies(RoomNo, Date, ResID) VALUES (403, '2020-09-13', 1546);
#1547
INSERT INTO Customers(Fname, Lname, Phone, Email) VALUES ("Cedrick", "Ernser", '374-311-5958', "Cedrick_Ernser@gmail.com");
INSERT INTO Reservations(ID, StartDate, EndDate, NumGuests, CustomerID, Source, BookedAt) VALUES(1547, '2021-12-21', '2021-12-24', 5, 1547, 'direct', '2020-12-28 02:48:10');
INSERT INTO Occupancies(RoomNo, Date, ResID) VALUES (506, '2021-12-21', 1547);
INSERT INTO Occupancies(RoomNo, Date, ResID) VALUES (506, '2021-12-22', 1547);
INSERT INTO Occupancies(RoomNo, Date, ResID) VALUES (506, '2021-12-23', 1547);
#1548
INSERT INTO Customers(Fname, Lname, Phone, Email) VALUES ("Janae", "Hackett", '224-321-7812', "Janae_Hackett@gmail.com");
INSERT INTO Reservations(ID, StartDate, EndDate, NumGuests, CustomerID, Source, BookedAt) VALUES(1548, '2020-01-08', '2020-01-12', 1, 1548, 'direct', '2020-12-28 02:48:10');
INSERT INTO Occupancies(RoomNo, Date, ResID) VALUES (401, '2020-01-08', 1548);
INSERT INTO Occupancies(RoomNo, Date, ResID) VALUES (401, '2020-01-09', 1548);
INSERT INTO Occupancies(RoomNo, Date, ResID) VALUES (401, '2020-01-10', 1548);
INSERT INTO Occupancies(RoomNo, Date, ResID) VALUES (401, '2020-01-11', 1548);
#1549
INSERT INTO Customers(Fname, Lname, Phone, Email) VALUES ("Maryam", "Oberbrunner", '500-743-7539', "Maryam_Oberbrunner@gmail.com");
INSERT INTO Reservations(ID, StartDate, EndDate, NumGuests, CustomerID, Source, BookedAt) VALUES(1549, '2020-08-22', '2020-08-27', 5, 1549, 'direct', '2020-12-28 02:48:10');
INSERT INTO Occupancies(RoomNo, Date, ResID) VALUES (205, '2020-08-22', 1549);
INSERT INTO Occupancies(RoomNo, Date, ResID) VALUES (205, '2020-08-23', 1549);
INSERT INTO Occupancies(RoomNo, Date, ResID) VALUES (205, '2020-08-24', 1549);
INSERT INTO Occupancies(RoomNo, Date, ResID) VALUES (205, '2020-08-25', 1549);
INSERT INTO Occupancies(RoomNo, Date, ResID) VALUES (205, '2020-08-26', 1549);
#1550
INSERT INTO Customers(Fname, Lname, Phone, Email) VALUES ("Wilma", "Heller", '463-267-9222', "Wilma_Heller@gmail.com");
INSERT INTO Reservations(ID, StartDate, EndDate, NumGuests, CustomerID, Source, BookedAt) VALUES(1550, '2020-07-22', '2020-07-24', 1, 1550, 'direct', '2020-12-28 02:48:10');
INSERT INTO Occupancies(RoomNo, Date, ResID) VALUES (101, '2020-07-22', 1550);
INSERT INTO Occupancies(RoomNo, Date, ResID) VALUES (101, '2020-07-23', 1550);
#1551
INSERT INTO Customers(Fname, Lname, Phone, Email) VALUES ("Ebba", "Kling", '399-699-1566', "Ebba_Kling@gmail.com");
INSERT INTO Reservations(ID, StartDate, EndDate, NumGuests, CustomerID, Source, BookedAt) VALUES(1551, '2020-12-01', '2020-12-03', 4, 1551, 'OTA', '2020-12-28 02:48:10');
INSERT INTO Occupancies(RoomNo, Date, ResID) VALUES (303, '2020-12-01', 1551);
INSERT INTO Occupancies(RoomNo, Date, ResID) VALUES (303, '2020-12-02', 1551);
#1552
INSERT INTO Customers(Fname, Lname, Phone, Email) VALUES ("Jettie", "Daugherty", '987-519-6976', "Jettie_Daugherty@gmail.com");
INSERT INTO Reservations(ID, StartDate, EndDate, NumGuests, CustomerID, Source, BookedAt) VALUES(1552, '2020-06-26', '2020-06-28', 1, 1552, 'OTA', '2020-12-28 02:48:10');
INSERT INTO Occupancies(RoomNo, Date, ResID) VALUES (206, '2020-06-26', 1552);
INSERT INTO Occupancies(RoomNo, Date, ResID) VALUES (206, '2020-06-27', 1552);
#1553
INSERT INTO Customers(Fname, Lname, Phone, Email) VALUES ("Carmine", "Kunde", '312-534-4598', "Carmine_Kunde@gmail.com");
INSERT INTO Reservations(ID, StartDate, EndDate, NumGuests, CustomerID, Source, BookedAt) VALUES(1553, '2020-03-30', '2020-04-03', 5, 1553, 'agency', '2020-12-28 02:48:10');
INSERT INTO Occupancies(RoomNo, Date, ResID) VALUES (406, '2020-03-30', 1553);
INSERT INTO Occupancies(RoomNo, Date, ResID) VALUES (406, '2020-03-31', 1553);
INSERT INTO Occupancies(RoomNo, Date, ResID) VALUES (406, '2020-04-01', 1553);
INSERT INTO Occupancies(RoomNo, Date, ResID) VALUES (406, '2020-04-02', 1553);
#1554
INSERT INTO Customers(Fname, Lname, Phone, Email) VALUES ("Geraldine", "McCullough", '521-333-2295', "Geraldine_McCullough@gmail.com");
INSERT INTO Reservations(ID, StartDate, EndDate, NumGuests, CustomerID, Source, BookedAt) VALUES(1554, '2020-08-24', '2020-08-27', 4, 1554, 'OTA', '2020-12-28 02:48:10');
INSERT INTO Occupancies(RoomNo, Date, ResID) VALUES (201, '2020-08-24', 1554);
INSERT INTO Occupancies(RoomNo, Date, ResID) VALUES (201, '2020-08-25', 1554);
INSERT INTO Occupancies(RoomNo, Date, ResID) VALUES (201, '2020-08-26', 1554);
#1555
INSERT INTO Customers(Fname, Lname, Phone, Email) VALUES ("Helena", "Hammes", '236-226-2954', "Helena_Hammes@gmail.com");
INSERT INTO Reservations(ID, StartDate, EndDate, NumGuests, CustomerID, Source, BookedAt) VALUES(1555, '2020-12-04', '2020-12-07', 5, 1555, 'agency', '2020-12-28 02:48:10');
INSERT INTO Occupancies(RoomNo, Date, ResID) VALUES (402, '2020-12-04', 1555);
INSERT INTO Occupancies(RoomNo, Date, ResID) VALUES (402, '2020-12-05', 1555);
INSERT INTO Occupancies(RoomNo, Date, ResID) VALUES (402, '2020-12-06', 1555);
#1556
INSERT INTO Customers(Fname, Lname, Phone, Email) VALUES ("Shawna", "Stark", '840-367-9452', "Shawna_Stark@gmail.com");
INSERT INTO Reservations(ID, StartDate, EndDate, NumGuests, CustomerID, Source, BookedAt) VALUES(1556, '2020-08-30', '2020-08-31', 4, 1556, 'agency', '2020-12-28 02:48:10');
INSERT INTO Occupancies(RoomNo, Date, ResID) VALUES (306, '2020-08-30', 1556);
#1557
INSERT INTO Customers(Fname, Lname, Phone, Email) VALUES ("Elaina", "Bradtke", '797-712-1519', "Elaina_Bradtke@gmail.com");
INSERT INTO Reservations(ID, StartDate, EndDate, NumGuests, CustomerID, Source, BookedAt) VALUES(1557, '2020-09-03', '2020-09-05', 4, 1557, 'direct', '2020-12-28 02:48:10');
INSERT INTO Occupancies(RoomNo, Date, ResID) VALUES (205, '2020-09-03', 1557);
INSERT INTO Occupancies(RoomNo, Date, ResID) VALUES (205, '2020-09-04', 1557);
#1558
INSERT INTO Customers(Fname, Lname, Phone, Email) VALUES ("Angelina", "Hagenes", '416-694-3235', "Angelina_Hagenes@gmail.com");
INSERT INTO Reservations(ID, StartDate, EndDate, NumGuests, CustomerID, Source, BookedAt) VALUES(1558, '2020-09-18', '2020-09-22', 1, 1558, 'corporate', '2020-12-28 02:48:10');
INSERT INTO Occupancies(RoomNo, Date, ResID) VALUES (302, '2020-09-18', 1558);
INSERT INTO Occupancies(RoomNo, Date, ResID) VALUES (302, '2020-09-19', 1558);
INSERT INTO Occupancies(RoomNo, Date, ResID) VALUES (302, '2020-09-20', 1558);
INSERT INTO Occupancies(RoomNo, Date, ResID) VALUES (302, '2020-09-21', 1558);
#1559
INSERT INTO Customers(Fname, Lname, Phone, Email) VALUES ("Mireya", "O'Connell", '307-437-2094', "Mireya_O'Connell@gmail.com");
INSERT INTO Reservations(ID, StartDate, EndDate, NumGuests, CustomerID, Source, BookedAt) VALUES(1559, '2020-05-26', '2020-05-31', 3, 1559, 'direct', '2020-12-28 02:48:10');
INSERT INTO Occupancies(RoomNo, Date, ResID) VALUES (201, '2020-05-26', 1559);
INSERT INTO Occupancies(RoomNo, Date, ResID) VALUES (201, '2020-05-27', 1559);
INSERT INTO Occupancies(RoomNo, Date, ResID) VALUES (201, '2020-05-28', 1559);
INSERT INTO Occupancies(RoomNo, Date, ResID) VALUES (201, '2020-05-29', 1559);
INSERT INTO Occupancies(RoomNo, Date, ResID) VALUES (201, '2020-05-30', 1559);
#1560
INSERT INTO Customers(Fname, Lname, Phone, Email) VALUES ("Alfonzo", "Smitham", '686-928-2690', "Alfonzo_Smitham@gmail.com");
INSERT INTO Reservations(ID, StartDate, EndDate, NumGuests, CustomerID, Source, BookedAt) VALUES(1560, '2021-11-17', '2021-11-18', 4, 1560, 'OTA', '2020-12-28 02:48:10');
INSERT INTO Occupancies(RoomNo, Date, ResID) VALUES (503, '2021-11-17', 1560);
#1561
INSERT INTO Customers(Fname, Lname, Phone, Email) VALUES ("Lazaro", "Wisoky", '731-385-9559', "Lazaro_Wisoky@gmail.com");
INSERT INTO Reservations(ID, StartDate, EndDate, NumGuests, CustomerID, Source, BookedAt) VALUES(1561, '2020-02-25', '2020-02-29', 2, 1561, 'OTA', '2020-12-28 02:48:10');
INSERT INTO Occupancies(RoomNo, Date, ResID) VALUES (402, '2020-02-25', 1561);
INSERT INTO Occupancies(RoomNo, Date, ResID) VALUES (402, '2020-02-26', 1561);
INSERT INTO Occupancies(RoomNo, Date, ResID) VALUES (402, '2020-02-27', 1561);
INSERT INTO Occupancies(RoomNo, Date, ResID) VALUES (402, '2020-02-28', 1561);
#1562
INSERT INTO Customers(Fname, Lname, Phone, Email) VALUES ("Kenny", "Beahan", '295-377-6226', "Kenny_Beahan@gmail.com");
INSERT INTO Reservations(ID, StartDate, EndDate, NumGuests, CustomerID, Source, BookedAt) VALUES(1562, '2020-12-18', '2020-12-21', 2, 1562, 'agency', '2020-12-28 02:48:10');
INSERT INTO Occupancies(RoomNo, Date, ResID) VALUES (406, '2020-12-18', 1562);
INSERT INTO Occupancies(RoomNo, Date, ResID) VALUES (406, '2020-12-19', 1562);
INSERT INTO Occupancies(RoomNo, Date, ResID) VALUES (406, '2020-12-20', 1562);
#1563
INSERT INTO Customers(Fname, Lname, Phone, Email) VALUES ("Domenick", "Gibson", '855-229-2111', "Domenick_Gibson@gmail.com");
INSERT INTO Reservations(ID, StartDate, EndDate, NumGuests, CustomerID, Source, BookedAt) VALUES(1563, '2021-08-17', '2021-08-18', 5, 1563, 'OTA', '2020-12-28 02:48:10');
INSERT INTO Occupancies(RoomNo, Date, ResID) VALUES (104, '2021-08-17', 1563);
#1564
INSERT INTO Customers(Fname, Lname, Phone, Email) VALUES ("Nola", "Schmeler", '815-594-5145', "Nola_Schmeler@gmail.com");
INSERT INTO Reservations(ID, StartDate, EndDate, NumGuests, CustomerID, Source, BookedAt) VALUES(1564, '2020-03-10', '2020-03-12', 1, 1564, 'OTA', '2020-12-28 02:48:10');
INSERT INTO Occupancies(RoomNo, Date, ResID) VALUES (401, '2020-03-10', 1564);
INSERT INTO Occupancies(RoomNo, Date, ResID) VALUES (401, '2020-03-11', 1564);
#1565
INSERT INTO Customers(Fname, Lname, Phone, Email) VALUES ("Santina", "Sawayn", '597-683-7012', "Santina_Sawayn@gmail.com");
INSERT INTO Reservations(ID, StartDate, EndDate, NumGuests, CustomerID, Source, BookedAt) VALUES(1565, '2020-10-02', '2020-10-04', 2, 1565, 'agency', '2020-12-28 02:48:10');
INSERT INTO Occupancies(RoomNo, Date, ResID) VALUES (301, '2020-10-02', 1565);
INSERT INTO Occupancies(RoomNo, Date, ResID) VALUES (301, '2020-10-03', 1565);
#1566
INSERT INTO Customers(Fname, Lname, Phone, Email) VALUES ("Abdiel", "Heaney", '942-979-0439', "Abdiel_Heaney@gmail.com");
INSERT INTO Reservations(ID, StartDate, EndDate, NumGuests, CustomerID, Source, BookedAt) VALUES(1566, '2020-02-18', '2020-02-19', 1, 1566, 'direct', '2020-12-28 02:48:10');
INSERT INTO Occupancies(RoomNo, Date, ResID) VALUES (304, '2020-02-18', 1566);
#1567
INSERT INTO Customers(Fname, Lname, Phone, Email) VALUES ("Lexus", "Pacocha", '992-500-0396', "Lexus_Pacocha@gmail.com");
INSERT INTO Reservations(ID, StartDate, EndDate, NumGuests, CustomerID, Source, BookedAt) VALUES(1567, '2020-07-27', '2020-07-30', 4, 1567, 'agency', '2020-12-28 02:48:10');
INSERT INTO Occupancies(RoomNo, Date, ResID) VALUES (305, '2020-07-27', 1567);
INSERT INTO Occupancies(RoomNo, Date, ResID) VALUES (305, '2020-07-28', 1567);
INSERT INTO Occupancies(RoomNo, Date, ResID) VALUES (305, '2020-07-29', 1567);
#1568
INSERT INTO Customers(Fname, Lname, Phone, Email) VALUES ("Jacinto", "MacGyver", '973-435-3521', "Jacinto_MacGyver@gmail.com");
INSERT INTO Reservations(ID, StartDate, EndDate, NumGuests, CustomerID, Source, BookedAt) VALUES(1568, '2021-10-30', '2021-11-02', 2, 1568, 'agency', '2020-12-28 02:48:10');
INSERT INTO Occupancies(RoomNo, Date, ResID) VALUES (404, '2021-10-30', 1568);
INSERT INTO Occupancies(RoomNo, Date, ResID) VALUES (404, '2021-10-31', 1568);
INSERT INTO Occupancies(RoomNo, Date, ResID) VALUES (404, '2021-11-01', 1568);
#1569
INSERT INTO Customers(Fname, Lname, Phone, Email) VALUES ("Annette", "Blanda", '734-318-1519', "Annette_Blanda@gmail.com");
INSERT INTO Reservations(ID, StartDate, EndDate, NumGuests, CustomerID, Source, BookedAt) VALUES(1569, '2021-10-27', '2021-10-29', 1, 1569, 'OTA', '2020-12-28 02:48:10');
INSERT INTO Occupancies(RoomNo, Date, ResID) VALUES (106, '2021-10-27', 1569);
INSERT INTO Occupancies(RoomNo, Date, ResID) VALUES (106, '2021-10-28', 1569);
#1570
INSERT INTO Customers(Fname, Lname, Phone, Email) VALUES ("Golda", "Lesch", '993-635-9693', "Golda_Lesch@gmail.com");
INSERT INTO Reservations(ID, StartDate, EndDate, NumGuests, CustomerID, Source, BookedAt) VALUES(1570, '2020-08-12', '2020-08-14', 1, 1570, 'direct', '2020-12-28 02:48:10');
INSERT INTO Occupancies(RoomNo, Date, ResID) VALUES (506, '2020-08-12', 1570);
INSERT INTO Occupancies(RoomNo, Date, ResID) VALUES (506, '2020-08-13', 1570);
#1571
INSERT INTO Customers(Fname, Lname, Phone, Email) VALUES ("Dax", "Bernier", '547-458-0345', "Dax_Bernier@gmail.com");
INSERT INTO Reservations(ID, StartDate, EndDate, NumGuests, CustomerID, Source, BookedAt) VALUES(1571, '2021-07-29', '2021-07-30', 1, 1571, 'agency', '2020-12-28 02:48:10');
INSERT INTO Occupancies(RoomNo, Date, ResID) VALUES (106, '2021-07-29', 1571);
#1572
INSERT INTO Customers(Fname, Lname, Phone, Email) VALUES ("Lempi", "D'Amore", '661-581-7606', "Lempi_D'Amore@gmail.com");
INSERT INTO Reservations(ID, StartDate, EndDate, NumGuests, CustomerID, Source, BookedAt) VALUES(1572, '2020-07-28', '2020-07-31', 4, 1572, 'agency', '2020-12-28 02:48:10');
INSERT INTO Occupancies(RoomNo, Date, ResID) VALUES (404, '2020-07-28', 1572);
INSERT INTO Occupancies(RoomNo, Date, ResID) VALUES (404, '2020-07-29', 1572);
INSERT INTO Occupancies(RoomNo, Date, ResID) VALUES (404, '2020-07-30', 1572);
#1573
INSERT INTO Customers(Fname, Lname, Phone, Email) VALUES ("Herman", "Marks", '242-328-6728', "Herman_Marks@gmail.com");
INSERT INTO Reservations(ID, StartDate, EndDate, NumGuests, CustomerID, Source, BookedAt) VALUES(1573, '2020-03-03', '2020-03-08', 5, 1573, 'corporate', '2020-12-28 02:48:10');
INSERT INTO Occupancies(RoomNo, Date, ResID) VALUES (102, '2020-03-03', 1573);
INSERT INTO Occupancies(RoomNo, Date, ResID) VALUES (102, '2020-03-04', 1573);
INSERT INTO Occupancies(RoomNo, Date, ResID) VALUES (102, '2020-03-05', 1573);
INSERT INTO Occupancies(RoomNo, Date, ResID) VALUES (102, '2020-03-06', 1573);
INSERT INTO Occupancies(RoomNo, Date, ResID) VALUES (102, '2020-03-07', 1573);
#1574
INSERT INTO Customers(Fname, Lname, Phone, Email) VALUES ("Vinnie", "Considine", '248-656-3366', "Vinnie_Considine@gmail.com");
INSERT INTO Reservations(ID, StartDate, EndDate, NumGuests, CustomerID, Source, BookedAt) VALUES(1574, '2020-07-26', '2020-07-28', 3, 1574, 'direct', '2020-12-28 02:48:10');
INSERT INTO Occupancies(RoomNo, Date, ResID) VALUES (104, '2020-07-26', 1574);
INSERT INTO Occupancies(RoomNo, Date, ResID) VALUES (104, '2020-07-27', 1574);
#1575
INSERT INTO Customers(Fname, Lname, Phone, Email) VALUES ("Delphia", "Heidenreich", '690-723-7735', "Delphia_Heidenreich@gmail.com");
INSERT INTO Reservations(ID, StartDate, EndDate, NumGuests, CustomerID, Source, BookedAt) VALUES(1575, '2020-01-11', '2020-01-12', 5, 1575, 'OTA', '2020-12-28 02:48:10');
INSERT INTO Occupancies(RoomNo, Date, ResID) VALUES (105, '2020-01-11', 1575);
#1576
INSERT INTO Customers(Fname, Lname, Phone, Email) VALUES ("Nyasia", "Dicki", '512-445-5071', "Nyasia_Dicki@gmail.com");
INSERT INTO Reservations(ID, StartDate, EndDate, NumGuests, CustomerID, Source, BookedAt) VALUES(1576, '2020-06-03', '2020-06-07', 5, 1576, 'direct', '2020-12-28 02:48:10');
INSERT INTO Occupancies(RoomNo, Date, ResID) VALUES (205, '2020-06-03', 1576);
INSERT INTO Occupancies(RoomNo, Date, ResID) VALUES (205, '2020-06-04', 1576);
INSERT INTO Occupancies(RoomNo, Date, ResID) VALUES (205, '2020-06-05', 1576);
INSERT INTO Occupancies(RoomNo, Date, ResID) VALUES (205, '2020-06-06', 1576);
#1577
INSERT INTO Customers(Fname, Lname, Phone, Email) VALUES ("Lacy", "Conroy", '654-746-8613', "Lacy_Conroy@gmail.com");
INSERT INTO Reservations(ID, StartDate, EndDate, NumGuests, CustomerID, Source, BookedAt) VALUES(1577, '2020-12-04', '2020-12-09', 4, 1577, 'agency', '2020-12-28 02:48:10');
INSERT INTO Occupancies(RoomNo, Date, ResID) VALUES (306, '2020-12-04', 1577);
INSERT INTO Occupancies(RoomNo, Date, ResID) VALUES (306, '2020-12-05', 1577);
INSERT INTO Occupancies(RoomNo, Date, ResID) VALUES (306, '2020-12-06', 1577);
INSERT INTO Occupancies(RoomNo, Date, ResID) VALUES (306, '2020-12-07', 1577);
INSERT INTO Occupancies(RoomNo, Date, ResID) VALUES (306, '2020-12-08', 1577);
#1578
INSERT INTO Customers(Fname, Lname, Phone, Email) VALUES ("Green", "Kuhn", '688-763-4789', "Green_Kuhn@gmail.com");
INSERT INTO Reservations(ID, StartDate, EndDate, NumGuests, CustomerID, Source, BookedAt) VALUES(1578, '2020-07-05', '2020-07-10', 1, 1578, 'corporate', '2020-12-28 02:48:10');
INSERT INTO Occupancies(RoomNo, Date, ResID) VALUES (106, '2020-07-05', 1578);
INSERT INTO Occupancies(RoomNo, Date, ResID) VALUES (106, '2020-07-06', 1578);
INSERT INTO Occupancies(RoomNo, Date, ResID) VALUES (106, '2020-07-07', 1578);
INSERT INTO Occupancies(RoomNo, Date, ResID) VALUES (106, '2020-07-08', 1578);
INSERT INTO Occupancies(RoomNo, Date, ResID) VALUES (106, '2020-07-09', 1578);
#1579
INSERT INTO Customers(Fname, Lname, Phone, Email) VALUES ("Meggie", "Harris", '607-962-5104', "Meggie_Harris@gmail.com");
INSERT INTO Reservations(ID, StartDate, EndDate, NumGuests, CustomerID, Source, BookedAt) VALUES(1579, '2021-03-28', '2021-03-29', 4, 1579, 'direct', '2020-12-28 02:48:10');
INSERT INTO Occupancies(RoomNo, Date, ResID) VALUES (204, '2021-03-28', 1579);
#1580
INSERT INTO Customers(Fname, Lname, Phone, Email) VALUES ("Karlee", "Ortiz", '232-320-8210', "Karlee_Ortiz@gmail.com");
INSERT INTO Reservations(ID, StartDate, EndDate, NumGuests, CustomerID, Source, BookedAt) VALUES(1580, '2020-02-07', '2020-02-08', 5, 1580, 'direct', '2020-12-28 02:48:10');
INSERT INTO Occupancies(RoomNo, Date, ResID) VALUES (103, '2020-02-07', 1580);
#1581
INSERT INTO Customers(Fname, Lname, Phone, Email) VALUES ("Maegan", "Hills", '239-585-5747', "Maegan_Hills@gmail.com");
INSERT INTO Reservations(ID, StartDate, EndDate, NumGuests, CustomerID, Source, BookedAt) VALUES(1581, '2021-10-24', '2021-10-25', 4, 1581, 'corporate', '2020-12-28 02:48:10');
INSERT INTO Occupancies(RoomNo, Date, ResID) VALUES (402, '2021-10-24', 1581);
#1582
INSERT INTO Customers(Fname, Lname, Phone, Email) VALUES ("Sandra", "Kemmer", '595-661-2262', "Sandra_Kemmer@gmail.com");
INSERT INTO Reservations(ID, StartDate, EndDate, NumGuests, CustomerID, Source, BookedAt) VALUES(1582, '2020-06-06', '2020-06-11', 5, 1582, 'OTA', '2020-12-28 02:48:10');
INSERT INTO Occupancies(RoomNo, Date, ResID) VALUES (506, '2020-06-06', 1582);
INSERT INTO Occupancies(RoomNo, Date, ResID) VALUES (506, '2020-06-07', 1582);
INSERT INTO Occupancies(RoomNo, Date, ResID) VALUES (506, '2020-06-08', 1582);
INSERT INTO Occupancies(RoomNo, Date, ResID) VALUES (506, '2020-06-09', 1582);
INSERT INTO Occupancies(RoomNo, Date, ResID) VALUES (506, '2020-06-10', 1582);
#1583
INSERT INTO Customers(Fname, Lname, Phone, Email) VALUES ("Karlee", "Glover", '739-446-2725', "Karlee_Glover@gmail.com");
INSERT INTO Reservations(ID, StartDate, EndDate, NumGuests, CustomerID, Source, BookedAt) VALUES(1583, '2021-06-17', '2021-06-22', 3, 1583, 'OTA', '2020-12-28 02:48:10');
INSERT INTO Occupancies(RoomNo, Date, ResID) VALUES (401, '2021-06-17', 1583);
INSERT INTO Occupancies(RoomNo, Date, ResID) VALUES (401, '2021-06-18', 1583);
INSERT INTO Occupancies(RoomNo, Date, ResID) VALUES (401, '2021-06-19', 1583);
INSERT INTO Occupancies(RoomNo, Date, ResID) VALUES (401, '2021-06-20', 1583);
INSERT INTO Occupancies(RoomNo, Date, ResID) VALUES (401, '2021-06-21', 1583);
#1584
INSERT INTO Customers(Fname, Lname, Phone, Email) VALUES ("Coy", "Davis", '653-346-6184', "Coy_Davis@gmail.com");
INSERT INTO Reservations(ID, StartDate, EndDate, NumGuests, CustomerID, Source, BookedAt) VALUES(1584, '2020-12-07', '2020-12-09', 4, 1584, 'OTA', '2020-12-28 02:48:10');
INSERT INTO Occupancies(RoomNo, Date, ResID) VALUES (503, '2020-12-07', 1584);
INSERT INTO Occupancies(RoomNo, Date, ResID) VALUES (503, '2020-12-08', 1584);
#1585
INSERT INTO Customers(Fname, Lname, Phone, Email) VALUES ("Addison", "Keeling", '932-915-5212', "Addison_Keeling@gmail.com");
INSERT INTO Reservations(ID, StartDate, EndDate, NumGuests, CustomerID, Source, BookedAt) VALUES(1585, '2020-05-27', '2020-05-30', 2, 1585, 'direct', '2020-12-28 02:48:10');
INSERT INTO Occupancies(RoomNo, Date, ResID) VALUES (104, '2020-05-27', 1585);
INSERT INTO Occupancies(RoomNo, Date, ResID) VALUES (104, '2020-05-28', 1585);
INSERT INTO Occupancies(RoomNo, Date, ResID) VALUES (104, '2020-05-29', 1585);
#1586
INSERT INTO Customers(Fname, Lname, Phone, Email) VALUES ("Zita", "Streich", '777-826-5812', "Zita_Streich@gmail.com");
INSERT INTO Reservations(ID, StartDate, EndDate, NumGuests, CustomerID, Source, BookedAt) VALUES(1586, '2020-08-16', '2020-08-17', 3, 1586, 'direct', '2020-12-28 02:48:10');
INSERT INTO Occupancies(RoomNo, Date, ResID) VALUES (104, '2020-08-16', 1586);
#1587
INSERT INTO Customers(Fname, Lname, Phone, Email) VALUES ("Davin", "Kertzmann", '776-358-2569', "Davin_Kertzmann@gmail.com");
INSERT INTO Reservations(ID, StartDate, EndDate, NumGuests, CustomerID, Source, BookedAt) VALUES(1587, '2021-12-16', '2021-12-20', 5, 1587, 'agency', '2020-12-28 02:48:10');
INSERT INTO Occupancies(RoomNo, Date, ResID) VALUES (304, '2021-12-16', 1587);
INSERT INTO Occupancies(RoomNo, Date, ResID) VALUES (304, '2021-12-17', 1587);
INSERT INTO Occupancies(RoomNo, Date, ResID) VALUES (304, '2021-12-18', 1587);
INSERT INTO Occupancies(RoomNo, Date, ResID) VALUES (304, '2021-12-19', 1587);
#1588
INSERT INTO Customers(Fname, Lname, Phone, Email) VALUES ("Adolphus", "Hoeger", '346-345-2575', "Adolphus_Hoeger@gmail.com");
INSERT INTO Reservations(ID, StartDate, EndDate, NumGuests, CustomerID, Source, BookedAt) VALUES(1588, '2020-08-10', '2020-08-13', 3, 1588, 'OTA', '2020-12-28 02:48:10');
INSERT INTO Occupancies(RoomNo, Date, ResID) VALUES (403, '2020-08-10', 1588);
INSERT INTO Occupancies(RoomNo, Date, ResID) VALUES (403, '2020-08-11', 1588);
INSERT INTO Occupancies(RoomNo, Date, ResID) VALUES (403, '2020-08-12', 1588);
#1589
INSERT INTO Customers(Fname, Lname, Phone, Email) VALUES ("Blaise", "Pfeffer", '776-860-6726', "Blaise_Pfeffer@gmail.com");
INSERT INTO Reservations(ID, StartDate, EndDate, NumGuests, CustomerID, Source, BookedAt) VALUES(1589, '2020-10-08', '2020-10-11', 5, 1589, 'direct', '2020-12-28 02:48:10');
INSERT INTO Occupancies(RoomNo, Date, ResID) VALUES (302, '2020-10-08', 1589);
INSERT INTO Occupancies(RoomNo, Date, ResID) VALUES (302, '2020-10-09', 1589);
INSERT INTO Occupancies(RoomNo, Date, ResID) VALUES (302, '2020-10-10', 1589);
#1590
INSERT INTO Customers(Fname, Lname, Phone, Email) VALUES ("Jonas", "Schulist", '799-834-1265', "Jonas_Schulist@gmail.com");
INSERT INTO Reservations(ID, StartDate, EndDate, NumGuests, CustomerID, Source, BookedAt) VALUES(1590, '2020-02-18', '2020-02-19', 2, 1590, 'direct', '2020-12-28 02:48:10');
INSERT INTO Occupancies(RoomNo, Date, ResID) VALUES (406, '2020-02-18', 1590);
#1591
INSERT INTO Customers(Fname, Lname, Phone, Email) VALUES ("Audrey", "Larkin", '542-829-8425', "Audrey_Larkin@gmail.com");
INSERT INTO Reservations(ID, StartDate, EndDate, NumGuests, CustomerID, Source, BookedAt) VALUES(1591, '2020-01-24', '2020-01-29', 2, 1591, 'agency', '2020-12-28 02:48:10');
INSERT INTO Occupancies(RoomNo, Date, ResID) VALUES (405, '2020-01-24', 1591);
INSERT INTO Occupancies(RoomNo, Date, ResID) VALUES (405, '2020-01-25', 1591);
INSERT INTO Occupancies(RoomNo, Date, ResID) VALUES (405, '2020-01-26', 1591);
INSERT INTO Occupancies(RoomNo, Date, ResID) VALUES (405, '2020-01-27', 1591);
INSERT INTO Occupancies(RoomNo, Date, ResID) VALUES (405, '2020-01-28', 1591);
#1592
INSERT INTO Customers(Fname, Lname, Phone, Email) VALUES ("Koby", "Turcotte", '268-378-6429', "Koby_Turcotte@gmail.com");
INSERT INTO Reservations(ID, StartDate, EndDate, NumGuests, CustomerID, Source, BookedAt) VALUES(1592, '2020-10-21', '2020-10-25', 3, 1592, 'direct', '2020-12-28 02:48:10');
INSERT INTO Occupancies(RoomNo, Date, ResID) VALUES (303, '2020-10-21', 1592);
INSERT INTO Occupancies(RoomNo, Date, ResID) VALUES (303, '2020-10-22', 1592);
INSERT INTO Occupancies(RoomNo, Date, ResID) VALUES (303, '2020-10-23', 1592);
INSERT INTO Occupancies(RoomNo, Date, ResID) VALUES (303, '2020-10-24', 1592);
#1593
INSERT INTO Customers(Fname, Lname, Phone, Email) VALUES ("Leonie", "Doyle", '219-864-3308', "Leonie_Doyle@gmail.com");
INSERT INTO Reservations(ID, StartDate, EndDate, NumGuests, CustomerID, Source, BookedAt) VALUES(1593, '2020-05-11', '2020-05-15', 3, 1593, 'direct', '2020-12-28 02:48:10');
INSERT INTO Occupancies(RoomNo, Date, ResID) VALUES (503, '2020-05-11', 1593);
INSERT INTO Occupancies(RoomNo, Date, ResID) VALUES (503, '2020-05-12', 1593);
INSERT INTO Occupancies(RoomNo, Date, ResID) VALUES (503, '2020-05-13', 1593);
INSERT INTO Occupancies(RoomNo, Date, ResID) VALUES (503, '2020-05-14', 1593);
#1594
INSERT INTO Customers(Fname, Lname, Phone, Email) VALUES ("Scotty", "Schoen", '474-437-3543', "Scotty_Schoen@gmail.com");
INSERT INTO Reservations(ID, StartDate, EndDate, NumGuests, CustomerID, Source, BookedAt) VALUES(1594, '2020-05-29', '2020-06-02', 3, 1594, 'agency', '2020-12-28 02:48:10');
INSERT INTO Occupancies(RoomNo, Date, ResID) VALUES (506, '2020-05-29', 1594);
INSERT INTO Occupancies(RoomNo, Date, ResID) VALUES (506, '2020-05-30', 1594);
INSERT INTO Occupancies(RoomNo, Date, ResID) VALUES (506, '2020-05-31', 1594);
INSERT INTO Occupancies(RoomNo, Date, ResID) VALUES (506, '2020-06-01', 1594);
#1595
INSERT INTO Customers(Fname, Lname, Phone, Email) VALUES ("Julio", "Hoeger", '596-625-2938', "Julio_Hoeger@gmail.com");
INSERT INTO Reservations(ID, StartDate, EndDate, NumGuests, CustomerID, Source, BookedAt) VALUES(1595, '2020-09-10', '2020-09-11', 2, 1595, 'OTA', '2020-12-28 02:48:10');
INSERT INTO Occupancies(RoomNo, Date, ResID) VALUES (102, '2020-09-10', 1595);
#1596
INSERT INTO Customers(Fname, Lname, Phone, Email) VALUES ("Delilah", "Hermiston", '429-647-1124', "Delilah_Hermiston@gmail.com");
INSERT INTO Reservations(ID, StartDate, EndDate, NumGuests, CustomerID, Source, BookedAt) VALUES(1596, '2020-12-13', '2020-12-17', 4, 1596, 'agency', '2020-12-28 02:48:10');
INSERT INTO Occupancies(RoomNo, Date, ResID) VALUES (102, '2020-12-13', 1596);
INSERT INTO Occupancies(RoomNo, Date, ResID) VALUES (102, '2020-12-14', 1596);
INSERT INTO Occupancies(RoomNo, Date, ResID) VALUES (102, '2020-12-15', 1596);
INSERT INTO Occupancies(RoomNo, Date, ResID) VALUES (102, '2020-12-16', 1596);
#1597
INSERT INTO Customers(Fname, Lname, Phone, Email) VALUES ("Alize", "Rath", '811-667-3664', "Alize_Rath@gmail.com");
INSERT INTO Reservations(ID, StartDate, EndDate, NumGuests, CustomerID, Source, BookedAt) VALUES(1597, '2020-07-21', '2020-07-24', 4, 1597, 'OTA', '2020-12-28 02:48:10');
INSERT INTO Occupancies(RoomNo, Date, ResID) VALUES (405, '2020-07-21', 1597);
INSERT INTO Occupancies(RoomNo, Date, ResID) VALUES (405, '2020-07-22', 1597);
INSERT INTO Occupancies(RoomNo, Date, ResID) VALUES (405, '2020-07-23', 1597);
#1598
INSERT INTO Customers(Fname, Lname, Phone, Email) VALUES ("Violette", "Jacobs", '976-380-4401', "Violette_Jacobs@gmail.com");
INSERT INTO Reservations(ID, StartDate, EndDate, NumGuests, CustomerID, Source, BookedAt) VALUES(1598, '2020-02-24', '2020-02-29', 2, 1598, 'direct', '2020-12-28 02:48:10');
INSERT INTO Occupancies(RoomNo, Date, ResID) VALUES (305, '2020-02-24', 1598);
INSERT INTO Occupancies(RoomNo, Date, ResID) VALUES (305, '2020-02-25', 1598);
INSERT INTO Occupancies(RoomNo, Date, ResID) VALUES (305, '2020-02-26', 1598);
INSERT INTO Occupancies(RoomNo, Date, ResID) VALUES (305, '2020-02-27', 1598);
INSERT INTO Occupancies(RoomNo, Date, ResID) VALUES (305, '2020-02-28', 1598);
#1599
INSERT INTO Customers(Fname, Lname, Phone, Email) VALUES ("Jedediah", "Conroy", '457-747-3846', "Jedediah_Conroy@gmail.com");
INSERT INTO Reservations(ID, StartDate, EndDate, NumGuests, CustomerID, Source, BookedAt) VALUES(1599, '2020-10-04', '2020-10-05', 3, 1599, 'direct', '2020-12-28 02:48:10');
INSERT INTO Occupancies(RoomNo, Date, ResID) VALUES (401, '2020-10-04', 1599);
#1600
INSERT INTO Customers(Fname, Lname, Phone, Email) VALUES ("Perry", "Lueilwitz", '315-914-8609', "Perry_Lueilwitz@gmail.com");
INSERT INTO Reservations(ID, StartDate, EndDate, NumGuests, CustomerID, Source, BookedAt) VALUES(1600, '2020-06-15', '2020-06-18', 4, 1600, 'OTA', '2020-12-28 02:48:10');
INSERT INTO Occupancies(RoomNo, Date, ResID) VALUES (406, '2020-06-15', 1600);
INSERT INTO Occupancies(RoomNo, Date, ResID) VALUES (406, '2020-06-16', 1600);
INSERT INTO Occupancies(RoomNo, Date, ResID) VALUES (406, '2020-06-17', 1600);
#1601
INSERT INTO Customers(Fname, Lname, Phone, Email) VALUES ("Jason", "Roberts", '726-466-2252', "Jason_Roberts@gmail.com");
INSERT INTO Reservations(ID, StartDate, EndDate, NumGuests, CustomerID, Source, BookedAt) VALUES(1601, '2021-03-04', '2021-03-09', 5, 1601, 'agency', '2020-12-28 02:48:10');
INSERT INTO Occupancies(RoomNo, Date, ResID) VALUES (404, '2021-03-04', 1601);
INSERT INTO Occupancies(RoomNo, Date, ResID) VALUES (404, '2021-03-05', 1601);
INSERT INTO Occupancies(RoomNo, Date, ResID) VALUES (404, '2021-03-06', 1601);
INSERT INTO Occupancies(RoomNo, Date, ResID) VALUES (404, '2021-03-07', 1601);
INSERT INTO Occupancies(RoomNo, Date, ResID) VALUES (404, '2021-03-08', 1601);
#1602
INSERT INTO Customers(Fname, Lname, Phone, Email) VALUES ("Jake", "Jerde", '465-254-5113', "Jake_Jerde@gmail.com");
INSERT INTO Reservations(ID, StartDate, EndDate, NumGuests, CustomerID, Source, BookedAt) VALUES(1602, '2021-07-06', '2021-07-08', 2, 1602, 'OTA', '2020-12-28 02:48:10');
INSERT INTO Occupancies(RoomNo, Date, ResID) VALUES (203, '2021-07-06', 1602);
INSERT INTO Occupancies(RoomNo, Date, ResID) VALUES (203, '2021-07-07', 1602);
#1603
INSERT INTO Customers(Fname, Lname, Phone, Email) VALUES ("Lauryn", "Bernhard", '452-996-8152', "Lauryn_Bernhard@gmail.com");
INSERT INTO Reservations(ID, StartDate, EndDate, NumGuests, CustomerID, Source, BookedAt) VALUES(1603, '2020-05-21', '2020-05-26', 3, 1603, 'OTA', '2020-12-28 02:48:10');
INSERT INTO Occupancies(RoomNo, Date, ResID) VALUES (201, '2020-05-21', 1603);
INSERT INTO Occupancies(RoomNo, Date, ResID) VALUES (201, '2020-05-22', 1603);
INSERT INTO Occupancies(RoomNo, Date, ResID) VALUES (201, '2020-05-23', 1603);
INSERT INTO Occupancies(RoomNo, Date, ResID) VALUES (201, '2020-05-24', 1603);
INSERT INTO Occupancies(RoomNo, Date, ResID) VALUES (201, '2020-05-25', 1603);
#1604
INSERT INTO Customers(Fname, Lname, Phone, Email) VALUES ("Sydney", "Labadie", '485-744-2075', "Sydney_Labadie@gmail.com");
INSERT INTO Reservations(ID, StartDate, EndDate, NumGuests, CustomerID, Source, BookedAt) VALUES(1604, '2020-04-11', '2020-04-15', 5, 1604, 'direct', '2020-12-28 02:48:10');
INSERT INTO Occupancies(RoomNo, Date, ResID) VALUES (301, '2020-04-11', 1604);
INSERT INTO Occupancies(RoomNo, Date, ResID) VALUES (301, '2020-04-12', 1604);
INSERT INTO Occupancies(RoomNo, Date, ResID) VALUES (301, '2020-04-13', 1604);
INSERT INTO Occupancies(RoomNo, Date, ResID) VALUES (301, '2020-04-14', 1604);
#1605
INSERT INTO Customers(Fname, Lname, Phone, Email) VALUES ("Harmon", "Boyle", '500-733-6380', "Harmon_Boyle@gmail.com");
INSERT INTO Reservations(ID, StartDate, EndDate, NumGuests, CustomerID, Source, BookedAt) VALUES(1605, '2020-01-10', '2020-01-13', 3, 1605, 'direct', '2020-12-28 02:48:10');
INSERT INTO Occupancies(RoomNo, Date, ResID) VALUES (104, '2020-01-10', 1605);
INSERT INTO Occupancies(RoomNo, Date, ResID) VALUES (104, '2020-01-11', 1605);
INSERT INTO Occupancies(RoomNo, Date, ResID) VALUES (104, '2020-01-12', 1605);
#1606
INSERT INTO Customers(Fname, Lname, Phone, Email) VALUES ("Evie", "O'Reilly", '216-923-7873', "Evie_O'Reilly@gmail.com");
INSERT INTO Reservations(ID, StartDate, EndDate, NumGuests, CustomerID, Source, BookedAt) VALUES(1606, '2020-03-06', '2020-03-10', 1, 1606, 'agency', '2020-12-28 02:48:10');
INSERT INTO Occupancies(RoomNo, Date, ResID) VALUES (201, '2020-03-06', 1606);
INSERT INTO Occupancies(RoomNo, Date, ResID) VALUES (201, '2020-03-07', 1606);
INSERT INTO Occupancies(RoomNo, Date, ResID) VALUES (201, '2020-03-08', 1606);
INSERT INTO Occupancies(RoomNo, Date, ResID) VALUES (201, '2020-03-09', 1606);
#1607
INSERT INTO Customers(Fname, Lname, Phone, Email) VALUES ("Jarrod", "Braun", '808-666-3577', "Jarrod_Braun@gmail.com");
INSERT INTO Reservations(ID, StartDate, EndDate, NumGuests, CustomerID, Source, BookedAt) VALUES(1607, '2020-07-07', '2020-07-08', 5, 1607, 'direct', '2020-12-28 02:48:10');
INSERT INTO Occupancies(RoomNo, Date, ResID) VALUES (401, '2020-07-07', 1607);
#1608
INSERT INTO Customers(Fname, Lname, Phone, Email) VALUES ("Eldridge", "Hamill", '348-864-4700', "Eldridge_Hamill@gmail.com");
INSERT INTO Reservations(ID, StartDate, EndDate, NumGuests, CustomerID, Source, BookedAt) VALUES(1608, '2021-06-16', '2021-06-17', 4, 1608, 'OTA', '2020-12-28 02:48:10');
INSERT INTO Occupancies(RoomNo, Date, ResID) VALUES (406, '2021-06-16', 1608);
#1609
INSERT INTO Customers(Fname, Lname, Phone, Email) VALUES ("Alba", "Thiel", '723-392-2947', "Alba_Thiel@gmail.com");
INSERT INTO Reservations(ID, StartDate, EndDate, NumGuests, CustomerID, Source, BookedAt) VALUES(1609, '2020-07-11', '2020-07-14', 2, 1609, 'direct', '2020-12-28 02:48:10');
INSERT INTO Occupancies(RoomNo, Date, ResID) VALUES (304, '2020-07-11', 1609);
INSERT INTO Occupancies(RoomNo, Date, ResID) VALUES (304, '2020-07-12', 1609);
INSERT INTO Occupancies(RoomNo, Date, ResID) VALUES (304, '2020-07-13', 1609);
#1610
INSERT INTO Customers(Fname, Lname, Phone, Email) VALUES ("Kiera", "Pagac", '277-348-3667', "Kiera_Pagac@gmail.com");
INSERT INTO Reservations(ID, StartDate, EndDate, NumGuests, CustomerID, Source, BookedAt) VALUES(1610, '2020-06-04', '2020-06-06', 1, 1610, 'OTA', '2020-12-28 02:48:10');
INSERT INTO Occupancies(RoomNo, Date, ResID) VALUES (305, '2020-06-04', 1610);
INSERT INTO Occupancies(RoomNo, Date, ResID) VALUES (305, '2020-06-05', 1610);
#1611
INSERT INTO Customers(Fname, Lname, Phone, Email) VALUES ("Nicolette", "Kihn", '911-448-5292', "Nicolette_Kihn@gmail.com");
INSERT INTO Reservations(ID, StartDate, EndDate, NumGuests, CustomerID, Source, BookedAt) VALUES(1611, '2021-11-05', '2021-11-06', 2, 1611, 'corporate', '2020-12-28 02:48:10');
INSERT INTO Occupancies(RoomNo, Date, ResID) VALUES (301, '2021-11-05', 1611);
#1612
INSERT INTO Customers(Fname, Lname, Phone, Email) VALUES ("Dariana", "Trantow", '735-839-1420', "Dariana_Trantow@gmail.com");
INSERT INTO Reservations(ID, StartDate, EndDate, NumGuests, CustomerID, Source, BookedAt) VALUES(1612, '2020-05-07', '2020-05-08', 5, 1612, 'agency', '2020-12-28 02:48:10');
INSERT INTO Occupancies(RoomNo, Date, ResID) VALUES (403, '2020-05-07', 1612);
#1613
INSERT INTO Customers(Fname, Lname, Phone, Email) VALUES ("Tierra", "Labadie", '729-615-8102', "Tierra_Labadie@gmail.com");
INSERT INTO Reservations(ID, StartDate, EndDate, NumGuests, CustomerID, Source, BookedAt) VALUES(1613, '2020-06-19', '2020-06-24', 4, 1613, 'direct', '2020-12-28 02:48:10');
INSERT INTO Occupancies(RoomNo, Date, ResID) VALUES (502, '2020-06-19', 1613);
INSERT INTO Occupancies(RoomNo, Date, ResID) VALUES (502, '2020-06-20', 1613);
INSERT INTO Occupancies(RoomNo, Date, ResID) VALUES (502, '2020-06-21', 1613);
INSERT INTO Occupancies(RoomNo, Date, ResID) VALUES (502, '2020-06-22', 1613);
INSERT INTO Occupancies(RoomNo, Date, ResID) VALUES (502, '2020-06-23', 1613);
#1614
INSERT INTO Customers(Fname, Lname, Phone, Email) VALUES ("Carleton", "Stoltenberg", '990-424-2208', "Carleton_Stoltenberg@gmail.com");
INSERT INTO Reservations(ID, StartDate, EndDate, NumGuests, CustomerID, Source, BookedAt) VALUES(1614, '2020-02-15', '2020-02-16', 1, 1614, 'corporate', '2020-12-28 02:48:10');
INSERT INTO Occupancies(RoomNo, Date, ResID) VALUES (205, '2020-02-15', 1614);
#1615
INSERT INTO Customers(Fname, Lname, Phone, Email) VALUES ("Keely", "Fahey", '967-603-0392', "Keely_Fahey@gmail.com");
INSERT INTO Reservations(ID, StartDate, EndDate, NumGuests, CustomerID, Source, BookedAt) VALUES(1615, '2021-01-14', '2021-01-19', 5, 1615, 'OTA', '2020-12-28 02:48:10');
INSERT INTO Occupancies(RoomNo, Date, ResID) VALUES (406, '2021-01-14', 1615);
INSERT INTO Occupancies(RoomNo, Date, ResID) VALUES (406, '2021-01-15', 1615);
INSERT INTO Occupancies(RoomNo, Date, ResID) VALUES (406, '2021-01-16', 1615);
INSERT INTO Occupancies(RoomNo, Date, ResID) VALUES (406, '2021-01-17', 1615);
INSERT INTO Occupancies(RoomNo, Date, ResID) VALUES (406, '2021-01-18', 1615);
#1616
INSERT INTO Customers(Fname, Lname, Phone, Email) VALUES ("Mariam", "Rodriguez", '290-609-0017', "Mariam_Rodriguez@gmail.com");
INSERT INTO Reservations(ID, StartDate, EndDate, NumGuests, CustomerID, Source, BookedAt) VALUES(1616, '2021-11-27', '2021-12-01', 3, 1616, 'corporate', '2020-12-28 02:48:10');
INSERT INTO Occupancies(RoomNo, Date, ResID) VALUES (206, '2021-11-27', 1616);
INSERT INTO Occupancies(RoomNo, Date, ResID) VALUES (206, '2021-11-28', 1616);
INSERT INTO Occupancies(RoomNo, Date, ResID) VALUES (206, '2021-11-29', 1616);
INSERT INTO Occupancies(RoomNo, Date, ResID) VALUES (206, '2021-11-30', 1616);
#1617
INSERT INTO Customers(Fname, Lname, Phone, Email) VALUES ("Elisa", "Heathcote", '580-954-3879', "Elisa_Heathcote@gmail.com");
INSERT INTO Reservations(ID, StartDate, EndDate, NumGuests, CustomerID, Source, BookedAt) VALUES(1617, '2020-09-27', '2020-10-02', 2, 1617, 'OTA', '2020-12-28 02:48:10');
INSERT INTO Occupancies(RoomNo, Date, ResID) VALUES (204, '2020-09-27', 1617);
INSERT INTO Occupancies(RoomNo, Date, ResID) VALUES (204, '2020-09-28', 1617);
INSERT INTO Occupancies(RoomNo, Date, ResID) VALUES (204, '2020-09-29', 1617);
INSERT INTO Occupancies(RoomNo, Date, ResID) VALUES (204, '2020-09-30', 1617);
INSERT INTO Occupancies(RoomNo, Date, ResID) VALUES (204, '2020-10-01', 1617);
#1618
INSERT INTO Customers(Fname, Lname, Phone, Email) VALUES ("Milton", "Christiansen", '660-803-7615', "Milton_Christiansen@gmail.com");
INSERT INTO Reservations(ID, StartDate, EndDate, NumGuests, CustomerID, Source, BookedAt) VALUES(1618, '2021-01-05', '2021-01-09', 3, 1618, 'OTA', '2020-12-28 02:48:10');
INSERT INTO Occupancies(RoomNo, Date, ResID) VALUES (204, '2021-01-05', 1618);
INSERT INTO Occupancies(RoomNo, Date, ResID) VALUES (204, '2021-01-06', 1618);
INSERT INTO Occupancies(RoomNo, Date, ResID) VALUES (204, '2021-01-07', 1618);
INSERT INTO Occupancies(RoomNo, Date, ResID) VALUES (204, '2021-01-08', 1618);
#1619
INSERT INTO Customers(Fname, Lname, Phone, Email) VALUES ("Sigmund", "Schneider", '950-241-6286', "Sigmund_Schneider@gmail.com");
INSERT INTO Reservations(ID, StartDate, EndDate, NumGuests, CustomerID, Source, BookedAt) VALUES(1619, '2020-06-28', '2020-06-29', 4, 1619, 'corporate', '2020-12-28 02:48:10');
INSERT INTO Occupancies(RoomNo, Date, ResID) VALUES (503, '2020-06-28', 1619);
#1620
INSERT INTO Customers(Fname, Lname, Phone, Email) VALUES ("Bart", "Purdy", '468-461-6473', "Bart_Purdy@gmail.com");
INSERT INTO Reservations(ID, StartDate, EndDate, NumGuests, CustomerID, Source, BookedAt) VALUES(1620, '2020-10-07', '2020-10-08', 5, 1620, 'agency', '2020-12-28 02:48:10');
INSERT INTO Occupancies(RoomNo, Date, ResID) VALUES (201, '2020-10-07', 1620);
#1621
INSERT INTO Customers(Fname, Lname, Phone, Email) VALUES ("Litzy", "Abshire", '555-997-3816', "Litzy_Abshire@gmail.com");
INSERT INTO Reservations(ID, StartDate, EndDate, NumGuests, CustomerID, Source, BookedAt) VALUES(1621, '2020-09-24', '2020-09-28', 4, 1621, 'direct', '2020-12-28 02:48:10');
INSERT INTO Occupancies(RoomNo, Date, ResID) VALUES (205, '2020-09-24', 1621);
INSERT INTO Occupancies(RoomNo, Date, ResID) VALUES (205, '2020-09-25', 1621);
INSERT INTO Occupancies(RoomNo, Date, ResID) VALUES (205, '2020-09-26', 1621);
INSERT INTO Occupancies(RoomNo, Date, ResID) VALUES (205, '2020-09-27', 1621);
#1622
INSERT INTO Customers(Fname, Lname, Phone, Email) VALUES ("Joel", "Ortiz", '624-449-0672', "Joel_Ortiz@gmail.com");
INSERT INTO Reservations(ID, StartDate, EndDate, NumGuests, CustomerID, Source, BookedAt) VALUES(1622, '2020-09-28', '2020-10-01', 5, 1622, 'OTA', '2020-12-28 02:48:10');
INSERT INTO Occupancies(RoomNo, Date, ResID) VALUES (205, '2020-09-28', 1622);
INSERT INTO Occupancies(RoomNo, Date, ResID) VALUES (205, '2020-09-29', 1622);
INSERT INTO Occupancies(RoomNo, Date, ResID) VALUES (205, '2020-09-30', 1622);
#1623
INSERT INTO Customers(Fname, Lname, Phone, Email) VALUES ("Brayan", "Schmitt", '452-841-7782', "Brayan_Schmitt@gmail.com");
INSERT INTO Reservations(ID, StartDate, EndDate, NumGuests, CustomerID, Source, BookedAt) VALUES(1623, '2021-04-12', '2021-04-14', 2, 1623, 'direct', '2020-12-28 02:48:10');
INSERT INTO Occupancies(RoomNo, Date, ResID) VALUES (306, '2021-04-12', 1623);
INSERT INTO Occupancies(RoomNo, Date, ResID) VALUES (306, '2021-04-13', 1623);
#1624
INSERT INTO Customers(Fname, Lname, Phone, Email) VALUES ("Jasmin", "Stoltenberg", '363-678-3014', "Jasmin_Stoltenberg@gmail.com");
INSERT INTO Reservations(ID, StartDate, EndDate, NumGuests, CustomerID, Source, BookedAt) VALUES(1624, '2020-09-05', '2020-09-07', 4, 1624, 'direct', '2020-12-28 02:48:10');
INSERT INTO Occupancies(RoomNo, Date, ResID) VALUES (502, '2020-09-05', 1624);
INSERT INTO Occupancies(RoomNo, Date, ResID) VALUES (502, '2020-09-06', 1624);
#1625
INSERT INTO Customers(Fname, Lname, Phone, Email) VALUES ("Monroe", "Thiel", '843-525-3754', "Monroe_Thiel@gmail.com");
INSERT INTO Reservations(ID, StartDate, EndDate, NumGuests, CustomerID, Source, BookedAt) VALUES(1625, '2020-05-20', '2020-05-25', 4, 1625, 'agency', '2020-12-28 02:48:10');
INSERT INTO Occupancies(RoomNo, Date, ResID) VALUES (106, '2020-05-20', 1625);
INSERT INTO Occupancies(RoomNo, Date, ResID) VALUES (106, '2020-05-21', 1625);
INSERT INTO Occupancies(RoomNo, Date, ResID) VALUES (106, '2020-05-22', 1625);
INSERT INTO Occupancies(RoomNo, Date, ResID) VALUES (106, '2020-05-23', 1625);
INSERT INTO Occupancies(RoomNo, Date, ResID) VALUES (106, '2020-05-24', 1625);
#1626
INSERT INTO Customers(Fname, Lname, Phone, Email) VALUES ("Audreanne", "Hills", '976-377-5070', "Audreanne_Hills@gmail.com");
INSERT INTO Reservations(ID, StartDate, EndDate, NumGuests, CustomerID, Source, BookedAt) VALUES(1626, '2021-03-28', '2021-03-29', 2, 1626, 'OTA', '2020-12-28 02:48:10');
INSERT INTO Occupancies(RoomNo, Date, ResID) VALUES (503, '2021-03-28', 1626);
#1627
INSERT INTO Customers(Fname, Lname, Phone, Email) VALUES ("Susana", "Fadel", '943-511-5720', "Susana_Fadel@gmail.com");
INSERT INTO Reservations(ID, StartDate, EndDate, NumGuests, CustomerID, Source, BookedAt) VALUES(1627, '2020-08-21', '2020-08-22', 4, 1627, 'OTA', '2020-12-28 02:48:10');
INSERT INTO Occupancies(RoomNo, Date, ResID) VALUES (404, '2020-08-21', 1627);
#1628
INSERT INTO Customers(Fname, Lname, Phone, Email) VALUES ("Nola", "Aufderhar", '830-435-4981', "Nola_Aufderhar@gmail.com");
INSERT INTO Reservations(ID, StartDate, EndDate, NumGuests, CustomerID, Source, BookedAt) VALUES(1628, '2020-04-11', '2020-04-15', 2, 1628, 'direct', '2020-12-28 02:48:10');
INSERT INTO Occupancies(RoomNo, Date, ResID) VALUES (502, '2020-04-11', 1628);
INSERT INTO Occupancies(RoomNo, Date, ResID) VALUES (502, '2020-04-12', 1628);
INSERT INTO Occupancies(RoomNo, Date, ResID) VALUES (502, '2020-04-13', 1628);
INSERT INTO Occupancies(RoomNo, Date, ResID) VALUES (502, '2020-04-14', 1628);
#1629
INSERT INTO Customers(Fname, Lname, Phone, Email) VALUES ("Candice", "Hirthe", '360-339-9381', "Candice_Hirthe@gmail.com");
INSERT INTO Reservations(ID, StartDate, EndDate, NumGuests, CustomerID, Source, BookedAt) VALUES(1629, '2020-07-08', '2020-07-09', 2, 1629, 'OTA', '2020-12-28 02:48:10');
INSERT INTO Occupancies(RoomNo, Date, ResID) VALUES (305, '2020-07-08', 1629);
#1630
INSERT INTO Customers(Fname, Lname, Phone, Email) VALUES ("Jack", "Flatley", '269-944-2535', "Jack_Flatley@gmail.com");
INSERT INTO Reservations(ID, StartDate, EndDate, NumGuests, CustomerID, Source, BookedAt) VALUES(1630, '2020-11-12', '2020-11-16', 4, 1630, 'OTA', '2020-12-28 02:48:10');
INSERT INTO Occupancies(RoomNo, Date, ResID) VALUES (406, '2020-11-12', 1630);
INSERT INTO Occupancies(RoomNo, Date, ResID) VALUES (406, '2020-11-13', 1630);
INSERT INTO Occupancies(RoomNo, Date, ResID) VALUES (406, '2020-11-14', 1630);
INSERT INTO Occupancies(RoomNo, Date, ResID) VALUES (406, '2020-11-15', 1630);
#1631
INSERT INTO Customers(Fname, Lname, Phone, Email) VALUES ("Elena", "Lang", '864-539-6792', "Elena_Lang@gmail.com");
INSERT INTO Reservations(ID, StartDate, EndDate, NumGuests, CustomerID, Source, BookedAt) VALUES(1631, '2020-09-10', '2020-09-12', 2, 1631, 'corporate', '2020-12-28 02:48:10');
INSERT INTO Occupancies(RoomNo, Date, ResID) VALUES (405, '2020-09-10', 1631);
INSERT INTO Occupancies(RoomNo, Date, ResID) VALUES (405, '2020-09-11', 1631);
#1632
INSERT INTO Customers(Fname, Lname, Phone, Email) VALUES ("Drake", "Gutkowski", '363-950-5007', "Drake_Gutkowski@gmail.com");
INSERT INTO Reservations(ID, StartDate, EndDate, NumGuests, CustomerID, Source, BookedAt) VALUES(1632, '2020-03-19', '2020-03-20', 5, 1632, 'OTA', '2020-12-28 02:48:10');
INSERT INTO Occupancies(RoomNo, Date, ResID) VALUES (103, '2020-03-19', 1632);
#1633
INSERT INTO Customers(Fname, Lname, Phone, Email) VALUES ("Ross", "Kohler", '625-304-5537', "Ross_Kohler@gmail.com");
INSERT INTO Reservations(ID, StartDate, EndDate, NumGuests, CustomerID, Source, BookedAt) VALUES(1633, '2020-01-10', '2020-01-15', 3, 1633, 'agency', '2020-12-28 02:48:10');
INSERT INTO Occupancies(RoomNo, Date, ResID) VALUES (201, '2020-01-10', 1633);
INSERT INTO Occupancies(RoomNo, Date, ResID) VALUES (201, '2020-01-11', 1633);
INSERT INTO Occupancies(RoomNo, Date, ResID) VALUES (201, '2020-01-12', 1633);
INSERT INTO Occupancies(RoomNo, Date, ResID) VALUES (201, '2020-01-13', 1633);
INSERT INTO Occupancies(RoomNo, Date, ResID) VALUES (201, '2020-01-14', 1633);
#1634
INSERT INTO Customers(Fname, Lname, Phone, Email) VALUES ("Hannah", "Macejkovic", '479-861-3938', "Hannah_Macejkovic@gmail.com");
INSERT INTO Reservations(ID, StartDate, EndDate, NumGuests, CustomerID, Source, BookedAt) VALUES(1634, '2020-10-18', '2020-10-20', 2, 1634, 'corporate', '2020-12-28 02:48:10');
INSERT INTO Occupancies(RoomNo, Date, ResID) VALUES (106, '2020-10-18', 1634);
INSERT INTO Occupancies(RoomNo, Date, ResID) VALUES (106, '2020-10-19', 1634);
#1635
INSERT INTO Customers(Fname, Lname, Phone, Email) VALUES ("Bella", "Weissnat", '456-375-7486', "Bella_Weissnat@gmail.com");
INSERT INTO Reservations(ID, StartDate, EndDate, NumGuests, CustomerID, Source, BookedAt) VALUES(1635, '2021-11-27', '2021-11-29', 2, 1635, 'direct', '2020-12-28 02:48:10');
INSERT INTO Occupancies(RoomNo, Date, ResID) VALUES (503, '2021-11-27', 1635);
INSERT INTO Occupancies(RoomNo, Date, ResID) VALUES (503, '2021-11-28', 1635);
#1636
INSERT INTO Customers(Fname, Lname, Phone, Email) VALUES ("Alberta", "Cole", '650-798-8782', "Alberta_Cole@gmail.com");
INSERT INTO Reservations(ID, StartDate, EndDate, NumGuests, CustomerID, Source, BookedAt) VALUES(1636, '2020-01-25', '2020-01-30', 4, 1636, 'agency', '2020-12-28 02:48:10');
INSERT INTO Occupancies(RoomNo, Date, ResID) VALUES (403, '2020-01-25', 1636);
INSERT INTO Occupancies(RoomNo, Date, ResID) VALUES (403, '2020-01-26', 1636);
INSERT INTO Occupancies(RoomNo, Date, ResID) VALUES (403, '2020-01-27', 1636);
INSERT INTO Occupancies(RoomNo, Date, ResID) VALUES (403, '2020-01-28', 1636);
INSERT INTO Occupancies(RoomNo, Date, ResID) VALUES (403, '2020-01-29', 1636);
#1637
INSERT INTO Customers(Fname, Lname, Phone, Email) VALUES ("Bryana", "Hoppe", '419-238-1301', "Bryana_Hoppe@gmail.com");
INSERT INTO Reservations(ID, StartDate, EndDate, NumGuests, CustomerID, Source, BookedAt) VALUES(1637, '2020-01-20', '2020-01-22', 1, 1637, 'corporate', '2020-12-28 02:48:10');
INSERT INTO Occupancies(RoomNo, Date, ResID) VALUES (101, '2020-01-20', 1637);
INSERT INTO Occupancies(RoomNo, Date, ResID) VALUES (101, '2020-01-21', 1637);
#1638
INSERT INTO Customers(Fname, Lname, Phone, Email) VALUES ("Bud", "Zulauf", '208-583-3592', "Bud_Zulauf@gmail.com");
INSERT INTO Reservations(ID, StartDate, EndDate, NumGuests, CustomerID, Source, BookedAt) VALUES(1638, '2020-06-05', '2020-06-06', 2, 1638, 'direct', '2020-12-28 02:48:10');
INSERT INTO Occupancies(RoomNo, Date, ResID) VALUES (504, '2020-06-05', 1638);
#1639
INSERT INTO Customers(Fname, Lname, Phone, Email) VALUES ("Joel", "Ritchie", '869-262-3585', "Joel_Ritchie@gmail.com");
INSERT INTO Reservations(ID, StartDate, EndDate, NumGuests, CustomerID, Source, BookedAt) VALUES(1639, '2020-02-03', '2020-02-06', 5, 1639, 'direct', '2020-12-28 02:48:10');
INSERT INTO Occupancies(RoomNo, Date, ResID) VALUES (103, '2020-02-03', 1639);
INSERT INTO Occupancies(RoomNo, Date, ResID) VALUES (103, '2020-02-04', 1639);
INSERT INTO Occupancies(RoomNo, Date, ResID) VALUES (103, '2020-02-05', 1639);
#1640
INSERT INTO Customers(Fname, Lname, Phone, Email) VALUES ("Mertie", "Marvin", '841-446-7779', "Mertie_Marvin@gmail.com");
INSERT INTO Reservations(ID, StartDate, EndDate, NumGuests, CustomerID, Source, BookedAt) VALUES(1640, '2020-11-26', '2020-11-28', 2, 1640, 'direct', '2020-12-28 02:48:10');
INSERT INTO Occupancies(RoomNo, Date, ResID) VALUES (105, '2020-11-26', 1640);
INSERT INTO Occupancies(RoomNo, Date, ResID) VALUES (105, '2020-11-27', 1640);
#1641
INSERT INTO Customers(Fname, Lname, Phone, Email) VALUES ("Raul", "Smitham", '460-292-9226', "Raul_Smitham@gmail.com");
INSERT INTO Reservations(ID, StartDate, EndDate, NumGuests, CustomerID, Source, BookedAt) VALUES(1641, '2020-01-12', '2020-01-15', 4, 1641, 'direct', '2020-12-28 02:48:10');
INSERT INTO Occupancies(RoomNo, Date, ResID) VALUES (503, '2020-01-12', 1641);
INSERT INTO Occupancies(RoomNo, Date, ResID) VALUES (503, '2020-01-13', 1641);
INSERT INTO Occupancies(RoomNo, Date, ResID) VALUES (503, '2020-01-14', 1641);
#1642
INSERT INTO Customers(Fname, Lname, Phone, Email) VALUES ("Anjali", "Terry", '572-691-7506', "Anjali_Terry@gmail.com");
INSERT INTO Reservations(ID, StartDate, EndDate, NumGuests, CustomerID, Source, BookedAt) VALUES(1642, '2020-03-04', '2020-03-09', 5, 1642, 'OTA', '2020-12-28 02:48:10');
INSERT INTO Occupancies(RoomNo, Date, ResID) VALUES (405, '2020-03-04', 1642);
INSERT INTO Occupancies(RoomNo, Date, ResID) VALUES (405, '2020-03-05', 1642);
INSERT INTO Occupancies(RoomNo, Date, ResID) VALUES (405, '2020-03-06', 1642);
INSERT INTO Occupancies(RoomNo, Date, ResID) VALUES (405, '2020-03-07', 1642);
INSERT INTO Occupancies(RoomNo, Date, ResID) VALUES (405, '2020-03-08', 1642);
#1643
INSERT INTO Customers(Fname, Lname, Phone, Email) VALUES ("Deborah", "Kling", '227-902-6882', "Deborah_Kling@gmail.com");
INSERT INTO Reservations(ID, StartDate, EndDate, NumGuests, CustomerID, Source, BookedAt) VALUES(1643, '2021-01-31', '2021-02-03', 2, 1643, 'OTA', '2020-12-28 02:48:10');
INSERT INTO Occupancies(RoomNo, Date, ResID) VALUES (502, '2021-01-31', 1643);
INSERT INTO Occupancies(RoomNo, Date, ResID) VALUES (502, '2021-02-01', 1643);
INSERT INTO Occupancies(RoomNo, Date, ResID) VALUES (502, '2021-02-02', 1643);
#1644
INSERT INTO Customers(Fname, Lname, Phone, Email) VALUES ("Omari", "Kihn", '893-532-3168', "Omari_Kihn@gmail.com");
INSERT INTO Reservations(ID, StartDate, EndDate, NumGuests, CustomerID, Source, BookedAt) VALUES(1644, '2020-09-16', '2020-09-18', 5, 1644, 'OTA', '2020-12-28 02:48:10');
INSERT INTO Occupancies(RoomNo, Date, ResID) VALUES (303, '2020-09-16', 1644);
INSERT INTO Occupancies(RoomNo, Date, ResID) VALUES (303, '2020-09-17', 1644);
#1645
INSERT INTO Customers(Fname, Lname, Phone, Email) VALUES ("Danial", "O'Kon", '245-432-0339', "Danial_O'Kon@gmail.com");
INSERT INTO Reservations(ID, StartDate, EndDate, NumGuests, CustomerID, Source, BookedAt) VALUES(1645, '2020-01-14', '2020-01-17', 3, 1645, 'OTA', '2020-12-28 02:48:10');
INSERT INTO Occupancies(RoomNo, Date, ResID) VALUES (404, '2020-01-14', 1645);
INSERT INTO Occupancies(RoomNo, Date, ResID) VALUES (404, '2020-01-15', 1645);
INSERT INTO Occupancies(RoomNo, Date, ResID) VALUES (404, '2020-01-16', 1645);
#1646
INSERT INTO Customers(Fname, Lname, Phone, Email) VALUES ("Pearlie", "Reichert", '560-780-6800', "Pearlie_Reichert@gmail.com");
INSERT INTO Reservations(ID, StartDate, EndDate, NumGuests, CustomerID, Source, BookedAt) VALUES(1646, '2021-10-11', '2021-10-15', 5, 1646, 'agency', '2020-12-28 02:48:10');
INSERT INTO Occupancies(RoomNo, Date, ResID) VALUES (304, '2021-10-11', 1646);
INSERT INTO Occupancies(RoomNo, Date, ResID) VALUES (304, '2021-10-12', 1646);
INSERT INTO Occupancies(RoomNo, Date, ResID) VALUES (304, '2021-10-13', 1646);
INSERT INTO Occupancies(RoomNo, Date, ResID) VALUES (304, '2021-10-14', 1646);
#1647
INSERT INTO Customers(Fname, Lname, Phone, Email) VALUES ("Hilbert", "Wyman", '813-931-0417', "Hilbert_Wyman@gmail.com");
INSERT INTO Reservations(ID, StartDate, EndDate, NumGuests, CustomerID, Source, BookedAt) VALUES(1647, '2020-05-04', '2020-05-05', 5, 1647, 'agency', '2020-12-28 02:48:10');
INSERT INTO Occupancies(RoomNo, Date, ResID) VALUES (103, '2020-05-04', 1647);
#1648
INSERT INTO Customers(Fname, Lname, Phone, Email) VALUES ("Lilliana", "Bergnaum", '246-451-8467', "Lilliana_Bergnaum@gmail.com");
INSERT INTO Reservations(ID, StartDate, EndDate, NumGuests, CustomerID, Source, BookedAt) VALUES(1648, '2020-10-24', '2020-10-26', 4, 1648, 'direct', '2020-12-28 02:48:10');
INSERT INTO Occupancies(RoomNo, Date, ResID) VALUES (206, '2020-10-24', 1648);
INSERT INTO Occupancies(RoomNo, Date, ResID) VALUES (206, '2020-10-25', 1648);
#1649
INSERT INTO Customers(Fname, Lname, Phone, Email) VALUES ("Dimitri", "Parisian", '746-952-5246', "Dimitri_Parisian@gmail.com");
INSERT INTO Reservations(ID, StartDate, EndDate, NumGuests, CustomerID, Source, BookedAt) VALUES(1649, '2020-06-28', '2020-07-01', 5, 1649, 'direct', '2020-12-28 02:48:10');
INSERT INTO Occupancies(RoomNo, Date, ResID) VALUES (101, '2020-06-28', 1649);
INSERT INTO Occupancies(RoomNo, Date, ResID) VALUES (101, '2020-06-29', 1649);
INSERT INTO Occupancies(RoomNo, Date, ResID) VALUES (101, '2020-06-30', 1649);
#1650
INSERT INTO Customers(Fname, Lname, Phone, Email) VALUES ("Aaliyah", "Bradtke", '701-299-3087', "Aaliyah_Bradtke@gmail.com");
INSERT INTO Reservations(ID, StartDate, EndDate, NumGuests, CustomerID, Source, BookedAt) VALUES(1650, '2021-08-23', '2021-08-24', 5, 1650, 'OTA', '2020-12-28 02:48:10');
INSERT INTO Occupancies(RoomNo, Date, ResID) VALUES (402, '2021-08-23', 1650);
#1651
INSERT INTO Customers(Fname, Lname, Phone, Email) VALUES ("Malcolm", "Ebert", '502-292-2636', "Malcolm_Ebert@gmail.com");
INSERT INTO Reservations(ID, StartDate, EndDate, NumGuests, CustomerID, Source, BookedAt) VALUES(1651, '2020-08-16', '2020-08-19', 5, 1651, 'OTA', '2020-12-28 02:48:10');
INSERT INTO Occupancies(RoomNo, Date, ResID) VALUES (205, '2020-08-16', 1651);
INSERT INTO Occupancies(RoomNo, Date, ResID) VALUES (205, '2020-08-17', 1651);
INSERT INTO Occupancies(RoomNo, Date, ResID) VALUES (205, '2020-08-18', 1651);
#1652
INSERT INTO Customers(Fname, Lname, Phone, Email) VALUES ("Sam", "Considine", '505-629-0155', "Sam_Considine@gmail.com");
INSERT INTO Reservations(ID, StartDate, EndDate, NumGuests, CustomerID, Source, BookedAt) VALUES(1652, '2020-04-17', '2020-04-20', 4, 1652, 'direct', '2020-12-28 02:48:10');
INSERT INTO Occupancies(RoomNo, Date, ResID) VALUES (403, '2020-04-17', 1652);
INSERT INTO Occupancies(RoomNo, Date, ResID) VALUES (403, '2020-04-18', 1652);
INSERT INTO Occupancies(RoomNo, Date, ResID) VALUES (403, '2020-04-19', 1652);
#1653
INSERT INTO Customers(Fname, Lname, Phone, Email) VALUES ("Dereck", "Schinner", '377-484-9999', "Dereck_Schinner@gmail.com");
INSERT INTO Reservations(ID, StartDate, EndDate, NumGuests, CustomerID, Source, BookedAt) VALUES(1653, '2021-12-16', '2021-12-21', 5, 1653, 'direct', '2020-12-28 02:48:10');
INSERT INTO Occupancies(RoomNo, Date, ResID) VALUES (303, '2021-12-16', 1653);
INSERT INTO Occupancies(RoomNo, Date, ResID) VALUES (303, '2021-12-17', 1653);
INSERT INTO Occupancies(RoomNo, Date, ResID) VALUES (303, '2021-12-18', 1653);
INSERT INTO Occupancies(RoomNo, Date, ResID) VALUES (303, '2021-12-19', 1653);
INSERT INTO Occupancies(RoomNo, Date, ResID) VALUES (303, '2021-12-20', 1653);
#1654
INSERT INTO Customers(Fname, Lname, Phone, Email) VALUES ("Makayla", "Lind", '653-507-9515', "Makayla_Lind@gmail.com");
INSERT INTO Reservations(ID, StartDate, EndDate, NumGuests, CustomerID, Source, BookedAt) VALUES(1654, '2021-12-10', '2021-12-13', 3, 1654, 'direct', '2020-12-28 02:48:10');
INSERT INTO Occupancies(RoomNo, Date, ResID) VALUES (103, '2021-12-10', 1654);
INSERT INTO Occupancies(RoomNo, Date, ResID) VALUES (103, '2021-12-11', 1654);
INSERT INTO Occupancies(RoomNo, Date, ResID) VALUES (103, '2021-12-12', 1654);
#1655
INSERT INTO Customers(Fname, Lname, Phone, Email) VALUES ("Marlin", "Kilback", '424-693-2507', "Marlin_Kilback@gmail.com");
INSERT INTO Reservations(ID, StartDate, EndDate, NumGuests, CustomerID, Source, BookedAt) VALUES(1655, '2020-08-31', '2020-09-04', 4, 1655, 'OTA', '2020-12-28 02:48:10');
INSERT INTO Occupancies(RoomNo, Date, ResID) VALUES (102, '2020-08-31', 1655);
INSERT INTO Occupancies(RoomNo, Date, ResID) VALUES (102, '2020-09-01', 1655);
INSERT INTO Occupancies(RoomNo, Date, ResID) VALUES (102, '2020-09-02', 1655);
INSERT INTO Occupancies(RoomNo, Date, ResID) VALUES (102, '2020-09-03', 1655);
#1656
INSERT INTO Customers(Fname, Lname, Phone, Email) VALUES ("Sammy", "Homenick", '350-305-4423', "Sammy_Homenick@gmail.com");
INSERT INTO Reservations(ID, StartDate, EndDate, NumGuests, CustomerID, Source, BookedAt) VALUES(1656, '2021-06-11', '2021-06-16', 4, 1656, 'OTA', '2020-12-28 02:48:10');
INSERT INTO Occupancies(RoomNo, Date, ResID) VALUES (305, '2021-06-11', 1656);
INSERT INTO Occupancies(RoomNo, Date, ResID) VALUES (305, '2021-06-12', 1656);
INSERT INTO Occupancies(RoomNo, Date, ResID) VALUES (305, '2021-06-13', 1656);
INSERT INTO Occupancies(RoomNo, Date, ResID) VALUES (305, '2021-06-14', 1656);
INSERT INTO Occupancies(RoomNo, Date, ResID) VALUES (305, '2021-06-15', 1656);
#1657
INSERT INTO Customers(Fname, Lname, Phone, Email) VALUES ("Alan", "Rolfson", '908-748-9777', "Alan_Rolfson@gmail.com");
INSERT INTO Reservations(ID, StartDate, EndDate, NumGuests, CustomerID, Source, BookedAt) VALUES(1657, '2020-05-16', '2020-05-17', 4, 1657, 'agency', '2020-12-28 02:48:10');
INSERT INTO Occupancies(RoomNo, Date, ResID) VALUES (102, '2020-05-16', 1657);
#1658
INSERT INTO Customers(Fname, Lname, Phone, Email) VALUES ("Florencio", "Powlowski", '252-712-1115', "Florencio_Powlowski@gmail.com");
INSERT INTO Reservations(ID, StartDate, EndDate, NumGuests, CustomerID, Source, BookedAt) VALUES(1658, '2020-06-21', '2020-06-22', 4, 1658, 'OTA', '2020-12-28 02:48:10');
INSERT INTO Occupancies(RoomNo, Date, ResID) VALUES (503, '2020-06-21', 1658);
#1659
INSERT INTO Customers(Fname, Lname, Phone, Email) VALUES ("Monserrate", "Bechtelar", '955-767-0433', "Monserrate_Bechtelar@gmail.com");
INSERT INTO Reservations(ID, StartDate, EndDate, NumGuests, CustomerID, Source, BookedAt) VALUES(1659, '2020-07-24', '2020-07-27', 2, 1659, 'agency', '2020-12-28 02:48:10');
INSERT INTO Occupancies(RoomNo, Date, ResID) VALUES (406, '2020-07-24', 1659);
INSERT INTO Occupancies(RoomNo, Date, ResID) VALUES (406, '2020-07-25', 1659);
INSERT INTO Occupancies(RoomNo, Date, ResID) VALUES (406, '2020-07-26', 1659);
#1660
INSERT INTO Customers(Fname, Lname, Phone, Email) VALUES ("Libbie", "Funk", '825-415-4885', "Libbie_Funk@gmail.com");
INSERT INTO Reservations(ID, StartDate, EndDate, NumGuests, CustomerID, Source, BookedAt) VALUES(1660, '2021-05-17', '2021-05-22', 3, 1660, 'direct', '2020-12-28 02:48:10');
INSERT INTO Occupancies(RoomNo, Date, ResID) VALUES (403, '2021-05-17', 1660);
INSERT INTO Occupancies(RoomNo, Date, ResID) VALUES (403, '2021-05-18', 1660);
INSERT INTO Occupancies(RoomNo, Date, ResID) VALUES (403, '2021-05-19', 1660);
INSERT INTO Occupancies(RoomNo, Date, ResID) VALUES (403, '2021-05-20', 1660);
INSERT INTO Occupancies(RoomNo, Date, ResID) VALUES (403, '2021-05-21', 1660);
#1661
INSERT INTO Customers(Fname, Lname, Phone, Email) VALUES ("Carlotta", "Mayer", '958-796-4696', "Carlotta_Mayer@gmail.com");
INSERT INTO Reservations(ID, StartDate, EndDate, NumGuests, CustomerID, Source, BookedAt) VALUES(1661, '2021-01-02', '2021-01-06', 2, 1661, 'direct', '2020-12-28 02:48:10');
INSERT INTO Occupancies(RoomNo, Date, ResID) VALUES (301, '2021-01-02', 1661);
INSERT INTO Occupancies(RoomNo, Date, ResID) VALUES (301, '2021-01-03', 1661);
INSERT INTO Occupancies(RoomNo, Date, ResID) VALUES (301, '2021-01-04', 1661);
INSERT INTO Occupancies(RoomNo, Date, ResID) VALUES (301, '2021-01-05', 1661);
#1662
INSERT INTO Customers(Fname, Lname, Phone, Email) VALUES ("Mikayla", "Runolfsson", '999-452-0681', "Mikayla_Runolfsson@gmail.com");
INSERT INTO Reservations(ID, StartDate, EndDate, NumGuests, CustomerID, Source, BookedAt) VALUES(1662, '2020-10-09', '2020-10-11', 5, 1662, 'agency', '2020-12-28 02:48:10');
INSERT INTO Occupancies(RoomNo, Date, ResID) VALUES (402, '2020-10-09', 1662);
INSERT INTO Occupancies(RoomNo, Date, ResID) VALUES (402, '2020-10-10', 1662);
#1663
INSERT INTO Customers(Fname, Lname, Phone, Email) VALUES ("Adolph", "Huel", '828-440-7344', "Adolph_Huel@gmail.com");
INSERT INTO Reservations(ID, StartDate, EndDate, NumGuests, CustomerID, Source, BookedAt) VALUES(1663, '2020-02-25', '2020-03-01', 4, 1663, 'agency', '2020-12-28 02:48:10');
INSERT INTO Occupancies(RoomNo, Date, ResID) VALUES (503, '2020-02-25', 1663);
INSERT INTO Occupancies(RoomNo, Date, ResID) VALUES (503, '2020-02-26', 1663);
INSERT INTO Occupancies(RoomNo, Date, ResID) VALUES (503, '2020-02-27', 1663);
INSERT INTO Occupancies(RoomNo, Date, ResID) VALUES (503, '2020-02-28', 1663);
INSERT INTO Occupancies(RoomNo, Date, ResID) VALUES (503, '2020-02-29', 1663);
#1664
INSERT INTO Customers(Fname, Lname, Phone, Email) VALUES ("Brett", "Kunze", '368-423-5313', "Brett_Kunze@gmail.com");
INSERT INTO Reservations(ID, StartDate, EndDate, NumGuests, CustomerID, Source, BookedAt) VALUES(1664, '2020-02-26', '2020-02-28', 1, 1664, 'OTA', '2020-12-28 02:48:10');
INSERT INTO Occupancies(RoomNo, Date, ResID) VALUES (103, '2020-02-26', 1664);
INSERT INTO Occupancies(RoomNo, Date, ResID) VALUES (103, '2020-02-27', 1664);
#1665
INSERT INTO Customers(Fname, Lname, Phone, Email) VALUES ("Noemie", "Wilderman", '537-818-2496', "Noemie_Wilderman@gmail.com");
INSERT INTO Reservations(ID, StartDate, EndDate, NumGuests, CustomerID, Source, BookedAt) VALUES(1665, '2020-11-17', '2020-11-20', 5, 1665, 'corporate', '2020-12-28 02:48:10');
INSERT INTO Occupancies(RoomNo, Date, ResID) VALUES (302, '2020-11-17', 1665);
INSERT INTO Occupancies(RoomNo, Date, ResID) VALUES (302, '2020-11-18', 1665);
INSERT INTO Occupancies(RoomNo, Date, ResID) VALUES (302, '2020-11-19', 1665);
#1666
INSERT INTO Customers(Fname, Lname, Phone, Email) VALUES ("Nya", "Marquardt", '564-270-5086', "Nya_Marquardt@gmail.com");
INSERT INTO Reservations(ID, StartDate, EndDate, NumGuests, CustomerID, Source, BookedAt) VALUES(1666, '2020-03-02', '2020-03-04', 4, 1666, 'direct', '2020-12-28 02:48:10');
INSERT INTO Occupancies(RoomNo, Date, ResID) VALUES (303, '2020-03-02', 1666);
INSERT INTO Occupancies(RoomNo, Date, ResID) VALUES (303, '2020-03-03', 1666);
#1667
INSERT INTO Customers(Fname, Lname, Phone, Email) VALUES ("Ryley", "Becker", '645-439-4164', "Ryley_Becker@gmail.com");
INSERT INTO Reservations(ID, StartDate, EndDate, NumGuests, CustomerID, Source, BookedAt) VALUES(1667, '2020-04-21', '2020-04-25', 4, 1667, 'agency', '2020-12-28 02:48:10');
INSERT INTO Occupancies(RoomNo, Date, ResID) VALUES (401, '2020-04-21', 1667);
INSERT INTO Occupancies(RoomNo, Date, ResID) VALUES (401, '2020-04-22', 1667);
INSERT INTO Occupancies(RoomNo, Date, ResID) VALUES (401, '2020-04-23', 1667);
INSERT INTO Occupancies(RoomNo, Date, ResID) VALUES (401, '2020-04-24', 1667);
#1668
INSERT INTO Customers(Fname, Lname, Phone, Email) VALUES ("Christian", "Mueller", '595-975-4761', "Christian_Mueller@gmail.com");
INSERT INTO Reservations(ID, StartDate, EndDate, NumGuests, CustomerID, Source, BookedAt) VALUES(1668, '2021-11-21', '2021-11-23', 1, 1668, 'corporate', '2020-12-28 02:48:10');
INSERT INTO Occupancies(RoomNo, Date, ResID) VALUES (203, '2021-11-21', 1668);
INSERT INTO Occupancies(RoomNo, Date, ResID) VALUES (203, '2021-11-22', 1668);
#1669
INSERT INTO Customers(Fname, Lname, Phone, Email) VALUES ("Scottie", "Kuvalis", '308-856-6948', "Scottie_Kuvalis@gmail.com");
INSERT INTO Reservations(ID, StartDate, EndDate, NumGuests, CustomerID, Source, BookedAt) VALUES(1669, '2020-09-03', '2020-09-07', 2, 1669, 'direct', '2020-12-28 02:48:10');
INSERT INTO Occupancies(RoomNo, Date, ResID) VALUES (404, '2020-09-03', 1669);
INSERT INTO Occupancies(RoomNo, Date, ResID) VALUES (404, '2020-09-04', 1669);
INSERT INTO Occupancies(RoomNo, Date, ResID) VALUES (404, '2020-09-05', 1669);
INSERT INTO Occupancies(RoomNo, Date, ResID) VALUES (404, '2020-09-06', 1669);
#1670
INSERT INTO Customers(Fname, Lname, Phone, Email) VALUES ("Aaron", "Kutch", '851-930-0203', "Aaron_Kutch@gmail.com");
INSERT INTO Reservations(ID, StartDate, EndDate, NumGuests, CustomerID, Source, BookedAt) VALUES(1670, '2020-05-19', '2020-05-21', 2, 1670, 'OTA', '2020-12-28 02:48:10');
INSERT INTO Occupancies(RoomNo, Date, ResID) VALUES (505, '2020-05-19', 1670);
INSERT INTO Occupancies(RoomNo, Date, ResID) VALUES (505, '2020-05-20', 1670);
#1671
INSERT INTO Customers(Fname, Lname, Phone, Email) VALUES ("Hailey", "Heathcote", '742-739-5119', "Hailey_Heathcote@gmail.com");
INSERT INTO Reservations(ID, StartDate, EndDate, NumGuests, CustomerID, Source, BookedAt) VALUES(1671, '2020-08-18', '2020-08-19', 1, 1671, 'OTA', '2020-12-28 02:48:10');
INSERT INTO Occupancies(RoomNo, Date, ResID) VALUES (303, '2020-08-18', 1671);
#1672
INSERT INTO Customers(Fname, Lname, Phone, Email) VALUES ("Dixie", "Hansen", '287-872-9106', "Dixie_Hansen@gmail.com");
INSERT INTO Reservations(ID, StartDate, EndDate, NumGuests, CustomerID, Source, BookedAt) VALUES(1672, '2020-12-09', '2020-12-12', 4, 1672, 'agency', '2020-12-28 02:48:10');
INSERT INTO Occupancies(RoomNo, Date, ResID) VALUES (104, '2020-12-09', 1672);
INSERT INTO Occupancies(RoomNo, Date, ResID) VALUES (104, '2020-12-10', 1672);
INSERT INTO Occupancies(RoomNo, Date, ResID) VALUES (104, '2020-12-11', 1672);
#1673
INSERT INTO Customers(Fname, Lname, Phone, Email) VALUES ("Mckayla", "Rau", '518-453-1846', "Mckayla_Rau@gmail.com");
INSERT INTO Reservations(ID, StartDate, EndDate, NumGuests, CustomerID, Source, BookedAt) VALUES(1673, '2020-10-01', '2020-10-02', 5, 1673, 'direct', '2020-12-28 02:48:10');
INSERT INTO Occupancies(RoomNo, Date, ResID) VALUES (505, '2020-10-01', 1673);
#1674
INSERT INTO Customers(Fname, Lname, Phone, Email) VALUES ("Esperanza", "Russel", '222-629-2722', "Esperanza_Russel@gmail.com");
INSERT INTO Reservations(ID, StartDate, EndDate, NumGuests, CustomerID, Source, BookedAt) VALUES(1674, '2020-08-31', '2020-09-02', 3, 1674, 'direct', '2020-12-28 02:48:10');
INSERT INTO Occupancies(RoomNo, Date, ResID) VALUES (202, '2020-08-31', 1674);
INSERT INTO Occupancies(RoomNo, Date, ResID) VALUES (202, '2020-09-01', 1674);
#1675
INSERT INTO Customers(Fname, Lname, Phone, Email) VALUES ("Vida", "Keebler", '963-864-4638', "Vida_Keebler@gmail.com");
INSERT INTO Reservations(ID, StartDate, EndDate, NumGuests, CustomerID, Source, BookedAt) VALUES(1675, '2020-03-22', '2020-03-27', 2, 1675, 'agency', '2020-12-28 02:48:10');
INSERT INTO Occupancies(RoomNo, Date, ResID) VALUES (306, '2020-03-22', 1675);
INSERT INTO Occupancies(RoomNo, Date, ResID) VALUES (306, '2020-03-23', 1675);
INSERT INTO Occupancies(RoomNo, Date, ResID) VALUES (306, '2020-03-24', 1675);
INSERT INTO Occupancies(RoomNo, Date, ResID) VALUES (306, '2020-03-25', 1675);
INSERT INTO Occupancies(RoomNo, Date, ResID) VALUES (306, '2020-03-26', 1675);
#1676
INSERT INTO Customers(Fname, Lname, Phone, Email) VALUES ("Iva", "Jaskolski", '549-630-3447', "Iva_Jaskolski@gmail.com");
INSERT INTO Reservations(ID, StartDate, EndDate, NumGuests, CustomerID, Source, BookedAt) VALUES(1676, '2020-04-16', '2020-04-18', 2, 1676, 'agency', '2020-12-28 02:48:10');
INSERT INTO Occupancies(RoomNo, Date, ResID) VALUES (101, '2020-04-16', 1676);
INSERT INTO Occupancies(RoomNo, Date, ResID) VALUES (101, '2020-04-17', 1676);
#1677
INSERT INTO Customers(Fname, Lname, Phone, Email) VALUES ("Brian", "Ledner", '202-572-9136', "Brian_Ledner@gmail.com");
INSERT INTO Reservations(ID, StartDate, EndDate, NumGuests, CustomerID, Source, BookedAt) VALUES(1677, '2020-01-12', '2020-01-14', 2, 1677, 'OTA', '2020-12-28 02:48:10');
INSERT INTO Occupancies(RoomNo, Date, ResID) VALUES (501, '2020-01-12', 1677);
INSERT INTO Occupancies(RoomNo, Date, ResID) VALUES (501, '2020-01-13', 1677);
#1678
INSERT INTO Customers(Fname, Lname, Phone, Email) VALUES ("Katrina", "Funk", '531-901-5679', "Katrina_Funk@gmail.com");
INSERT INTO Reservations(ID, StartDate, EndDate, NumGuests, CustomerID, Source, BookedAt) VALUES(1678, '2021-09-04', '2021-09-05', 5, 1678, 'OTA', '2020-12-28 02:48:10');
INSERT INTO Occupancies(RoomNo, Date, ResID) VALUES (102, '2021-09-04', 1678);
#1679
INSERT INTO Customers(Fname, Lname, Phone, Email) VALUES ("Minerva", "Parisian", '316-647-8772', "Minerva_Parisian@gmail.com");
INSERT INTO Reservations(ID, StartDate, EndDate, NumGuests, CustomerID, Source, BookedAt) VALUES(1679, '2020-11-14', '2020-11-19', 1, 1679, 'direct', '2020-12-28 02:48:10');
INSERT INTO Occupancies(RoomNo, Date, ResID) VALUES (201, '2020-11-14', 1679);
INSERT INTO Occupancies(RoomNo, Date, ResID) VALUES (201, '2020-11-15', 1679);
INSERT INTO Occupancies(RoomNo, Date, ResID) VALUES (201, '2020-11-16', 1679);
INSERT INTO Occupancies(RoomNo, Date, ResID) VALUES (201, '2020-11-17', 1679);
INSERT INTO Occupancies(RoomNo, Date, ResID) VALUES (201, '2020-11-18', 1679);
#1680
INSERT INTO Customers(Fname, Lname, Phone, Email) VALUES ("Bryce", "Aufderhar", '885-665-4192', "Bryce_Aufderhar@gmail.com");
INSERT INTO Reservations(ID, StartDate, EndDate, NumGuests, CustomerID, Source, BookedAt) VALUES(1680, '2021-07-02', '2021-07-03', 1, 1680, 'direct', '2020-12-28 02:48:10');
INSERT INTO Occupancies(RoomNo, Date, ResID) VALUES (504, '2021-07-02', 1680);
#1681
INSERT INTO Customers(Fname, Lname, Phone, Email) VALUES ("Dulce", "Stroman", '951-644-2314', "Dulce_Stroman@gmail.com");
INSERT INTO Reservations(ID, StartDate, EndDate, NumGuests, CustomerID, Source, BookedAt) VALUES(1681, '2021-11-23', '2021-11-24', 4, 1681, 'direct', '2020-12-28 02:48:10');
INSERT INTO Occupancies(RoomNo, Date, ResID) VALUES (406, '2021-11-23', 1681);
#1682
INSERT INTO Customers(Fname, Lname, Phone, Email) VALUES ("Freda", "Barrows", '347-487-3075', "Freda_Barrows@gmail.com");
INSERT INTO Reservations(ID, StartDate, EndDate, NumGuests, CustomerID, Source, BookedAt) VALUES(1682, '2020-08-06', '2020-08-10', 3, 1682, 'corporate', '2020-12-28 02:48:10');
INSERT INTO Occupancies(RoomNo, Date, ResID) VALUES (403, '2020-08-06', 1682);
INSERT INTO Occupancies(RoomNo, Date, ResID) VALUES (403, '2020-08-07', 1682);
INSERT INTO Occupancies(RoomNo, Date, ResID) VALUES (403, '2020-08-08', 1682);
INSERT INTO Occupancies(RoomNo, Date, ResID) VALUES (403, '2020-08-09', 1682);
#1683
INSERT INTO Customers(Fname, Lname, Phone, Email) VALUES ("Alec", "Kuhn", '591-704-4108', "Alec_Kuhn@gmail.com");
INSERT INTO Reservations(ID, StartDate, EndDate, NumGuests, CustomerID, Source, BookedAt) VALUES(1683, '2020-11-02', '2020-11-04', 5, 1683, 'corporate', '2020-12-28 02:48:10');
INSERT INTO Occupancies(RoomNo, Date, ResID) VALUES (104, '2020-11-02', 1683);
INSERT INTO Occupancies(RoomNo, Date, ResID) VALUES (104, '2020-11-03', 1683);
#1684
INSERT INTO Customers(Fname, Lname, Phone, Email) VALUES ("Georgianna", "West", '497-771-8399', "Georgianna_West@gmail.com");
INSERT INTO Reservations(ID, StartDate, EndDate, NumGuests, CustomerID, Source, BookedAt) VALUES(1684, '2020-11-30', '2020-12-02', 5, 1684, 'OTA', '2020-12-28 02:48:10');
INSERT INTO Occupancies(RoomNo, Date, ResID) VALUES (305, '2020-11-30', 1684);
INSERT INTO Occupancies(RoomNo, Date, ResID) VALUES (305, '2020-12-01', 1684);
#1685
INSERT INTO Customers(Fname, Lname, Phone, Email) VALUES ("Antonette", "Reynolds", '922-675-5557', "Antonette_Reynolds@gmail.com");
INSERT INTO Reservations(ID, StartDate, EndDate, NumGuests, CustomerID, Source, BookedAt) VALUES(1685, '2020-01-05', '2020-01-10', 1, 1685, 'direct', '2020-12-28 02:48:10');
INSERT INTO Occupancies(RoomNo, Date, ResID) VALUES (304, '2020-01-05', 1685);
INSERT INTO Occupancies(RoomNo, Date, ResID) VALUES (304, '2020-01-06', 1685);
INSERT INTO Occupancies(RoomNo, Date, ResID) VALUES (304, '2020-01-07', 1685);
INSERT INTO Occupancies(RoomNo, Date, ResID) VALUES (304, '2020-01-08', 1685);
INSERT INTO Occupancies(RoomNo, Date, ResID) VALUES (304, '2020-01-09', 1685);
#1686
INSERT INTO Customers(Fname, Lname, Phone, Email) VALUES ("Lukas", "Haag", '675-705-2843', "Lukas_Haag@gmail.com");
INSERT INTO Reservations(ID, StartDate, EndDate, NumGuests, CustomerID, Source, BookedAt) VALUES(1686, '2020-12-05', '2020-12-06', 2, 1686, 'direct', '2020-12-28 02:48:10');
INSERT INTO Occupancies(RoomNo, Date, ResID) VALUES (406, '2020-12-05', 1686);
#1687
INSERT INTO Customers(Fname, Lname, Phone, Email) VALUES ("Chadrick", "Bradtke", '399-330-1281', "Chadrick_Bradtke@gmail.com");
INSERT INTO Reservations(ID, StartDate, EndDate, NumGuests, CustomerID, Source, BookedAt) VALUES(1687, '2021-02-02', '2021-02-04', 5, 1687, 'direct', '2020-12-28 02:48:10');
INSERT INTO Occupancies(RoomNo, Date, ResID) VALUES (305, '2021-02-02', 1687);
INSERT INTO Occupancies(RoomNo, Date, ResID) VALUES (305, '2021-02-03', 1687);
#1688
INSERT INTO Customers(Fname, Lname, Phone, Email) VALUES ("Sean", "Lockman", '366-431-6951', "Sean_Lockman@gmail.com");
INSERT INTO Reservations(ID, StartDate, EndDate, NumGuests, CustomerID, Source, BookedAt) VALUES(1688, '2020-09-13', '2020-09-17', 2, 1688, 'direct', '2020-12-28 02:48:10');
INSERT INTO Occupancies(RoomNo, Date, ResID) VALUES (203, '2020-09-13', 1688);
INSERT INTO Occupancies(RoomNo, Date, ResID) VALUES (203, '2020-09-14', 1688);
INSERT INTO Occupancies(RoomNo, Date, ResID) VALUES (203, '2020-09-15', 1688);
INSERT INTO Occupancies(RoomNo, Date, ResID) VALUES (203, '2020-09-16', 1688);
#1689
INSERT INTO Customers(Fname, Lname, Phone, Email) VALUES ("Hallie", "Lehner", '685-891-2560', "Hallie_Lehner@gmail.com");
INSERT INTO Reservations(ID, StartDate, EndDate, NumGuests, CustomerID, Source, BookedAt) VALUES(1689, '2020-02-25', '2020-02-28', 5, 1689, 'corporate', '2020-12-28 02:48:10');
INSERT INTO Occupancies(RoomNo, Date, ResID) VALUES (302, '2020-02-25', 1689);
INSERT INTO Occupancies(RoomNo, Date, ResID) VALUES (302, '2020-02-26', 1689);
INSERT INTO Occupancies(RoomNo, Date, ResID) VALUES (302, '2020-02-27', 1689);
#1690
INSERT INTO Customers(Fname, Lname, Phone, Email) VALUES ("Griffin", "Langosh", '556-485-1217', "Griffin_Langosh@gmail.com");
INSERT INTO Reservations(ID, StartDate, EndDate, NumGuests, CustomerID, Source, BookedAt) VALUES(1690, '2020-11-18', '2020-11-22', 2, 1690, 'agency', '2020-12-28 02:48:10');
INSERT INTO Occupancies(RoomNo, Date, ResID) VALUES (305, '2020-11-18', 1690);
INSERT INTO Occupancies(RoomNo, Date, ResID) VALUES (305, '2020-11-19', 1690);
INSERT INTO Occupancies(RoomNo, Date, ResID) VALUES (305, '2020-11-20', 1690);
INSERT INTO Occupancies(RoomNo, Date, ResID) VALUES (305, '2020-11-21', 1690);
#1691
INSERT INTO Customers(Fname, Lname, Phone, Email) VALUES ("Noemie", "Rowe", '534-798-4247', "Noemie_Rowe@gmail.com");
INSERT INTO Reservations(ID, StartDate, EndDate, NumGuests, CustomerID, Source, BookedAt) VALUES(1691, '2021-04-26', '2021-04-30', 1, 1691, 'direct', '2020-12-28 02:48:10');
INSERT INTO Occupancies(RoomNo, Date, ResID) VALUES (405, '2021-04-26', 1691);
INSERT INTO Occupancies(RoomNo, Date, ResID) VALUES (405, '2021-04-27', 1691);
INSERT INTO Occupancies(RoomNo, Date, ResID) VALUES (405, '2021-04-28', 1691);
INSERT INTO Occupancies(RoomNo, Date, ResID) VALUES (405, '2021-04-29', 1691);
#1692
INSERT INTO Customers(Fname, Lname, Phone, Email) VALUES ("Fabian", "Hermiston", '719-270-2065', "Fabian_Hermiston@gmail.com");
INSERT INTO Reservations(ID, StartDate, EndDate, NumGuests, CustomerID, Source, BookedAt) VALUES(1692, '2021-03-07', '2021-03-09', 3, 1692, 'corporate', '2020-12-28 02:48:10');
INSERT INTO Occupancies(RoomNo, Date, ResID) VALUES (402, '2021-03-07', 1692);
INSERT INTO Occupancies(RoomNo, Date, ResID) VALUES (402, '2021-03-08', 1692);
#1693
INSERT INTO Customers(Fname, Lname, Phone, Email) VALUES ("Eva", "Sanford", '446-391-5282', "Eva_Sanford@gmail.com");
INSERT INTO Reservations(ID, StartDate, EndDate, NumGuests, CustomerID, Source, BookedAt) VALUES(1693, '2020-06-20', '2020-06-23', 3, 1693, 'agency', '2020-12-28 02:48:10');
INSERT INTO Occupancies(RoomNo, Date, ResID) VALUES (202, '2020-06-20', 1693);
INSERT INTO Occupancies(RoomNo, Date, ResID) VALUES (202, '2020-06-21', 1693);
INSERT INTO Occupancies(RoomNo, Date, ResID) VALUES (202, '2020-06-22', 1693);
#1694
INSERT INTO Customers(Fname, Lname, Phone, Email) VALUES ("Christa", "Yundt", '635-988-1668', "Christa_Yundt@gmail.com");
INSERT INTO Reservations(ID, StartDate, EndDate, NumGuests, CustomerID, Source, BookedAt) VALUES(1694, '2021-11-30', '2021-12-05', 2, 1694, 'OTA', '2020-12-28 02:48:10');
INSERT INTO Occupancies(RoomNo, Date, ResID) VALUES (205, '2021-11-30', 1694);
INSERT INTO Occupancies(RoomNo, Date, ResID) VALUES (205, '2021-12-01', 1694);
INSERT INTO Occupancies(RoomNo, Date, ResID) VALUES (205, '2021-12-02', 1694);
INSERT INTO Occupancies(RoomNo, Date, ResID) VALUES (205, '2021-12-03', 1694);
INSERT INTO Occupancies(RoomNo, Date, ResID) VALUES (205, '2021-12-04', 1694);
#1695
INSERT INTO Customers(Fname, Lname, Phone, Email) VALUES ("Shane", "Schroeder", '718-840-9761', "Shane_Schroeder@gmail.com");
INSERT INTO Reservations(ID, StartDate, EndDate, NumGuests, CustomerID, Source, BookedAt) VALUES(1695, '2020-06-29', '2020-07-02', 4, 1695, 'corporate', '2020-12-28 02:48:10');
INSERT INTO Occupancies(RoomNo, Date, ResID) VALUES (203, '2020-06-29', 1695);
INSERT INTO Occupancies(RoomNo, Date, ResID) VALUES (203, '2020-06-30', 1695);
INSERT INTO Occupancies(RoomNo, Date, ResID) VALUES (203, '2020-07-01', 1695);
#1696
INSERT INTO Customers(Fname, Lname, Phone, Email) VALUES ("Victoria", "Mills", '412-975-2525', "Victoria_Mills@gmail.com");
INSERT INTO Reservations(ID, StartDate, EndDate, NumGuests, CustomerID, Source, BookedAt) VALUES(1696, '2020-08-13', '2020-08-17', 2, 1696, 'direct', '2020-12-28 02:48:10');
INSERT INTO Occupancies(RoomNo, Date, ResID) VALUES (305, '2020-08-13', 1696);
INSERT INTO Occupancies(RoomNo, Date, ResID) VALUES (305, '2020-08-14', 1696);
INSERT INTO Occupancies(RoomNo, Date, ResID) VALUES (305, '2020-08-15', 1696);
INSERT INTO Occupancies(RoomNo, Date, ResID) VALUES (305, '2020-08-16', 1696);
#1697
INSERT INTO Customers(Fname, Lname, Phone, Email) VALUES ("Katelynn", "Kreiger", '859-248-8577', "Katelynn_Kreiger@gmail.com");
INSERT INTO Reservations(ID, StartDate, EndDate, NumGuests, CustomerID, Source, BookedAt) VALUES(1697, '2020-05-05', '2020-05-10', 2, 1697, 'OTA', '2020-12-28 02:48:10');
INSERT INTO Occupancies(RoomNo, Date, ResID) VALUES (306, '2020-05-05', 1697);
INSERT INTO Occupancies(RoomNo, Date, ResID) VALUES (306, '2020-05-06', 1697);
INSERT INTO Occupancies(RoomNo, Date, ResID) VALUES (306, '2020-05-07', 1697);
INSERT INTO Occupancies(RoomNo, Date, ResID) VALUES (306, '2020-05-08', 1697);
INSERT INTO Occupancies(RoomNo, Date, ResID) VALUES (306, '2020-05-09', 1697);
#1698
INSERT INTO Customers(Fname, Lname, Phone, Email) VALUES ("Mandy", "Reichel", '446-969-0832', "Mandy_Reichel@gmail.com");
INSERT INTO Reservations(ID, StartDate, EndDate, NumGuests, CustomerID, Source, BookedAt) VALUES(1698, '2019-12-29', '2019-12-30', 3, 1698, 'corporate', '2020-12-28 02:48:10');
INSERT INTO Occupancies(RoomNo, Date, ResID) VALUES (501, '2019-12-29', 1698);
#1699
INSERT INTO Customers(Fname, Lname, Phone, Email) VALUES ("Bria", "Lemke", '943-388-5133', "Bria_Lemke@gmail.com");
INSERT INTO Reservations(ID, StartDate, EndDate, NumGuests, CustomerID, Source, BookedAt) VALUES(1699, '2021-05-28', '2021-05-31', 2, 1699, 'OTA', '2020-12-28 02:48:10');
INSERT INTO Occupancies(RoomNo, Date, ResID) VALUES (204, '2021-05-28', 1699);
INSERT INTO Occupancies(RoomNo, Date, ResID) VALUES (204, '2021-05-29', 1699);
INSERT INTO Occupancies(RoomNo, Date, ResID) VALUES (204, '2021-05-30', 1699);
#1700
INSERT INTO Customers(Fname, Lname, Phone, Email) VALUES ("Annabelle", "Simonis", '929-651-4981', "Annabelle_Simonis@gmail.com");
INSERT INTO Reservations(ID, StartDate, EndDate, NumGuests, CustomerID, Source, BookedAt) VALUES(1700, '2020-05-26', '2020-05-27', 5, 1700, 'agency', '2020-12-28 02:48:10');
INSERT INTO Occupancies(RoomNo, Date, ResID) VALUES (103, '2020-05-26', 1700);
#1701
INSERT INTO Customers(Fname, Lname, Phone, Email) VALUES ("Tyrel", "Braun", '522-766-9711', "Tyrel_Braun@gmail.com");
INSERT INTO Reservations(ID, StartDate, EndDate, NumGuests, CustomerID, Source, BookedAt) VALUES(1701, '2020-05-26', '2020-05-27', 1, 1701, 'agency', '2020-12-28 02:48:10');
INSERT INTO Occupancies(RoomNo, Date, ResID) VALUES (303, '2020-05-26', 1701);
#1702
INSERT INTO Customers(Fname, Lname, Phone, Email) VALUES ("Vito", "Schuppe", '625-601-3247', "Vito_Schuppe@gmail.com");
INSERT INTO Reservations(ID, StartDate, EndDate, NumGuests, CustomerID, Source, BookedAt) VALUES(1702, '2020-06-08', '2020-06-11', 2, 1702, 'OTA', '2020-12-28 02:48:10');
INSERT INTO Occupancies(RoomNo, Date, ResID) VALUES (103, '2020-06-08', 1702);
INSERT INTO Occupancies(RoomNo, Date, ResID) VALUES (103, '2020-06-09', 1702);
INSERT INTO Occupancies(RoomNo, Date, ResID) VALUES (103, '2020-06-10', 1702);
#1703
INSERT INTO Customers(Fname, Lname, Phone, Email) VALUES ("Dedric", "Schimmel", '532-875-5654', "Dedric_Schimmel@gmail.com");
INSERT INTO Reservations(ID, StartDate, EndDate, NumGuests, CustomerID, Source, BookedAt) VALUES(1703, '2020-07-21', '2020-07-24', 4, 1703, 'corporate', '2020-12-28 02:48:10');
INSERT INTO Occupancies(RoomNo, Date, ResID) VALUES (201, '2020-07-21', 1703);
INSERT INTO Occupancies(RoomNo, Date, ResID) VALUES (201, '2020-07-22', 1703);
INSERT INTO Occupancies(RoomNo, Date, ResID) VALUES (201, '2020-07-23', 1703);
#1704
INSERT INTO Customers(Fname, Lname, Phone, Email) VALUES ("Makenzie", "Monahan", '353-230-4241', "Makenzie_Monahan@gmail.com");
INSERT INTO Reservations(ID, StartDate, EndDate, NumGuests, CustomerID, Source, BookedAt) VALUES(1704, '2020-11-26', '2020-11-30', 3, 1704, 'direct', '2020-12-28 02:48:10');
INSERT INTO Occupancies(RoomNo, Date, ResID) VALUES (406, '2020-11-26', 1704);
INSERT INTO Occupancies(RoomNo, Date, ResID) VALUES (406, '2020-11-27', 1704);
INSERT INTO Occupancies(RoomNo, Date, ResID) VALUES (406, '2020-11-28', 1704);
INSERT INTO Occupancies(RoomNo, Date, ResID) VALUES (406, '2020-11-29', 1704);
#1705
INSERT INTO Customers(Fname, Lname, Phone, Email) VALUES ("Michelle", "Wiza", '993-559-0177', "Michelle_Wiza@gmail.com");
INSERT INTO Reservations(ID, StartDate, EndDate, NumGuests, CustomerID, Source, BookedAt) VALUES(1705, '2020-05-04', '2020-05-06', 2, 1705, 'corporate', '2020-12-28 02:48:10');
INSERT INTO Occupancies(RoomNo, Date, ResID) VALUES (405, '2020-05-04', 1705);
INSERT INTO Occupancies(RoomNo, Date, ResID) VALUES (405, '2020-05-05', 1705);
#1706
INSERT INTO Customers(Fname, Lname, Phone, Email) VALUES ("Mallie", "Goyette", '608-792-6063', "Mallie_Goyette@gmail.com");
INSERT INTO Reservations(ID, StartDate, EndDate, NumGuests, CustomerID, Source, BookedAt) VALUES(1706, '2020-11-07', '2020-11-11', 5, 1706, 'agency', '2020-12-28 02:48:10');
INSERT INTO Occupancies(RoomNo, Date, ResID) VALUES (103, '2020-11-07', 1706);
INSERT INTO Occupancies(RoomNo, Date, ResID) VALUES (103, '2020-11-08', 1706);
INSERT INTO Occupancies(RoomNo, Date, ResID) VALUES (103, '2020-11-09', 1706);
INSERT INTO Occupancies(RoomNo, Date, ResID) VALUES (103, '2020-11-10', 1706);
#1707
INSERT INTO Customers(Fname, Lname, Phone, Email) VALUES ("Arvid", "Kris", '779-981-3729', "Arvid_Kris@gmail.com");
INSERT INTO Reservations(ID, StartDate, EndDate, NumGuests, CustomerID, Source, BookedAt) VALUES(1707, '2020-10-16', '2020-10-18', 2, 1707, 'corporate', '2020-12-28 02:48:10');
INSERT INTO Occupancies(RoomNo, Date, ResID) VALUES (201, '2020-10-16', 1707);
INSERT INTO Occupancies(RoomNo, Date, ResID) VALUES (201, '2020-10-17', 1707);
#1708
INSERT INTO Customers(Fname, Lname, Phone, Email) VALUES ("Simeon", "Breitenberg", '703-836-6511', "Simeon_Breitenberg@gmail.com");
INSERT INTO Reservations(ID, StartDate, EndDate, NumGuests, CustomerID, Source, BookedAt) VALUES(1708, '2020-05-01', '2020-05-03', 2, 1708, 'agency', '2020-12-28 02:48:10');
INSERT INTO Occupancies(RoomNo, Date, ResID) VALUES (201, '2020-05-01', 1708);
INSERT INTO Occupancies(RoomNo, Date, ResID) VALUES (201, '2020-05-02', 1708);
#1709
INSERT INTO Customers(Fname, Lname, Phone, Email) VALUES ("Yadira", "Torphy", '761-883-3546', "Yadira_Torphy@gmail.com");
INSERT INTO Reservations(ID, StartDate, EndDate, NumGuests, CustomerID, Source, BookedAt) VALUES(1709, '2020-06-06', '2020-06-09', 2, 1709, 'corporate', '2020-12-28 02:48:10');
INSERT INTO Occupancies(RoomNo, Date, ResID) VALUES (202, '2020-06-06', 1709);
INSERT INTO Occupancies(RoomNo, Date, ResID) VALUES (202, '2020-06-07', 1709);
INSERT INTO Occupancies(RoomNo, Date, ResID) VALUES (202, '2020-06-08', 1709);
#1710
INSERT INTO Customers(Fname, Lname, Phone, Email) VALUES ("Elsie", "White", '514-801-9481', "Elsie_White@gmail.com");
INSERT INTO Reservations(ID, StartDate, EndDate, NumGuests, CustomerID, Source, BookedAt) VALUES(1710, '2021-03-09', '2021-03-10', 2, 1710, 'direct', '2020-12-28 02:48:10');
INSERT INTO Occupancies(RoomNo, Date, ResID) VALUES (105, '2021-03-09', 1710);
#1711
INSERT INTO Customers(Fname, Lname, Phone, Email) VALUES ("Jermain", "Zulauf", '386-469-0829', "Jermain_Zulauf@gmail.com");
INSERT INTO Reservations(ID, StartDate, EndDate, NumGuests, CustomerID, Source, BookedAt) VALUES(1711, '2020-10-23', '2020-10-27', 2, 1711, 'direct', '2020-12-28 02:48:10');
INSERT INTO Occupancies(RoomNo, Date, ResID) VALUES (203, '2020-10-23', 1711);
INSERT INTO Occupancies(RoomNo, Date, ResID) VALUES (203, '2020-10-24', 1711);
INSERT INTO Occupancies(RoomNo, Date, ResID) VALUES (203, '2020-10-25', 1711);
INSERT INTO Occupancies(RoomNo, Date, ResID) VALUES (203, '2020-10-26', 1711);
#1712
INSERT INTO Customers(Fname, Lname, Phone, Email) VALUES ("Lulu", "Conn", '791-554-5568', "Lulu_Conn@gmail.com");
INSERT INTO Reservations(ID, StartDate, EndDate, NumGuests, CustomerID, Source, BookedAt) VALUES(1712, '2020-07-08', '2020-07-12', 4, 1712, 'agency', '2020-12-28 02:48:10');
INSERT INTO Occupancies(RoomNo, Date, ResID) VALUES (103, '2020-07-08', 1712);
INSERT INTO Occupancies(RoomNo, Date, ResID) VALUES (103, '2020-07-09', 1712);
INSERT INTO Occupancies(RoomNo, Date, ResID) VALUES (103, '2020-07-10', 1712);
INSERT INTO Occupancies(RoomNo, Date, ResID) VALUES (103, '2020-07-11', 1712);
#1713
INSERT INTO Customers(Fname, Lname, Phone, Email) VALUES ("Arnoldo", "Boyer", '841-357-4661', "Arnoldo_Boyer@gmail.com");
INSERT INTO Reservations(ID, StartDate, EndDate, NumGuests, CustomerID, Source, BookedAt) VALUES(1713, '2021-08-17', '2021-08-20', 4, 1713, 'OTA', '2020-12-28 02:48:10');
INSERT INTO Occupancies(RoomNo, Date, ResID) VALUES (406, '2021-08-17', 1713);
INSERT INTO Occupancies(RoomNo, Date, ResID) VALUES (406, '2021-08-18', 1713);
INSERT INTO Occupancies(RoomNo, Date, ResID) VALUES (406, '2021-08-19', 1713);
#1714
INSERT INTO Customers(Fname, Lname, Phone, Email) VALUES ("Kendra", "Prosacco", '470-728-0582', "Kendra_Prosacco@gmail.com");
INSERT INTO Reservations(ID, StartDate, EndDate, NumGuests, CustomerID, Source, BookedAt) VALUES(1714, '2020-11-12', '2020-11-13', 3, 1714, 'corporate', '2020-12-28 02:48:10');
INSERT INTO Occupancies(RoomNo, Date, ResID) VALUES (306, '2020-11-12', 1714);
#1715
INSERT INTO Customers(Fname, Lname, Phone, Email) VALUES ("Candice", "Collier", '456-654-0855', "Candice_Collier@gmail.com");
INSERT INTO Reservations(ID, StartDate, EndDate, NumGuests, CustomerID, Source, BookedAt) VALUES(1715, '2020-12-01', '2020-12-05', 1, 1715, 'agency', '2020-12-28 02:48:10');
INSERT INTO Occupancies(RoomNo, Date, ResID) VALUES (304, '2020-12-01', 1715);
INSERT INTO Occupancies(RoomNo, Date, ResID) VALUES (304, '2020-12-02', 1715);
INSERT INTO Occupancies(RoomNo, Date, ResID) VALUES (304, '2020-12-03', 1715);
INSERT INTO Occupancies(RoomNo, Date, ResID) VALUES (304, '2020-12-04', 1715);
#1716
INSERT INTO Customers(Fname, Lname, Phone, Email) VALUES ("Addie", "Robel", '534-566-5142', "Addie_Robel@gmail.com");
INSERT INTO Reservations(ID, StartDate, EndDate, NumGuests, CustomerID, Source, BookedAt) VALUES(1716, '2020-07-05', '2020-07-06', 2, 1716, 'OTA', '2020-12-28 02:48:10');
INSERT INTO Occupancies(RoomNo, Date, ResID) VALUES (201, '2020-07-05', 1716);
#1717
INSERT INTO Customers(Fname, Lname, Phone, Email) VALUES ("Selina", "Pouros", '380-612-9113', "Selina_Pouros@gmail.com");
INSERT INTO Reservations(ID, StartDate, EndDate, NumGuests, CustomerID, Source, BookedAt) VALUES(1717, '2020-09-13', '2020-09-15', 5, 1717, 'corporate', '2020-12-28 02:48:10');
INSERT INTO Occupancies(RoomNo, Date, ResID) VALUES (502, '2020-09-13', 1717);
INSERT INTO Occupancies(RoomNo, Date, ResID) VALUES (502, '2020-09-14', 1717);
#1718
INSERT INTO Customers(Fname, Lname, Phone, Email) VALUES ("Lessie", "Wisozk", '612-799-2467', "Lessie_Wisozk@gmail.com");
INSERT INTO Reservations(ID, StartDate, EndDate, NumGuests, CustomerID, Source, BookedAt) VALUES(1718, '2020-07-29', '2020-08-03', 1, 1718, 'corporate', '2020-12-28 02:48:10');
INSERT INTO Occupancies(RoomNo, Date, ResID) VALUES (505, '2020-07-29', 1718);
INSERT INTO Occupancies(RoomNo, Date, ResID) VALUES (505, '2020-07-30', 1718);
INSERT INTO Occupancies(RoomNo, Date, ResID) VALUES (505, '2020-07-31', 1718);
INSERT INTO Occupancies(RoomNo, Date, ResID) VALUES (505, '2020-08-01', 1718);
INSERT INTO Occupancies(RoomNo, Date, ResID) VALUES (505, '2020-08-02', 1718);
#1719
INSERT INTO Customers(Fname, Lname, Phone, Email) VALUES ("Zechariah", "Steuber", '363-390-4109', "Zechariah_Steuber@gmail.com");
INSERT INTO Reservations(ID, StartDate, EndDate, NumGuests, CustomerID, Source, BookedAt) VALUES(1719, '2020-04-16', '2020-04-18', 3, 1719, 'direct', '2020-12-28 02:48:10');
INSERT INTO Occupancies(RoomNo, Date, ResID) VALUES (206, '2020-04-16', 1719);
INSERT INTO Occupancies(RoomNo, Date, ResID) VALUES (206, '2020-04-17', 1719);
#1720
INSERT INTO Customers(Fname, Lname, Phone, Email) VALUES ("Willy", "Block", '246-339-9461', "Willy_Block@gmail.com");
INSERT INTO Reservations(ID, StartDate, EndDate, NumGuests, CustomerID, Source, BookedAt) VALUES(1720, '2021-01-27', '2021-02-01', 5, 1720, 'direct', '2020-12-28 02:48:10');
INSERT INTO Occupancies(RoomNo, Date, ResID) VALUES (102, '2021-01-27', 1720);
INSERT INTO Occupancies(RoomNo, Date, ResID) VALUES (102, '2021-01-28', 1720);
INSERT INTO Occupancies(RoomNo, Date, ResID) VALUES (102, '2021-01-29', 1720);
INSERT INTO Occupancies(RoomNo, Date, ResID) VALUES (102, '2021-01-30', 1720);
INSERT INTO Occupancies(RoomNo, Date, ResID) VALUES (102, '2021-01-31', 1720);
#1721
INSERT INTO Customers(Fname, Lname, Phone, Email) VALUES ("Petra", "Ankunding", '961-863-2573', "Petra_Ankunding@gmail.com");
INSERT INTO Reservations(ID, StartDate, EndDate, NumGuests, CustomerID, Source, BookedAt) VALUES(1721, '2020-03-18', '2020-03-19', 2, 1721, 'OTA', '2020-12-28 02:48:10');
INSERT INTO Occupancies(RoomNo, Date, ResID) VALUES (203, '2020-03-18', 1721);
#1722
INSERT INTO Customers(Fname, Lname, Phone, Email) VALUES ("Cletus", "Klein", '507-215-9947', "Cletus_Klein@gmail.com");
INSERT INTO Reservations(ID, StartDate, EndDate, NumGuests, CustomerID, Source, BookedAt) VALUES(1722, '2021-05-10', '2021-05-12', 4, 1722, 'agency', '2020-12-28 02:48:10');
INSERT INTO Occupancies(RoomNo, Date, ResID) VALUES (104, '2021-05-10', 1722);
INSERT INTO Occupancies(RoomNo, Date, ResID) VALUES (104, '2021-05-11', 1722);
#1723
INSERT INTO Customers(Fname, Lname, Phone, Email) VALUES ("Lionel", "Baumbach", '846-370-1511', "Lionel_Baumbach@gmail.com");
INSERT INTO Reservations(ID, StartDate, EndDate, NumGuests, CustomerID, Source, BookedAt) VALUES(1723, '2020-04-03', '2020-04-04', 2, 1723, 'OTA', '2020-12-28 02:48:10');
INSERT INTO Occupancies(RoomNo, Date, ResID) VALUES (202, '2020-04-03', 1723);
#1724
INSERT INTO Customers(Fname, Lname, Phone, Email) VALUES ("Euna", "Feest", '533-553-3576', "Euna_Feest@gmail.com");
INSERT INTO Reservations(ID, StartDate, EndDate, NumGuests, CustomerID, Source, BookedAt) VALUES(1724, '2020-03-17', '2020-03-22', 2, 1724, 'agency', '2020-12-28 02:48:10');
INSERT INTO Occupancies(RoomNo, Date, ResID) VALUES (104, '2020-03-17', 1724);
INSERT INTO Occupancies(RoomNo, Date, ResID) VALUES (104, '2020-03-18', 1724);
INSERT INTO Occupancies(RoomNo, Date, ResID) VALUES (104, '2020-03-19', 1724);
INSERT INTO Occupancies(RoomNo, Date, ResID) VALUES (104, '2020-03-20', 1724);
INSERT INTO Occupancies(RoomNo, Date, ResID) VALUES (104, '2020-03-21', 1724);
#1725
INSERT INTO Customers(Fname, Lname, Phone, Email) VALUES ("Raheem", "Schaefer", '909-563-1842', "Raheem_Schaefer@gmail.com");
INSERT INTO Reservations(ID, StartDate, EndDate, NumGuests, CustomerID, Source, BookedAt) VALUES(1725, '2021-09-22', '2021-09-23', 5, 1725, 'corporate', '2020-12-28 02:48:10');
INSERT INTO Occupancies(RoomNo, Date, ResID) VALUES (202, '2021-09-22', 1725);
#1726
INSERT INTO Customers(Fname, Lname, Phone, Email) VALUES ("Edythe", "Kovacek", '937-991-7764', "Edythe_Kovacek@gmail.com");
INSERT INTO Reservations(ID, StartDate, EndDate, NumGuests, CustomerID, Source, BookedAt) VALUES(1726, '2020-02-02', '2020-02-03', 4, 1726, 'agency', '2020-12-28 02:48:10');
INSERT INTO Occupancies(RoomNo, Date, ResID) VALUES (501, '2020-02-02', 1726);
#1727
INSERT INTO Customers(Fname, Lname, Phone, Email) VALUES ("Hugh", "Reichert", '346-744-5967', "Hugh_Reichert@gmail.com");
INSERT INTO Reservations(ID, StartDate, EndDate, NumGuests, CustomerID, Source, BookedAt) VALUES(1727, '2021-05-07', '2021-05-08', 3, 1727, 'OTA', '2020-12-28 02:48:10');
INSERT INTO Occupancies(RoomNo, Date, ResID) VALUES (206, '2021-05-07', 1727);
#1728
INSERT INTO Customers(Fname, Lname, Phone, Email) VALUES ("Finn", "King", '559-551-7894', "Finn_King@gmail.com");
INSERT INTO Reservations(ID, StartDate, EndDate, NumGuests, CustomerID, Source, BookedAt) VALUES(1728, '2020-06-19', '2020-06-20', 5, 1728, 'OTA', '2020-12-28 02:48:10');
INSERT INTO Occupancies(RoomNo, Date, ResID) VALUES (305, '2020-06-19', 1728);
#1729
INSERT INTO Customers(Fname, Lname, Phone, Email) VALUES ("Roy", "Gerlach", '701-754-7374', "Roy_Gerlach@gmail.com");
INSERT INTO Reservations(ID, StartDate, EndDate, NumGuests, CustomerID, Source, BookedAt) VALUES(1729, '2020-04-02', '2020-04-03', 3, 1729, 'agency', '2020-12-28 02:48:10');
INSERT INTO Occupancies(RoomNo, Date, ResID) VALUES (504, '2020-04-02', 1729);
#1730
INSERT INTO Customers(Fname, Lname, Phone, Email) VALUES ("Blanche", "Bogisich", '401-804-4983', "Blanche_Bogisich@gmail.com");
INSERT INTO Reservations(ID, StartDate, EndDate, NumGuests, CustomerID, Source, BookedAt) VALUES(1730, '2021-10-11', '2021-10-14', 4, 1730, 'corporate', '2020-12-28 02:48:10');
INSERT INTO Occupancies(RoomNo, Date, ResID) VALUES (506, '2021-10-11', 1730);
INSERT INTO Occupancies(RoomNo, Date, ResID) VALUES (506, '2021-10-12', 1730);
INSERT INTO Occupancies(RoomNo, Date, ResID) VALUES (506, '2021-10-13', 1730);
#1731
INSERT INTO Customers(Fname, Lname, Phone, Email) VALUES ("Felicia", "Breitenberg", '219-907-7636', "Felicia_Breitenberg@gmail.com");
INSERT INTO Reservations(ID, StartDate, EndDate, NumGuests, CustomerID, Source, BookedAt) VALUES(1731, '2020-07-17', '2020-07-21', 1, 1731, 'OTA', '2020-12-28 02:48:10');
INSERT INTO Occupancies(RoomNo, Date, ResID) VALUES (201, '2020-07-17', 1731);
INSERT INTO Occupancies(RoomNo, Date, ResID) VALUES (201, '2020-07-18', 1731);
INSERT INTO Occupancies(RoomNo, Date, ResID) VALUES (201, '2020-07-19', 1731);
INSERT INTO Occupancies(RoomNo, Date, ResID) VALUES (201, '2020-07-20', 1731);
#1732
INSERT INTO Customers(Fname, Lname, Phone, Email) VALUES ("Roscoe", "Wehner", '882-619-1977', "Roscoe_Wehner@gmail.com");
INSERT INTO Reservations(ID, StartDate, EndDate, NumGuests, CustomerID, Source, BookedAt) VALUES(1732, '2020-11-09', '2020-11-10', 5, 1732, 'direct', '2020-12-28 02:48:10');
INSERT INTO Occupancies(RoomNo, Date, ResID) VALUES (102, '2020-11-09', 1732);
#1733
INSERT INTO Customers(Fname, Lname, Phone, Email) VALUES ("Nola", "Simonis", '644-296-1683', "Nola_Simonis@gmail.com");
INSERT INTO Reservations(ID, StartDate, EndDate, NumGuests, CustomerID, Source, BookedAt) VALUES(1733, '2020-08-04', '2020-08-09', 3, 1733, 'direct', '2020-12-28 02:48:10');
INSERT INTO Occupancies(RoomNo, Date, ResID) VALUES (305, '2020-08-04', 1733);
INSERT INTO Occupancies(RoomNo, Date, ResID) VALUES (305, '2020-08-05', 1733);
INSERT INTO Occupancies(RoomNo, Date, ResID) VALUES (305, '2020-08-06', 1733);
INSERT INTO Occupancies(RoomNo, Date, ResID) VALUES (305, '2020-08-07', 1733);
INSERT INTO Occupancies(RoomNo, Date, ResID) VALUES (305, '2020-08-08', 1733);
#1734
INSERT INTO Customers(Fname, Lname, Phone, Email) VALUES ("Eileen", "Kreiger", '741-267-0696', "Eileen_Kreiger@gmail.com");
INSERT INTO Reservations(ID, StartDate, EndDate, NumGuests, CustomerID, Source, BookedAt) VALUES(1734, '2020-05-08', '2020-05-12', 5, 1734, 'OTA', '2020-12-28 02:48:10');
INSERT INTO Occupancies(RoomNo, Date, ResID) VALUES (305, '2020-05-08', 1734);
INSERT INTO Occupancies(RoomNo, Date, ResID) VALUES (305, '2020-05-09', 1734);
INSERT INTO Occupancies(RoomNo, Date, ResID) VALUES (305, '2020-05-10', 1734);
INSERT INTO Occupancies(RoomNo, Date, ResID) VALUES (305, '2020-05-11', 1734);
#1735
INSERT INTO Customers(Fname, Lname, Phone, Email) VALUES ("Herminio", "Osinski", '613-973-5193', "Herminio_Osinski@gmail.com");
INSERT INTO Reservations(ID, StartDate, EndDate, NumGuests, CustomerID, Source, BookedAt) VALUES(1735, '2020-02-21', '2020-02-26', 3, 1735, 'corporate', '2020-12-28 02:48:10');
INSERT INTO Occupancies(RoomNo, Date, ResID) VALUES (106, '2020-02-21', 1735);
INSERT INTO Occupancies(RoomNo, Date, ResID) VALUES (106, '2020-02-22', 1735);
INSERT INTO Occupancies(RoomNo, Date, ResID) VALUES (106, '2020-02-23', 1735);
INSERT INTO Occupancies(RoomNo, Date, ResID) VALUES (106, '2020-02-24', 1735);
INSERT INTO Occupancies(RoomNo, Date, ResID) VALUES (106, '2020-02-25', 1735);
#1736
INSERT INTO Customers(Fname, Lname, Phone, Email) VALUES ("Brady", "Frami", '914-937-3445', "Brady_Frami@gmail.com");
INSERT INTO Reservations(ID, StartDate, EndDate, NumGuests, CustomerID, Source, BookedAt) VALUES(1736, '2020-02-26', '2020-02-28', 5, 1736, 'OTA', '2020-12-28 02:48:10');
INSERT INTO Occupancies(RoomNo, Date, ResID) VALUES (105, '2020-02-26', 1736);
INSERT INTO Occupancies(RoomNo, Date, ResID) VALUES (105, '2020-02-27', 1736);
#1737
INSERT INTO Customers(Fname, Lname, Phone, Email) VALUES ("Destiney", "Jacobi", '695-550-3873', "Destiney_Jacobi@gmail.com");
INSERT INTO Reservations(ID, StartDate, EndDate, NumGuests, CustomerID, Source, BookedAt) VALUES(1737, '2021-08-26', '2021-08-31', 2, 1737, 'OTA', '2020-12-28 02:48:10');
INSERT INTO Occupancies(RoomNo, Date, ResID) VALUES (502, '2021-08-26', 1737);
INSERT INTO Occupancies(RoomNo, Date, ResID) VALUES (502, '2021-08-27', 1737);
INSERT INTO Occupancies(RoomNo, Date, ResID) VALUES (502, '2021-08-28', 1737);
INSERT INTO Occupancies(RoomNo, Date, ResID) VALUES (502, '2021-08-29', 1737);
INSERT INTO Occupancies(RoomNo, Date, ResID) VALUES (502, '2021-08-30', 1737);
#1738
INSERT INTO Customers(Fname, Lname, Phone, Email) VALUES ("Keara", "Dickinson", '907-210-5161', "Keara_Dickinson@gmail.com");
INSERT INTO Reservations(ID, StartDate, EndDate, NumGuests, CustomerID, Source, BookedAt) VALUES(1738, '2020-08-29', '2020-08-31', 5, 1738, 'direct', '2020-12-28 02:48:10');
INSERT INTO Occupancies(RoomNo, Date, ResID) VALUES (102, '2020-08-29', 1738);
INSERT INTO Occupancies(RoomNo, Date, ResID) VALUES (102, '2020-08-30', 1738);
#1739
INSERT INTO Customers(Fname, Lname, Phone, Email) VALUES ("Lexie", "Cummings", '868-303-5649', "Lexie_Cummings@gmail.com");
INSERT INTO Reservations(ID, StartDate, EndDate, NumGuests, CustomerID, Source, BookedAt) VALUES(1739, '2020-11-09', '2020-11-11', 4, 1739, 'agency', '2020-12-28 02:48:10');
INSERT INTO Occupancies(RoomNo, Date, ResID) VALUES (501, '2020-11-09', 1739);
INSERT INTO Occupancies(RoomNo, Date, ResID) VALUES (501, '2020-11-10', 1739);
#1740
INSERT INTO Customers(Fname, Lname, Phone, Email) VALUES ("Richmond", "McKenzie", '247-824-8570', "Richmond_McKenzie@gmail.com");
INSERT INTO Reservations(ID, StartDate, EndDate, NumGuests, CustomerID, Source, BookedAt) VALUES(1740, '2020-11-11', '2020-11-13', 5, 1740, 'direct', '2020-12-28 02:48:10');
INSERT INTO Occupancies(RoomNo, Date, ResID) VALUES (404, '2020-11-11', 1740);
INSERT INTO Occupancies(RoomNo, Date, ResID) VALUES (404, '2020-11-12', 1740);
#1741
INSERT INTO Customers(Fname, Lname, Phone, Email) VALUES ("Chanel", "Jaskolski", '794-330-0679', "Chanel_Jaskolski@gmail.com");
INSERT INTO Reservations(ID, StartDate, EndDate, NumGuests, CustomerID, Source, BookedAt) VALUES(1741, '2020-03-31', '2020-04-03', 1, 1741, 'OTA', '2020-12-28 02:48:10');
INSERT INTO Occupancies(RoomNo, Date, ResID) VALUES (502, '2020-03-31', 1741);
INSERT INTO Occupancies(RoomNo, Date, ResID) VALUES (502, '2020-04-01', 1741);
INSERT INTO Occupancies(RoomNo, Date, ResID) VALUES (502, '2020-04-02', 1741);
#1742
INSERT INTO Customers(Fname, Lname, Phone, Email) VALUES ("Mireya", "Murazik", '220-303-1257', "Mireya_Murazik@gmail.com");
INSERT INTO Reservations(ID, StartDate, EndDate, NumGuests, CustomerID, Source, BookedAt) VALUES(1742, '2021-03-26', '2021-03-30', 2, 1742, 'corporate', '2020-12-28 02:48:10');
INSERT INTO Occupancies(RoomNo, Date, ResID) VALUES (504, '2021-03-26', 1742);
INSERT INTO Occupancies(RoomNo, Date, ResID) VALUES (504, '2021-03-27', 1742);
INSERT INTO Occupancies(RoomNo, Date, ResID) VALUES (504, '2021-03-28', 1742);
INSERT INTO Occupancies(RoomNo, Date, ResID) VALUES (504, '2021-03-29', 1742);
#1743
INSERT INTO Customers(Fname, Lname, Phone, Email) VALUES ("Alberta", "Gerlach", '636-346-3356', "Alberta_Gerlach@gmail.com");
INSERT INTO Reservations(ID, StartDate, EndDate, NumGuests, CustomerID, Source, BookedAt) VALUES(1743, '2020-07-21', '2020-07-26', 3, 1743, 'agency', '2020-12-28 02:48:10');
INSERT INTO Occupancies(RoomNo, Date, ResID) VALUES (501, '2020-07-21', 1743);
INSERT INTO Occupancies(RoomNo, Date, ResID) VALUES (501, '2020-07-22', 1743);
INSERT INTO Occupancies(RoomNo, Date, ResID) VALUES (501, '2020-07-23', 1743);
INSERT INTO Occupancies(RoomNo, Date, ResID) VALUES (501, '2020-07-24', 1743);
INSERT INTO Occupancies(RoomNo, Date, ResID) VALUES (501, '2020-07-25', 1743);
#1744
INSERT INTO Customers(Fname, Lname, Phone, Email) VALUES ("Dee", "Kilback", '708-382-0487', "Dee_Kilback@gmail.com");
INSERT INTO Reservations(ID, StartDate, EndDate, NumGuests, CustomerID, Source, BookedAt) VALUES(1744, '2020-04-27', '2020-05-02', 1, 1744, 'direct', '2020-12-28 02:48:10');
INSERT INTO Occupancies(RoomNo, Date, ResID) VALUES (205, '2020-04-27', 1744);
INSERT INTO Occupancies(RoomNo, Date, ResID) VALUES (205, '2020-04-28', 1744);
INSERT INTO Occupancies(RoomNo, Date, ResID) VALUES (205, '2020-04-29', 1744);
INSERT INTO Occupancies(RoomNo, Date, ResID) VALUES (205, '2020-04-30', 1744);
INSERT INTO Occupancies(RoomNo, Date, ResID) VALUES (205, '2020-05-01', 1744);
#1745
INSERT INTO Customers(Fname, Lname, Phone, Email) VALUES ("Chasity", "Hoppe", '567-471-2124', "Chasity_Hoppe@gmail.com");
INSERT INTO Reservations(ID, StartDate, EndDate, NumGuests, CustomerID, Source, BookedAt) VALUES(1745, '2021-01-09', '2021-01-13', 2, 1745, 'OTA', '2020-12-28 02:48:10');
INSERT INTO Occupancies(RoomNo, Date, ResID) VALUES (205, '2021-01-09', 1745);
INSERT INTO Occupancies(RoomNo, Date, ResID) VALUES (205, '2021-01-10', 1745);
INSERT INTO Occupancies(RoomNo, Date, ResID) VALUES (205, '2021-01-11', 1745);
INSERT INTO Occupancies(RoomNo, Date, ResID) VALUES (205, '2021-01-12', 1745);
#1746
INSERT INTO Customers(Fname, Lname, Phone, Email) VALUES ("Maximillian", "Buckridge", '637-922-1805', "Maximillian_Buckridge@gmail.com");
INSERT INTO Reservations(ID, StartDate, EndDate, NumGuests, CustomerID, Source, BookedAt) VALUES(1746, '2020-11-13', '2020-11-16', 1, 1746, 'agency', '2020-12-28 02:48:10');
INSERT INTO Occupancies(RoomNo, Date, ResID) VALUES (202, '2020-11-13', 1746);
INSERT INTO Occupancies(RoomNo, Date, ResID) VALUES (202, '2020-11-14', 1746);
INSERT INTO Occupancies(RoomNo, Date, ResID) VALUES (202, '2020-11-15', 1746);
#1747
INSERT INTO Customers(Fname, Lname, Phone, Email) VALUES ("Hollis", "Blanda", '933-798-4400', "Hollis_Blanda@gmail.com");
INSERT INTO Reservations(ID, StartDate, EndDate, NumGuests, CustomerID, Source, BookedAt) VALUES(1747, '2021-06-09', '2021-06-11', 5, 1747, 'direct', '2020-12-28 02:48:10');
INSERT INTO Occupancies(RoomNo, Date, ResID) VALUES (405, '2021-06-09', 1747);
INSERT INTO Occupancies(RoomNo, Date, ResID) VALUES (405, '2021-06-10', 1747);
#1748
INSERT INTO Customers(Fname, Lname, Phone, Email) VALUES ("Tiara", "Howell", '208-320-8922', "Tiara_Howell@gmail.com");
INSERT INTO Reservations(ID, StartDate, EndDate, NumGuests, CustomerID, Source, BookedAt) VALUES(1748, '2020-10-27', '2020-10-28', 5, 1748, 'direct', '2020-12-28 02:48:10');
INSERT INTO Occupancies(RoomNo, Date, ResID) VALUES (304, '2020-10-27', 1748);
#1749
INSERT INTO Customers(Fname, Lname, Phone, Email) VALUES ("Raven", "Muller", '548-252-6144', "Raven_Muller@gmail.com");
INSERT INTO Reservations(ID, StartDate, EndDate, NumGuests, CustomerID, Source, BookedAt) VALUES(1749, '2021-12-18', '2021-12-23', 3, 1749, 'agency', '2020-12-28 02:48:10');
INSERT INTO Occupancies(RoomNo, Date, ResID) VALUES (203, '2021-12-18', 1749);
INSERT INTO Occupancies(RoomNo, Date, ResID) VALUES (203, '2021-12-19', 1749);
INSERT INTO Occupancies(RoomNo, Date, ResID) VALUES (203, '2021-12-20', 1749);
INSERT INTO Occupancies(RoomNo, Date, ResID) VALUES (203, '2021-12-21', 1749);
INSERT INTO Occupancies(RoomNo, Date, ResID) VALUES (203, '2021-12-22', 1749);
#1750
INSERT INTO Customers(Fname, Lname, Phone, Email) VALUES ("Ethelyn", "Kreiger", '200-711-8862', "Ethelyn_Kreiger@gmail.com");
INSERT INTO Reservations(ID, StartDate, EndDate, NumGuests, CustomerID, Source, BookedAt) VALUES(1750, '2020-12-01', '2020-12-02', 5, 1750, 'corporate', '2020-12-28 02:48:10');
INSERT INTO Occupancies(RoomNo, Date, ResID) VALUES (203, '2020-12-01', 1750);
#1751
INSERT INTO Customers(Fname, Lname, Phone, Email) VALUES ("Mattie", "Douglas", '374-824-8267', "Mattie_Douglas@gmail.com");
INSERT INTO Reservations(ID, StartDate, EndDate, NumGuests, CustomerID, Source, BookedAt) VALUES(1751, '2020-12-23', '2020-12-24', 4, 1751, 'direct', '2020-12-28 02:48:10');
INSERT INTO Occupancies(RoomNo, Date, ResID) VALUES (401, '2020-12-23', 1751);
#1752
INSERT INTO Customers(Fname, Lname, Phone, Email) VALUES ("Annie", "Daugherty", '375-211-2644', "Annie_Daugherty@gmail.com");
INSERT INTO Reservations(ID, StartDate, EndDate, NumGuests, CustomerID, Source, BookedAt) VALUES(1752, '2021-12-26', '2021-12-28', 1, 1752, 'direct', '2020-12-28 02:48:10');
INSERT INTO Occupancies(RoomNo, Date, ResID) VALUES (505, '2021-12-26', 1752);
INSERT INTO Occupancies(RoomNo, Date, ResID) VALUES (505, '2021-12-27', 1752);
#1753
INSERT INTO Customers(Fname, Lname, Phone, Email) VALUES ("Vernie", "Windler", '567-804-7179', "Vernie_Windler@gmail.com");
INSERT INTO Reservations(ID, StartDate, EndDate, NumGuests, CustomerID, Source, BookedAt) VALUES(1753, '2020-01-31', '2020-02-03', 4, 1753, 'OTA', '2020-12-28 02:48:10');
INSERT INTO Occupancies(RoomNo, Date, ResID) VALUES (103, '2020-01-31', 1753);
INSERT INTO Occupancies(RoomNo, Date, ResID) VALUES (103, '2020-02-01', 1753);
INSERT INTO Occupancies(RoomNo, Date, ResID) VALUES (103, '2020-02-02', 1753);
#1754
INSERT INTO Customers(Fname, Lname, Phone, Email) VALUES ("Raquel", "Welch", '643-920-5013', "Raquel_Welch@gmail.com");
INSERT INTO Reservations(ID, StartDate, EndDate, NumGuests, CustomerID, Source, BookedAt) VALUES(1754, '2021-11-12', '2021-11-16', 2, 1754, 'OTA', '2020-12-28 02:48:10');
INSERT INTO Occupancies(RoomNo, Date, ResID) VALUES (303, '2021-11-12', 1754);
INSERT INTO Occupancies(RoomNo, Date, ResID) VALUES (303, '2021-11-13', 1754);
INSERT INTO Occupancies(RoomNo, Date, ResID) VALUES (303, '2021-11-14', 1754);
INSERT INTO Occupancies(RoomNo, Date, ResID) VALUES (303, '2021-11-15', 1754);
#1755
INSERT INTO Customers(Fname, Lname, Phone, Email) VALUES ("Josie", "Paucek", '485-686-7008', "Josie_Paucek@gmail.com");
INSERT INTO Reservations(ID, StartDate, EndDate, NumGuests, CustomerID, Source, BookedAt) VALUES(1755, '2020-06-19', '2020-06-22', 5, 1755, 'corporate', '2020-12-28 02:48:10');
INSERT INTO Occupancies(RoomNo, Date, ResID) VALUES (303, '2020-06-19', 1755);
INSERT INTO Occupancies(RoomNo, Date, ResID) VALUES (303, '2020-06-20', 1755);
INSERT INTO Occupancies(RoomNo, Date, ResID) VALUES (303, '2020-06-21', 1755);
#1756
INSERT INTO Customers(Fname, Lname, Phone, Email) VALUES ("Renee", "Kerluke", '722-718-6354', "Renee_Kerluke@gmail.com");
INSERT INTO Reservations(ID, StartDate, EndDate, NumGuests, CustomerID, Source, BookedAt) VALUES(1756, '2020-06-20', '2020-06-23', 2, 1756, 'direct', '2020-12-28 02:48:10');
INSERT INTO Occupancies(RoomNo, Date, ResID) VALUES (405, '2020-06-20', 1756);
INSERT INTO Occupancies(RoomNo, Date, ResID) VALUES (405, '2020-06-21', 1756);
INSERT INTO Occupancies(RoomNo, Date, ResID) VALUES (405, '2020-06-22', 1756);
#1757
INSERT INTO Customers(Fname, Lname, Phone, Email) VALUES ("Larue", "Olson", '877-401-3351', "Larue_Olson@gmail.com");
INSERT INTO Reservations(ID, StartDate, EndDate, NumGuests, CustomerID, Source, BookedAt) VALUES(1757, '2020-10-29', '2020-10-31', 3, 1757, 'agency', '2020-12-28 02:48:10');
INSERT INTO Occupancies(RoomNo, Date, ResID) VALUES (406, '2020-10-29', 1757);
INSERT INTO Occupancies(RoomNo, Date, ResID) VALUES (406, '2020-10-30', 1757);
#1758
INSERT INTO Customers(Fname, Lname, Phone, Email) VALUES ("Dennis", "Lueilwitz", '316-475-5638', "Dennis_Lueilwitz@gmail.com");
INSERT INTO Reservations(ID, StartDate, EndDate, NumGuests, CustomerID, Source, BookedAt) VALUES(1758, '2020-07-30', '2020-07-31', 3, 1758, 'OTA', '2020-12-28 02:48:10');
INSERT INTO Occupancies(RoomNo, Date, ResID) VALUES (403, '2020-07-30', 1758);
#1759
INSERT INTO Customers(Fname, Lname, Phone, Email) VALUES ("Lorna", "Thiel", '494-983-4560', "Lorna_Thiel@gmail.com");
INSERT INTO Reservations(ID, StartDate, EndDate, NumGuests, CustomerID, Source, BookedAt) VALUES(1759, '2020-08-07', '2020-08-11', 3, 1759, 'direct', '2020-12-28 02:48:10');
INSERT INTO Occupancies(RoomNo, Date, ResID) VALUES (303, '2020-08-07', 1759);
INSERT INTO Occupancies(RoomNo, Date, ResID) VALUES (303, '2020-08-08', 1759);
INSERT INTO Occupancies(RoomNo, Date, ResID) VALUES (303, '2020-08-09', 1759);
INSERT INTO Occupancies(RoomNo, Date, ResID) VALUES (303, '2020-08-10', 1759);
#1760
INSERT INTO Customers(Fname, Lname, Phone, Email) VALUES ("Danika", "Friesen", '204-911-1182', "Danika_Friesen@gmail.com");
INSERT INTO Reservations(ID, StartDate, EndDate, NumGuests, CustomerID, Source, BookedAt) VALUES(1760, '2020-01-11', '2020-01-13', 3, 1760, 'direct', '2020-12-28 02:48:10');
INSERT INTO Occupancies(RoomNo, Date, ResID) VALUES (402, '2020-01-11', 1760);
INSERT INTO Occupancies(RoomNo, Date, ResID) VALUES (402, '2020-01-12', 1760);
#1761
INSERT INTO Customers(Fname, Lname, Phone, Email) VALUES ("Loren", "Mayer", '700-786-6626', "Loren_Mayer@gmail.com");
INSERT INTO Reservations(ID, StartDate, EndDate, NumGuests, CustomerID, Source, BookedAt) VALUES(1761, '2020-01-22', '2020-01-27', 5, 1761, 'direct', '2020-12-28 02:48:10');
INSERT INTO Occupancies(RoomNo, Date, ResID) VALUES (303, '2020-01-22', 1761);
INSERT INTO Occupancies(RoomNo, Date, ResID) VALUES (303, '2020-01-23', 1761);
INSERT INTO Occupancies(RoomNo, Date, ResID) VALUES (303, '2020-01-24', 1761);
INSERT INTO Occupancies(RoomNo, Date, ResID) VALUES (303, '2020-01-25', 1761);
INSERT INTO Occupancies(RoomNo, Date, ResID) VALUES (303, '2020-01-26', 1761);
#1762
INSERT INTO Customers(Fname, Lname, Phone, Email) VALUES ("Everardo", "Wintheiser", '212-750-7311', "Everardo_Wintheiser@gmail.com");
INSERT INTO Reservations(ID, StartDate, EndDate, NumGuests, CustomerID, Source, BookedAt) VALUES(1762, '2020-06-29', '2020-07-01', 5, 1762, 'direct', '2020-12-28 02:48:10');
INSERT INTO Occupancies(RoomNo, Date, ResID) VALUES (303, '2020-06-29', 1762);
INSERT INTO Occupancies(RoomNo, Date, ResID) VALUES (303, '2020-06-30', 1762);
#1763
INSERT INTO Customers(Fname, Lname, Phone, Email) VALUES ("Stephania", "Stehr", '575-710-3731', "Stephania_Stehr@gmail.com");
INSERT INTO Reservations(ID, StartDate, EndDate, NumGuests, CustomerID, Source, BookedAt) VALUES(1763, '2020-09-11', '2020-09-13', 2, 1763, 'OTA', '2020-12-28 02:48:10');
INSERT INTO Occupancies(RoomNo, Date, ResID) VALUES (403, '2020-09-11', 1763);
INSERT INTO Occupancies(RoomNo, Date, ResID) VALUES (403, '2020-09-12', 1763);
#1764
INSERT INTO Customers(Fname, Lname, Phone, Email) VALUES ("Kaleb", "Okuneva", '531-445-5944', "Kaleb_Okuneva@gmail.com");
INSERT INTO Reservations(ID, StartDate, EndDate, NumGuests, CustomerID, Source, BookedAt) VALUES(1764, '2020-04-16', '2020-04-19', 5, 1764, 'corporate', '2020-12-28 02:48:10');
INSERT INTO Occupancies(RoomNo, Date, ResID) VALUES (203, '2020-04-16', 1764);
INSERT INTO Occupancies(RoomNo, Date, ResID) VALUES (203, '2020-04-17', 1764);
INSERT INTO Occupancies(RoomNo, Date, ResID) VALUES (203, '2020-04-18', 1764);
#1765
INSERT INTO Customers(Fname, Lname, Phone, Email) VALUES ("Lamar", "Hand", '765-759-2767', "Lamar_Hand@gmail.com");
INSERT INTO Reservations(ID, StartDate, EndDate, NumGuests, CustomerID, Source, BookedAt) VALUES(1765, '2020-06-12', '2020-06-17', 2, 1765, 'direct', '2020-12-28 02:48:10');
INSERT INTO Occupancies(RoomNo, Date, ResID) VALUES (506, '2020-06-12', 1765);
INSERT INTO Occupancies(RoomNo, Date, ResID) VALUES (506, '2020-06-13', 1765);
INSERT INTO Occupancies(RoomNo, Date, ResID) VALUES (506, '2020-06-14', 1765);
INSERT INTO Occupancies(RoomNo, Date, ResID) VALUES (506, '2020-06-15', 1765);
INSERT INTO Occupancies(RoomNo, Date, ResID) VALUES (506, '2020-06-16', 1765);
#1766
INSERT INTO Customers(Fname, Lname, Phone, Email) VALUES ("Morgan", "Waelchi", '440-674-3111', "Morgan_Waelchi@gmail.com");
INSERT INTO Reservations(ID, StartDate, EndDate, NumGuests, CustomerID, Source, BookedAt) VALUES(1766, '2021-11-26', '2021-11-29', 1, 1766, 'OTA', '2020-12-28 02:48:10');
INSERT INTO Occupancies(RoomNo, Date, ResID) VALUES (205, '2021-11-26', 1766);
INSERT INTO Occupancies(RoomNo, Date, ResID) VALUES (205, '2021-11-27', 1766);
INSERT INTO Occupancies(RoomNo, Date, ResID) VALUES (205, '2021-11-28', 1766);
#1767
INSERT INTO Customers(Fname, Lname, Phone, Email) VALUES ("Laverna", "Schmeler", '749-636-2729', "Laverna_Schmeler@gmail.com");
INSERT INTO Reservations(ID, StartDate, EndDate, NumGuests, CustomerID, Source, BookedAt) VALUES(1767, '2020-06-28', '2020-06-30', 4, 1767, 'agency', '2020-12-28 02:48:10');
INSERT INTO Occupancies(RoomNo, Date, ResID) VALUES (501, '2020-06-28', 1767);
INSERT INTO Occupancies(RoomNo, Date, ResID) VALUES (501, '2020-06-29', 1767);
#1768
INSERT INTO Customers(Fname, Lname, Phone, Email) VALUES ("Makenzie", "Kuhn", '418-485-4616', "Makenzie_Kuhn@gmail.com");
INSERT INTO Reservations(ID, StartDate, EndDate, NumGuests, CustomerID, Source, BookedAt) VALUES(1768, '2020-12-23', '2020-12-25', 4, 1768, 'OTA', '2020-12-28 02:48:10');
INSERT INTO Occupancies(RoomNo, Date, ResID) VALUES (302, '2020-12-23', 1768);
INSERT INTO Occupancies(RoomNo, Date, ResID) VALUES (302, '2020-12-24', 1768);
#1769
INSERT INTO Customers(Fname, Lname, Phone, Email) VALUES ("Allan", "Fritsch", '812-856-5138', "Allan_Fritsch@gmail.com");
INSERT INTO Reservations(ID, StartDate, EndDate, NumGuests, CustomerID, Source, BookedAt) VALUES(1769, '2020-07-13', '2020-07-15', 5, 1769, 'agency', '2020-12-28 02:48:10');
INSERT INTO Occupancies(RoomNo, Date, ResID) VALUES (201, '2020-07-13', 1769);
INSERT INTO Occupancies(RoomNo, Date, ResID) VALUES (201, '2020-07-14', 1769);
#1770
INSERT INTO Customers(Fname, Lname, Phone, Email) VALUES ("Milton", "Stracke", '361-234-0989', "Milton_Stracke@gmail.com");
INSERT INTO Reservations(ID, StartDate, EndDate, NumGuests, CustomerID, Source, BookedAt) VALUES(1770, '2021-03-28', '2021-04-02', 4, 1770, 'direct', '2020-12-28 02:48:10');
INSERT INTO Occupancies(RoomNo, Date, ResID) VALUES (203, '2021-03-28', 1770);
INSERT INTO Occupancies(RoomNo, Date, ResID) VALUES (203, '2021-03-29', 1770);
INSERT INTO Occupancies(RoomNo, Date, ResID) VALUES (203, '2021-03-30', 1770);
INSERT INTO Occupancies(RoomNo, Date, ResID) VALUES (203, '2021-03-31', 1770);
INSERT INTO Occupancies(RoomNo, Date, ResID) VALUES (203, '2021-04-01', 1770);
#1771
INSERT INTO Customers(Fname, Lname, Phone, Email) VALUES ("Einar", "Toy", '651-932-6159', "Einar_Toy@gmail.com");
INSERT INTO Reservations(ID, StartDate, EndDate, NumGuests, CustomerID, Source, BookedAt) VALUES(1771, '2020-01-21', '2020-01-22', 5, 1771, 'direct', '2020-12-28 02:48:10');
INSERT INTO Occupancies(RoomNo, Date, ResID) VALUES (406, '2020-01-21', 1771);
#1772
INSERT INTO Customers(Fname, Lname, Phone, Email) VALUES ("Callie", "Bruen", '619-766-9352', "Callie_Bruen@gmail.com");
INSERT INTO Reservations(ID, StartDate, EndDate, NumGuests, CustomerID, Source, BookedAt) VALUES(1772, '2020-08-12', '2020-08-15', 1, 1772, 'OTA', '2020-12-28 02:48:10');
INSERT INTO Occupancies(RoomNo, Date, ResID) VALUES (106, '2020-08-12', 1772);
INSERT INTO Occupancies(RoomNo, Date, ResID) VALUES (106, '2020-08-13', 1772);
INSERT INTO Occupancies(RoomNo, Date, ResID) VALUES (106, '2020-08-14', 1772);
#1773
INSERT INTO Customers(Fname, Lname, Phone, Email) VALUES ("Cortez", "Wyman", '448-606-1862', "Cortez_Wyman@gmail.com");
INSERT INTO Reservations(ID, StartDate, EndDate, NumGuests, CustomerID, Source, BookedAt) VALUES(1773, '2021-10-26', '2021-10-29', 1, 1773, 'OTA', '2020-12-28 02:48:10');
INSERT INTO Occupancies(RoomNo, Date, ResID) VALUES (104, '2021-10-26', 1773);
INSERT INTO Occupancies(RoomNo, Date, ResID) VALUES (104, '2021-10-27', 1773);
INSERT INTO Occupancies(RoomNo, Date, ResID) VALUES (104, '2021-10-28', 1773);
#1774
INSERT INTO Customers(Fname, Lname, Phone, Email) VALUES ("Barry", "Kling", '877-348-8265', "Barry_Kling@gmail.com");
INSERT INTO Reservations(ID, StartDate, EndDate, NumGuests, CustomerID, Source, BookedAt) VALUES(1774, '2020-01-08', '2020-01-13', 5, 1774, 'direct', '2020-12-28 02:48:10');
INSERT INTO Occupancies(RoomNo, Date, ResID) VALUES (303, '2020-01-08', 1774);
INSERT INTO Occupancies(RoomNo, Date, ResID) VALUES (303, '2020-01-09', 1774);
INSERT INTO Occupancies(RoomNo, Date, ResID) VALUES (303, '2020-01-10', 1774);
INSERT INTO Occupancies(RoomNo, Date, ResID) VALUES (303, '2020-01-11', 1774);
INSERT INTO Occupancies(RoomNo, Date, ResID) VALUES (303, '2020-01-12', 1774);
#1775
INSERT INTO Customers(Fname, Lname, Phone, Email) VALUES ("Dimitri", "Mante", '361-659-1143', "Dimitri_Mante@gmail.com");
INSERT INTO Reservations(ID, StartDate, EndDate, NumGuests, CustomerID, Source, BookedAt) VALUES(1775, '2021-01-19', '2021-01-24', 1, 1775, 'corporate', '2020-12-28 02:48:10');
INSERT INTO Occupancies(RoomNo, Date, ResID) VALUES (406, '2021-01-19', 1775);
INSERT INTO Occupancies(RoomNo, Date, ResID) VALUES (406, '2021-01-20', 1775);
INSERT INTO Occupancies(RoomNo, Date, ResID) VALUES (406, '2021-01-21', 1775);
INSERT INTO Occupancies(RoomNo, Date, ResID) VALUES (406, '2021-01-22', 1775);
INSERT INTO Occupancies(RoomNo, Date, ResID) VALUES (406, '2021-01-23', 1775);
#1776
INSERT INTO Customers(Fname, Lname, Phone, Email) VALUES ("Mollie", "Gerlach", '926-278-7063', "Mollie_Gerlach@gmail.com");
INSERT INTO Reservations(ID, StartDate, EndDate, NumGuests, CustomerID, Source, BookedAt) VALUES(1776, '2020-07-25', '2020-07-28', 1, 1776, 'OTA', '2020-12-28 02:48:10');
INSERT INTO Occupancies(RoomNo, Date, ResID) VALUES (103, '2020-07-25', 1776);
INSERT INTO Occupancies(RoomNo, Date, ResID) VALUES (103, '2020-07-26', 1776);
INSERT INTO Occupancies(RoomNo, Date, ResID) VALUES (103, '2020-07-27', 1776);
#1777
INSERT INTO Customers(Fname, Lname, Phone, Email) VALUES ("Hank", "Cummerata", '305-984-1613', "Hank_Cummerata@gmail.com");
INSERT INTO Reservations(ID, StartDate, EndDate, NumGuests, CustomerID, Source, BookedAt) VALUES(1777, '2020-01-10', '2020-01-15', 4, 1777, 'OTA', '2020-12-28 02:48:10');
INSERT INTO Occupancies(RoomNo, Date, ResID) VALUES (304, '2020-01-10', 1777);
INSERT INTO Occupancies(RoomNo, Date, ResID) VALUES (304, '2020-01-11', 1777);
INSERT INTO Occupancies(RoomNo, Date, ResID) VALUES (304, '2020-01-12', 1777);
INSERT INTO Occupancies(RoomNo, Date, ResID) VALUES (304, '2020-01-13', 1777);
INSERT INTO Occupancies(RoomNo, Date, ResID) VALUES (304, '2020-01-14', 1777);
#1778
INSERT INTO Customers(Fname, Lname, Phone, Email) VALUES ("Providenci", "Bahringer", '287-459-4042', "Providenci_Bahringer@gmail.com");
INSERT INTO Reservations(ID, StartDate, EndDate, NumGuests, CustomerID, Source, BookedAt) VALUES(1778, '2020-06-28', '2020-07-01', 3, 1778, 'direct', '2020-12-28 02:48:10');
INSERT INTO Occupancies(RoomNo, Date, ResID) VALUES (305, '2020-06-28', 1778);
INSERT INTO Occupancies(RoomNo, Date, ResID) VALUES (305, '2020-06-29', 1778);
INSERT INTO Occupancies(RoomNo, Date, ResID) VALUES (305, '2020-06-30', 1778);
#1779
INSERT INTO Customers(Fname, Lname, Phone, Email) VALUES ("Asia", "Stoltenberg", '261-431-2044', "Asia_Stoltenberg@gmail.com");
INSERT INTO Reservations(ID, StartDate, EndDate, NumGuests, CustomerID, Source, BookedAt) VALUES(1779, '2021-04-27', '2021-04-29', 4, 1779, 'OTA', '2020-12-28 02:48:10');
INSERT INTO Occupancies(RoomNo, Date, ResID) VALUES (406, '2021-04-27', 1779);
INSERT INTO Occupancies(RoomNo, Date, ResID) VALUES (406, '2021-04-28', 1779);
#1780
INSERT INTO Customers(Fname, Lname, Phone, Email) VALUES ("Gracie", "Blick", '955-628-7699', "Gracie_Blick@gmail.com");
INSERT INTO Reservations(ID, StartDate, EndDate, NumGuests, CustomerID, Source, BookedAt) VALUES(1780, '2020-04-25', '2020-04-26', 3, 1780, 'OTA', '2020-12-28 02:48:10');
INSERT INTO Occupancies(RoomNo, Date, ResID) VALUES (505, '2020-04-25', 1780);
#1781
INSERT INTO Customers(Fname, Lname, Phone, Email) VALUES ("Verdie", "Batz", '955-278-6627', "Verdie_Batz@gmail.com");
INSERT INTO Reservations(ID, StartDate, EndDate, NumGuests, CustomerID, Source, BookedAt) VALUES(1781, '2020-11-17', '2020-11-20', 4, 1781, 'corporate', '2020-12-28 02:48:10');
INSERT INTO Occupancies(RoomNo, Date, ResID) VALUES (102, '2020-11-17', 1781);
INSERT INTO Occupancies(RoomNo, Date, ResID) VALUES (102, '2020-11-18', 1781);
INSERT INTO Occupancies(RoomNo, Date, ResID) VALUES (102, '2020-11-19', 1781);
#1782
INSERT INTO Customers(Fname, Lname, Phone, Email) VALUES ("Alexander", "Runolfsdottir", '494-862-5015', "Alexander_Runolfsdottir@gmail.com");
INSERT INTO Reservations(ID, StartDate, EndDate, NumGuests, CustomerID, Source, BookedAt) VALUES(1782, '2021-06-02', '2021-06-03', 1, 1782, 'agency', '2020-12-28 02:48:10');
INSERT INTO Occupancies(RoomNo, Date, ResID) VALUES (404, '2021-06-02', 1782);
#1783
INSERT INTO Customers(Fname, Lname, Phone, Email) VALUES ("Macy", "Dickinson", '924-630-7420', "Macy_Dickinson@gmail.com");
INSERT INTO Reservations(ID, StartDate, EndDate, NumGuests, CustomerID, Source, BookedAt) VALUES(1783, '2021-03-16', '2021-03-18', 3, 1783, 'OTA', '2020-12-28 02:48:10');
INSERT INTO Occupancies(RoomNo, Date, ResID) VALUES (202, '2021-03-16', 1783);
INSERT INTO Occupancies(RoomNo, Date, ResID) VALUES (202, '2021-03-17', 1783);
#1784
INSERT INTO Customers(Fname, Lname, Phone, Email) VALUES ("Rubie", "Prohaska", '822-749-9468', "Rubie_Prohaska@gmail.com");
INSERT INTO Reservations(ID, StartDate, EndDate, NumGuests, CustomerID, Source, BookedAt) VALUES(1784, '2020-09-02', '2020-09-03', 2, 1784, 'direct', '2020-12-28 02:48:10');
INSERT INTO Occupancies(RoomNo, Date, ResID) VALUES (301, '2020-09-02', 1784);
#1785
INSERT INTO Customers(Fname, Lname, Phone, Email) VALUES ("Cleta", "Kuvalis", '940-539-1063', "Cleta_Kuvalis@gmail.com");
INSERT INTO Reservations(ID, StartDate, EndDate, NumGuests, CustomerID, Source, BookedAt) VALUES(1785, '2020-03-21', '2020-03-23', 5, 1785, 'direct', '2020-12-28 02:48:10');
INSERT INTO Occupancies(RoomNo, Date, ResID) VALUES (504, '2020-03-21', 1785);
INSERT INTO Occupancies(RoomNo, Date, ResID) VALUES (504, '2020-03-22', 1785);
#1786
INSERT INTO Customers(Fname, Lname, Phone, Email) VALUES ("Kiarra", "Weimann", '370-841-6909', "Kiarra_Weimann@gmail.com");
INSERT INTO Reservations(ID, StartDate, EndDate, NumGuests, CustomerID, Source, BookedAt) VALUES(1786, '2021-08-31', '2021-09-03', 4, 1786, 'direct', '2020-12-28 02:48:10');
INSERT INTO Occupancies(RoomNo, Date, ResID) VALUES (101, '2021-08-31', 1786);
INSERT INTO Occupancies(RoomNo, Date, ResID) VALUES (101, '2021-09-01', 1786);
INSERT INTO Occupancies(RoomNo, Date, ResID) VALUES (101, '2021-09-02', 1786);
#1787
INSERT INTO Customers(Fname, Lname, Phone, Email) VALUES ("Chaya", "Ernser", '538-203-5538', "Chaya_Ernser@gmail.com");
INSERT INTO Reservations(ID, StartDate, EndDate, NumGuests, CustomerID, Source, BookedAt) VALUES(1787, '2020-12-06', '2020-12-07', 1, 1787, 'direct', '2020-12-28 02:48:10');
INSERT INTO Occupancies(RoomNo, Date, ResID) VALUES (206, '2020-12-06', 1787);
#1788
INSERT INTO Customers(Fname, Lname, Phone, Email) VALUES ("Ayla", "Turner", '548-873-2561', "Ayla_Turner@gmail.com");
INSERT INTO Reservations(ID, StartDate, EndDate, NumGuests, CustomerID, Source, BookedAt) VALUES(1788, '2020-11-20', '2020-11-25', 4, 1788, 'corporate', '2020-12-28 02:48:10');
INSERT INTO Occupancies(RoomNo, Date, ResID) VALUES (103, '2020-11-20', 1788);
INSERT INTO Occupancies(RoomNo, Date, ResID) VALUES (103, '2020-11-21', 1788);
INSERT INTO Occupancies(RoomNo, Date, ResID) VALUES (103, '2020-11-22', 1788);
INSERT INTO Occupancies(RoomNo, Date, ResID) VALUES (103, '2020-11-23', 1788);
INSERT INTO Occupancies(RoomNo, Date, ResID) VALUES (103, '2020-11-24', 1788);
#1789
INSERT INTO Customers(Fname, Lname, Phone, Email) VALUES ("Gabriella", "Johnson", '412-781-0863', "Gabriella_Johnson@gmail.com");
INSERT INTO Reservations(ID, StartDate, EndDate, NumGuests, CustomerID, Source, BookedAt) VALUES(1789, '2020-05-17', '2020-05-18', 5, 1789, 'direct', '2020-12-28 02:48:10');
INSERT INTO Occupancies(RoomNo, Date, ResID) VALUES (101, '2020-05-17', 1789);
#1790
INSERT INTO Customers(Fname, Lname, Phone, Email) VALUES ("Eunice", "Leffler", '303-247-1176', "Eunice_Leffler@gmail.com");
INSERT INTO Reservations(ID, StartDate, EndDate, NumGuests, CustomerID, Source, BookedAt) VALUES(1790, '2021-08-18', '2021-08-21', 3, 1790, 'corporate', '2020-12-28 02:48:10');
INSERT INTO Occupancies(RoomNo, Date, ResID) VALUES (506, '2021-08-18', 1790);
INSERT INTO Occupancies(RoomNo, Date, ResID) VALUES (506, '2021-08-19', 1790);
INSERT INTO Occupancies(RoomNo, Date, ResID) VALUES (506, '2021-08-20', 1790);
#1791
INSERT INTO Customers(Fname, Lname, Phone, Email) VALUES ("Ursula", "Auer", '956-849-9442', "Ursula_Auer@gmail.com");
INSERT INTO Reservations(ID, StartDate, EndDate, NumGuests, CustomerID, Source, BookedAt) VALUES(1791, '2021-08-16', '2021-08-20', 3, 1791, 'OTA', '2020-12-28 02:48:10');
INSERT INTO Occupancies(RoomNo, Date, ResID) VALUES (403, '2021-08-16', 1791);
INSERT INTO Occupancies(RoomNo, Date, ResID) VALUES (403, '2021-08-17', 1791);
INSERT INTO Occupancies(RoomNo, Date, ResID) VALUES (403, '2021-08-18', 1791);
INSERT INTO Occupancies(RoomNo, Date, ResID) VALUES (403, '2021-08-19', 1791);
#1792
INSERT INTO Customers(Fname, Lname, Phone, Email) VALUES ("Glenda", "Nikolaus", '273-980-9400', "Glenda_Nikolaus@gmail.com");
INSERT INTO Reservations(ID, StartDate, EndDate, NumGuests, CustomerID, Source, BookedAt) VALUES(1792, '2021-01-06', '2021-01-09', 2, 1792, 'OTA', '2020-12-28 02:48:10');
INSERT INTO Occupancies(RoomNo, Date, ResID) VALUES (205, '2021-01-06', 1792);
INSERT INTO Occupancies(RoomNo, Date, ResID) VALUES (205, '2021-01-07', 1792);
INSERT INTO Occupancies(RoomNo, Date, ResID) VALUES (205, '2021-01-08', 1792);
#1793
INSERT INTO Customers(Fname, Lname, Phone, Email) VALUES ("Mckenna", "Mueller", '801-561-9452', "Mckenna_Mueller@gmail.com");
INSERT INTO Reservations(ID, StartDate, EndDate, NumGuests, CustomerID, Source, BookedAt) VALUES(1793, '2021-08-21', '2021-08-26', 2, 1793, 'direct', '2020-12-28 02:48:10');
INSERT INTO Occupancies(RoomNo, Date, ResID) VALUES (202, '2021-08-21', 1793);
INSERT INTO Occupancies(RoomNo, Date, ResID) VALUES (202, '2021-08-22', 1793);
INSERT INTO Occupancies(RoomNo, Date, ResID) VALUES (202, '2021-08-23', 1793);
INSERT INTO Occupancies(RoomNo, Date, ResID) VALUES (202, '2021-08-24', 1793);
INSERT INTO Occupancies(RoomNo, Date, ResID) VALUES (202, '2021-08-25', 1793);
#1794
INSERT INTO Customers(Fname, Lname, Phone, Email) VALUES ("Dalton", "McDermott", '606-721-9848', "Dalton_McDermott@gmail.com");
INSERT INTO Reservations(ID, StartDate, EndDate, NumGuests, CustomerID, Source, BookedAt) VALUES(1794, '2021-07-12', '2021-07-13', 2, 1794, 'corporate', '2020-12-28 02:48:10');
INSERT INTO Occupancies(RoomNo, Date, ResID) VALUES (501, '2021-07-12', 1794);
#1795
INSERT INTO Customers(Fname, Lname, Phone, Email) VALUES ("Norris", "Welch", '345-454-3504', "Norris_Welch@gmail.com");
INSERT INTO Reservations(ID, StartDate, EndDate, NumGuests, CustomerID, Source, BookedAt) VALUES(1795, '2020-01-01', '2020-01-05', 4, 1795, 'OTA', '2020-12-28 02:48:10');
INSERT INTO Occupancies(RoomNo, Date, ResID) VALUES (302, '2020-01-01', 1795);
INSERT INTO Occupancies(RoomNo, Date, ResID) VALUES (302, '2020-01-02', 1795);
INSERT INTO Occupancies(RoomNo, Date, ResID) VALUES (302, '2020-01-03', 1795);
INSERT INTO Occupancies(RoomNo, Date, ResID) VALUES (302, '2020-01-04', 1795);
#1796
INSERT INTO Customers(Fname, Lname, Phone, Email) VALUES ("Guadalupe", "Padberg", '452-273-8400', "Guadalupe_Padberg@gmail.com");
INSERT INTO Reservations(ID, StartDate, EndDate, NumGuests, CustomerID, Source, BookedAt) VALUES(1796, '2021-11-16', '2021-11-18', 5, 1796, 'OTA', '2020-12-28 02:48:10');
INSERT INTO Occupancies(RoomNo, Date, ResID) VALUES (103, '2021-11-16', 1796);
INSERT INTO Occupancies(RoomNo, Date, ResID) VALUES (103, '2021-11-17', 1796);
#1797
INSERT INTO Customers(Fname, Lname, Phone, Email) VALUES ("Casey", "Champlin", '580-731-9282', "Casey_Champlin@gmail.com");
INSERT INTO Reservations(ID, StartDate, EndDate, NumGuests, CustomerID, Source, BookedAt) VALUES(1797, '2020-11-28', '2020-11-30', 1, 1797, 'OTA', '2020-12-28 02:48:10');
INSERT INTO Occupancies(RoomNo, Date, ResID) VALUES (501, '2020-11-28', 1797);
INSERT INTO Occupancies(RoomNo, Date, ResID) VALUES (501, '2020-11-29', 1797);
#1798
INSERT INTO Customers(Fname, Lname, Phone, Email) VALUES ("Floyd", "Hermann", '751-750-4022', "Floyd_Hermann@gmail.com");
INSERT INTO Reservations(ID, StartDate, EndDate, NumGuests, CustomerID, Source, BookedAt) VALUES(1798, '2020-11-19', '2020-11-24', 2, 1798, 'OTA', '2020-12-28 02:48:10');
INSERT INTO Occupancies(RoomNo, Date, ResID) VALUES (403, '2020-11-19', 1798);
INSERT INTO Occupancies(RoomNo, Date, ResID) VALUES (403, '2020-11-20', 1798);
INSERT INTO Occupancies(RoomNo, Date, ResID) VALUES (403, '2020-11-21', 1798);
INSERT INTO Occupancies(RoomNo, Date, ResID) VALUES (403, '2020-11-22', 1798);
INSERT INTO Occupancies(RoomNo, Date, ResID) VALUES (403, '2020-11-23', 1798);
#1799
INSERT INTO Customers(Fname, Lname, Phone, Email) VALUES ("Arnoldo", "Dickinson", '564-678-2954', "Arnoldo_Dickinson@gmail.com");
INSERT INTO Reservations(ID, StartDate, EndDate, NumGuests, CustomerID, Source, BookedAt) VALUES(1799, '2020-06-25', '2020-06-30', 5, 1799, 'corporate', '2020-12-28 02:48:10');
INSERT INTO Occupancies(RoomNo, Date, ResID) VALUES (302, '2020-06-25', 1799);
INSERT INTO Occupancies(RoomNo, Date, ResID) VALUES (302, '2020-06-26', 1799);
INSERT INTO Occupancies(RoomNo, Date, ResID) VALUES (302, '2020-06-27', 1799);
INSERT INTO Occupancies(RoomNo, Date, ResID) VALUES (302, '2020-06-28', 1799);
INSERT INTO Occupancies(RoomNo, Date, ResID) VALUES (302, '2020-06-29', 1799);
#1800
INSERT INTO Customers(Fname, Lname, Phone, Email) VALUES ("Ramona", "Orn", '219-287-9903', "Ramona_Orn@gmail.com");
INSERT INTO Reservations(ID, StartDate, EndDate, NumGuests, CustomerID, Source, BookedAt) VALUES(1800, '2021-02-04', '2021-02-06', 4, 1800, 'direct', '2020-12-28 02:48:10');
INSERT INTO Occupancies(RoomNo, Date, ResID) VALUES (101, '2021-02-04', 1800);
INSERT INTO Occupancies(RoomNo, Date, ResID) VALUES (101, '2021-02-05', 1800);
#1801
INSERT INTO Customers(Fname, Lname, Phone, Email) VALUES ("Jana", "Gusikowski", '870-856-5825', "Jana_Gusikowski@gmail.com");
INSERT INTO Reservations(ID, StartDate, EndDate, NumGuests, CustomerID, Source, BookedAt) VALUES(1801, '2020-07-12', '2020-07-14', 4, 1801, 'corporate', '2020-12-28 02:48:10');
INSERT INTO Occupancies(RoomNo, Date, ResID) VALUES (205, '2020-07-12', 1801);
INSERT INTO Occupancies(RoomNo, Date, ResID) VALUES (205, '2020-07-13', 1801);
#1802
INSERT INTO Customers(Fname, Lname, Phone, Email) VALUES ("Tyree", "Deckow", '359-735-5467', "Tyree_Deckow@gmail.com");
INSERT INTO Reservations(ID, StartDate, EndDate, NumGuests, CustomerID, Source, BookedAt) VALUES(1802, '2020-11-10', '2020-11-11', 4, 1802, 'corporate', '2020-12-28 02:48:10');
INSERT INTO Occupancies(RoomNo, Date, ResID) VALUES (304, '2020-11-10', 1802);
#1803
INSERT INTO Customers(Fname, Lname, Phone, Email) VALUES ("Alvis", "Predovic", '428-516-7655', "Alvis_Predovic@gmail.com");
INSERT INTO Reservations(ID, StartDate, EndDate, NumGuests, CustomerID, Source, BookedAt) VALUES(1803, '2020-02-07', '2020-02-10', 5, 1803, 'OTA', '2020-12-28 02:48:10');
INSERT INTO Occupancies(RoomNo, Date, ResID) VALUES (206, '2020-02-07', 1803);
INSERT INTO Occupancies(RoomNo, Date, ResID) VALUES (206, '2020-02-08', 1803);
INSERT INTO Occupancies(RoomNo, Date, ResID) VALUES (206, '2020-02-09', 1803);
#1804
INSERT INTO Customers(Fname, Lname, Phone, Email) VALUES ("Madisyn", "Ziemann", '565-229-3431', "Madisyn_Ziemann@gmail.com");
INSERT INTO Reservations(ID, StartDate, EndDate, NumGuests, CustomerID, Source, BookedAt) VALUES(1804, '2020-08-09', '2020-08-14', 2, 1804, 'direct', '2020-12-28 02:48:10');
INSERT INTO Occupancies(RoomNo, Date, ResID) VALUES (406, '2020-08-09', 1804);
INSERT INTO Occupancies(RoomNo, Date, ResID) VALUES (406, '2020-08-10', 1804);
INSERT INTO Occupancies(RoomNo, Date, ResID) VALUES (406, '2020-08-11', 1804);
INSERT INTO Occupancies(RoomNo, Date, ResID) VALUES (406, '2020-08-12', 1804);
INSERT INTO Occupancies(RoomNo, Date, ResID) VALUES (406, '2020-08-13', 1804);
#1805
INSERT INTO Customers(Fname, Lname, Phone, Email) VALUES ("Sherman", "Barrows", '719-758-9999', "Sherman_Barrows@gmail.com");
INSERT INTO Reservations(ID, StartDate, EndDate, NumGuests, CustomerID, Source, BookedAt) VALUES(1805, '2020-05-05', '2020-05-06', 5, 1805, 'OTA', '2020-12-28 02:48:10');
INSERT INTO Occupancies(RoomNo, Date, ResID) VALUES (302, '2020-05-05', 1805);
#1806
INSERT INTO Customers(Fname, Lname, Phone, Email) VALUES ("Bernadine", "Robel", '293-743-7295', "Bernadine_Robel@gmail.com");
INSERT INTO Reservations(ID, StartDate, EndDate, NumGuests, CustomerID, Source, BookedAt) VALUES(1806, '2021-07-05', '2021-07-06', 5, 1806, 'agency', '2020-12-28 02:48:10');
INSERT INTO Occupancies(RoomNo, Date, ResID) VALUES (205, '2021-07-05', 1806);
#1807
INSERT INTO Customers(Fname, Lname, Phone, Email) VALUES ("Oceane", "Murphy", '720-763-7870', "Oceane_Murphy@gmail.com");
INSERT INTO Reservations(ID, StartDate, EndDate, NumGuests, CustomerID, Source, BookedAt) VALUES(1807, '2021-06-22', '2021-06-23', 2, 1807, 'agency', '2020-12-28 02:48:10');
INSERT INTO Occupancies(RoomNo, Date, ResID) VALUES (303, '2021-06-22', 1807);
#1808
INSERT INTO Customers(Fname, Lname, Phone, Email) VALUES ("Gilda", "MacGyver", '574-396-9756', "Gilda_MacGyver@gmail.com");
INSERT INTO Reservations(ID, StartDate, EndDate, NumGuests, CustomerID, Source, BookedAt) VALUES(1808, '2020-10-05', '2020-10-06', 5, 1808, 'OTA', '2020-12-28 02:48:10');
INSERT INTO Occupancies(RoomNo, Date, ResID) VALUES (402, '2020-10-05', 1808);
#1809
INSERT INTO Customers(Fname, Lname, Phone, Email) VALUES ("Talon", "Homenick", '932-541-7126', "Talon_Homenick@gmail.com");
INSERT INTO Reservations(ID, StartDate, EndDate, NumGuests, CustomerID, Source, BookedAt) VALUES(1809, '2020-07-30', '2020-08-04', 1, 1809, 'agency', '2020-12-28 02:48:10');
INSERT INTO Occupancies(RoomNo, Date, ResID) VALUES (306, '2020-07-30', 1809);
INSERT INTO Occupancies(RoomNo, Date, ResID) VALUES (306, '2020-07-31', 1809);
INSERT INTO Occupancies(RoomNo, Date, ResID) VALUES (306, '2020-08-01', 1809);
INSERT INTO Occupancies(RoomNo, Date, ResID) VALUES (306, '2020-08-02', 1809);
INSERT INTO Occupancies(RoomNo, Date, ResID) VALUES (306, '2020-08-03', 1809);
#1810
INSERT INTO Customers(Fname, Lname, Phone, Email) VALUES ("Glenna", "Quigley", '723-897-3917', "Glenna_Quigley@gmail.com");
INSERT INTO Reservations(ID, StartDate, EndDate, NumGuests, CustomerID, Source, BookedAt) VALUES(1810, '2021-05-10', '2021-05-12', 4, 1810, 'OTA', '2020-12-28 02:48:10');
INSERT INTO Occupancies(RoomNo, Date, ResID) VALUES (105, '2021-05-10', 1810);
INSERT INTO Occupancies(RoomNo, Date, ResID) VALUES (105, '2021-05-11', 1810);
#1811
INSERT INTO Customers(Fname, Lname, Phone, Email) VALUES ("Allene", "Boyer", '742-785-5465', "Allene_Boyer@gmail.com");
INSERT INTO Reservations(ID, StartDate, EndDate, NumGuests, CustomerID, Source, BookedAt) VALUES(1811, '2021-08-21', '2021-08-26', 3, 1811, 'OTA', '2020-12-28 02:48:10');
INSERT INTO Occupancies(RoomNo, Date, ResID) VALUES (403, '2021-08-21', 1811);
INSERT INTO Occupancies(RoomNo, Date, ResID) VALUES (403, '2021-08-22', 1811);
INSERT INTO Occupancies(RoomNo, Date, ResID) VALUES (403, '2021-08-23', 1811);
INSERT INTO Occupancies(RoomNo, Date, ResID) VALUES (403, '2021-08-24', 1811);
INSERT INTO Occupancies(RoomNo, Date, ResID) VALUES (403, '2021-08-25', 1811);
#1812
INSERT INTO Customers(Fname, Lname, Phone, Email) VALUES ("Laney", "Kutch", '631-640-7240', "Laney_Kutch@gmail.com");
INSERT INTO Reservations(ID, StartDate, EndDate, NumGuests, CustomerID, Source, BookedAt) VALUES(1812, '2020-10-03', '2020-10-08', 4, 1812, 'OTA', '2020-12-28 02:48:10');
INSERT INTO Occupancies(RoomNo, Date, ResID) VALUES (101, '2020-10-03', 1812);
INSERT INTO Occupancies(RoomNo, Date, ResID) VALUES (101, '2020-10-04', 1812);
INSERT INTO Occupancies(RoomNo, Date, ResID) VALUES (101, '2020-10-05', 1812);
INSERT INTO Occupancies(RoomNo, Date, ResID) VALUES (101, '2020-10-06', 1812);
INSERT INTO Occupancies(RoomNo, Date, ResID) VALUES (101, '2020-10-07', 1812);
#1813
INSERT INTO Customers(Fname, Lname, Phone, Email) VALUES ("Annabell", "Stoltenberg", '273-378-5757', "Annabell_Stoltenberg@gmail.com");
INSERT INTO Reservations(ID, StartDate, EndDate, NumGuests, CustomerID, Source, BookedAt) VALUES(1813, '2021-05-10', '2021-05-12', 4, 1813, 'OTA', '2020-12-28 02:48:10');
INSERT INTO Occupancies(RoomNo, Date, ResID) VALUES (405, '2021-05-10', 1813);
INSERT INTO Occupancies(RoomNo, Date, ResID) VALUES (405, '2021-05-11', 1813);
#1814
INSERT INTO Customers(Fname, Lname, Phone, Email) VALUES ("Sigrid", "Romaguera", '516-619-5635', "Sigrid_Romaguera@gmail.com");
INSERT INTO Reservations(ID, StartDate, EndDate, NumGuests, CustomerID, Source, BookedAt) VALUES(1814, '2020-03-05', '2020-03-07', 3, 1814, 'corporate', '2020-12-28 02:48:10');
INSERT INTO Occupancies(RoomNo, Date, ResID) VALUES (501, '2020-03-05', 1814);
INSERT INTO Occupancies(RoomNo, Date, ResID) VALUES (501, '2020-03-06', 1814);
#1815
INSERT INTO Customers(Fname, Lname, Phone, Email) VALUES ("Jazmin", "Labadie", '874-231-9179', "Jazmin_Labadie@gmail.com");
INSERT INTO Reservations(ID, StartDate, EndDate, NumGuests, CustomerID, Source, BookedAt) VALUES(1815, '2021-12-03', '2021-12-06', 4, 1815, 'OTA', '2020-12-28 02:48:10');
INSERT INTO Occupancies(RoomNo, Date, ResID) VALUES (305, '2021-12-03', 1815);
INSERT INTO Occupancies(RoomNo, Date, ResID) VALUES (305, '2021-12-04', 1815);
INSERT INTO Occupancies(RoomNo, Date, ResID) VALUES (305, '2021-12-05', 1815);
#1816
INSERT INTO Customers(Fname, Lname, Phone, Email) VALUES ("Jarvis", "Lemke", '242-385-2383', "Jarvis_Lemke@gmail.com");
INSERT INTO Reservations(ID, StartDate, EndDate, NumGuests, CustomerID, Source, BookedAt) VALUES(1816, '2020-02-06', '2020-02-07', 1, 1816, 'OTA', '2020-12-28 02:48:10');
INSERT INTO Occupancies(RoomNo, Date, ResID) VALUES (203, '2020-02-06', 1816);
#1817
INSERT INTO Customers(Fname, Lname, Phone, Email) VALUES ("Damaris", "Walter", '564-384-3997', "Damaris_Walter@gmail.com");
INSERT INTO Reservations(ID, StartDate, EndDate, NumGuests, CustomerID, Source, BookedAt) VALUES(1817, '2021-06-10', '2021-06-14', 1, 1817, 'direct', '2020-12-28 02:48:10');
INSERT INTO Occupancies(RoomNo, Date, ResID) VALUES (502, '2021-06-10', 1817);
INSERT INTO Occupancies(RoomNo, Date, ResID) VALUES (502, '2021-06-11', 1817);
INSERT INTO Occupancies(RoomNo, Date, ResID) VALUES (502, '2021-06-12', 1817);
INSERT INTO Occupancies(RoomNo, Date, ResID) VALUES (502, '2021-06-13', 1817);
#1818
INSERT INTO Customers(Fname, Lname, Phone, Email) VALUES ("Iva", "Berge", '876-608-7809', "Iva_Berge@gmail.com");
INSERT INTO Reservations(ID, StartDate, EndDate, NumGuests, CustomerID, Source, BookedAt) VALUES(1818, '2020-06-25', '2020-06-29', 1, 1818, 'direct', '2020-12-28 02:48:10');
INSERT INTO Occupancies(RoomNo, Date, ResID) VALUES (303, '2020-06-25', 1818);
INSERT INTO Occupancies(RoomNo, Date, ResID) VALUES (303, '2020-06-26', 1818);
INSERT INTO Occupancies(RoomNo, Date, ResID) VALUES (303, '2020-06-27', 1818);
INSERT INTO Occupancies(RoomNo, Date, ResID) VALUES (303, '2020-06-28', 1818);
#1819
INSERT INTO Customers(Fname, Lname, Phone, Email) VALUES ("Krystal", "Raynor", '528-439-4923', "Krystal_Raynor@gmail.com");
INSERT INTO Reservations(ID, StartDate, EndDate, NumGuests, CustomerID, Source, BookedAt) VALUES(1819, '2020-06-13', '2020-06-15', 1, 1819, 'OTA', '2020-12-28 02:48:10');
INSERT INTO Occupancies(RoomNo, Date, ResID) VALUES (403, '2020-06-13', 1819);
INSERT INTO Occupancies(RoomNo, Date, ResID) VALUES (403, '2020-06-14', 1819);
#1820
INSERT INTO Customers(Fname, Lname, Phone, Email) VALUES ("Kellen", "Lemke", '431-934-2362', "Kellen_Lemke@gmail.com");
INSERT INTO Reservations(ID, StartDate, EndDate, NumGuests, CustomerID, Source, BookedAt) VALUES(1820, '2020-05-20', '2020-05-25', 3, 1820, 'direct', '2020-12-28 02:48:10');
INSERT INTO Occupancies(RoomNo, Date, ResID) VALUES (502, '2020-05-20', 1820);
INSERT INTO Occupancies(RoomNo, Date, ResID) VALUES (502, '2020-05-21', 1820);
INSERT INTO Occupancies(RoomNo, Date, ResID) VALUES (502, '2020-05-22', 1820);
INSERT INTO Occupancies(RoomNo, Date, ResID) VALUES (502, '2020-05-23', 1820);
INSERT INTO Occupancies(RoomNo, Date, ResID) VALUES (502, '2020-05-24', 1820);
#1821
INSERT INTO Customers(Fname, Lname, Phone, Email) VALUES ("Earlene", "Prohaska", '776-548-9768', "Earlene_Prohaska@gmail.com");
INSERT INTO Reservations(ID, StartDate, EndDate, NumGuests, CustomerID, Source, BookedAt) VALUES(1821, '2020-05-27', '2020-05-28', 4, 1821, 'corporate', '2020-12-28 02:48:10');
INSERT INTO Occupancies(RoomNo, Date, ResID) VALUES (505, '2020-05-27', 1821);
#1822
INSERT INTO Customers(Fname, Lname, Phone, Email) VALUES ("Raleigh", "Nikolaus", '652-507-6024', "Raleigh_Nikolaus@gmail.com");
INSERT INTO Reservations(ID, StartDate, EndDate, NumGuests, CustomerID, Source, BookedAt) VALUES(1822, '2020-04-17', '2020-04-18', 1, 1822, 'OTA', '2020-12-28 02:48:10');
INSERT INTO Occupancies(RoomNo, Date, ResID) VALUES (301, '2020-04-17', 1822);
#1823
INSERT INTO Customers(Fname, Lname, Phone, Email) VALUES ("Dakota", "Fahey", '786-297-1559', "Dakota_Fahey@gmail.com");
INSERT INTO Reservations(ID, StartDate, EndDate, NumGuests, CustomerID, Source, BookedAt) VALUES(1823, '2020-09-07', '2020-09-09', 5, 1823, 'corporate', '2020-12-28 02:48:10');
INSERT INTO Occupancies(RoomNo, Date, ResID) VALUES (203, '2020-09-07', 1823);
INSERT INTO Occupancies(RoomNo, Date, ResID) VALUES (203, '2020-09-08', 1823);
#1824
INSERT INTO Customers(Fname, Lname, Phone, Email) VALUES ("Lenore", "Osinski", '946-993-7123', "Lenore_Osinski@gmail.com");
INSERT INTO Reservations(ID, StartDate, EndDate, NumGuests, CustomerID, Source, BookedAt) VALUES(1824, '2021-10-24', '2021-10-28', 2, 1824, 'agency', '2020-12-28 02:48:10');
INSERT INTO Occupancies(RoomNo, Date, ResID) VALUES (403, '2021-10-24', 1824);
INSERT INTO Occupancies(RoomNo, Date, ResID) VALUES (403, '2021-10-25', 1824);
INSERT INTO Occupancies(RoomNo, Date, ResID) VALUES (403, '2021-10-26', 1824);
INSERT INTO Occupancies(RoomNo, Date, ResID) VALUES (403, '2021-10-27', 1824);
#1825
INSERT INTO Customers(Fname, Lname, Phone, Email) VALUES ("Jazmin", "Tromp", '872-332-3032', "Jazmin_Tromp@gmail.com");
INSERT INTO Reservations(ID, StartDate, EndDate, NumGuests, CustomerID, Source, BookedAt) VALUES(1825, '2021-12-20', '2021-12-22', 3, 1825, 'direct', '2020-12-28 02:48:10');
INSERT INTO Occupancies(RoomNo, Date, ResID) VALUES (204, '2021-12-20', 1825);
INSERT INTO Occupancies(RoomNo, Date, ResID) VALUES (204, '2021-12-21', 1825);
#1826
INSERT INTO Customers(Fname, Lname, Phone, Email) VALUES ("Sasha", "Kessler", '929-525-8555', "Sasha_Kessler@gmail.com");
INSERT INTO Reservations(ID, StartDate, EndDate, NumGuests, CustomerID, Source, BookedAt) VALUES(1826, '2020-02-27', '2020-03-02', 3, 1826, 'corporate', '2020-12-28 02:48:10');
INSERT INTO Occupancies(RoomNo, Date, ResID) VALUES (203, '2020-02-27', 1826);
INSERT INTO Occupancies(RoomNo, Date, ResID) VALUES (203, '2020-02-28', 1826);
INSERT INTO Occupancies(RoomNo, Date, ResID) VALUES (203, '2020-02-29', 1826);
INSERT INTO Occupancies(RoomNo, Date, ResID) VALUES (203, '2020-03-01', 1826);
#1827
INSERT INTO Customers(Fname, Lname, Phone, Email) VALUES ("Merl", "Hessel", '844-291-7064', "Merl_Hessel@gmail.com");
INSERT INTO Reservations(ID, StartDate, EndDate, NumGuests, CustomerID, Source, BookedAt) VALUES(1827, '2020-09-16', '2020-09-17', 3, 1827, 'direct', '2020-12-28 02:48:10');
INSERT INTO Occupancies(RoomNo, Date, ResID) VALUES (402, '2020-09-16', 1827);
#1828
INSERT INTO Customers(Fname, Lname, Phone, Email) VALUES ("Chasity", "Oberbrunner", '953-323-7572', "Chasity_Oberbrunner@gmail.com");
INSERT INTO Reservations(ID, StartDate, EndDate, NumGuests, CustomerID, Source, BookedAt) VALUES(1828, '2020-02-01', '2020-02-06', 5, 1828, 'direct', '2020-12-28 02:48:10');
INSERT INTO Occupancies(RoomNo, Date, ResID) VALUES (304, '2020-02-01', 1828);
INSERT INTO Occupancies(RoomNo, Date, ResID) VALUES (304, '2020-02-02', 1828);
INSERT INTO Occupancies(RoomNo, Date, ResID) VALUES (304, '2020-02-03', 1828);
INSERT INTO Occupancies(RoomNo, Date, ResID) VALUES (304, '2020-02-04', 1828);
INSERT INTO Occupancies(RoomNo, Date, ResID) VALUES (304, '2020-02-05', 1828);
#1829
INSERT INTO Customers(Fname, Lname, Phone, Email) VALUES ("Chad", "Dooley", '285-830-8860', "Chad_Dooley@gmail.com");
INSERT INTO Reservations(ID, StartDate, EndDate, NumGuests, CustomerID, Source, BookedAt) VALUES(1829, '2020-06-17', '2020-06-21', 5, 1829, 'OTA', '2020-12-28 02:48:10');
INSERT INTO Occupancies(RoomNo, Date, ResID) VALUES (301, '2020-06-17', 1829);
INSERT INTO Occupancies(RoomNo, Date, ResID) VALUES (301, '2020-06-18', 1829);
INSERT INTO Occupancies(RoomNo, Date, ResID) VALUES (301, '2020-06-19', 1829);
INSERT INTO Occupancies(RoomNo, Date, ResID) VALUES (301, '2020-06-20', 1829);
#1830
INSERT INTO Customers(Fname, Lname, Phone, Email) VALUES ("Dayana", "Powlowski", '209-412-4402', "Dayana_Powlowski@gmail.com");
INSERT INTO Reservations(ID, StartDate, EndDate, NumGuests, CustomerID, Source, BookedAt) VALUES(1830, '2020-12-24', '2020-12-25', 2, 1830, 'agency', '2020-12-28 02:48:10');
INSERT INTO Occupancies(RoomNo, Date, ResID) VALUES (405, '2020-12-24', 1830);
#1831
INSERT INTO Customers(Fname, Lname, Phone, Email) VALUES ("Gillian", "Simonis", '407-323-4989', "Gillian_Simonis@gmail.com");
INSERT INTO Reservations(ID, StartDate, EndDate, NumGuests, CustomerID, Source, BookedAt) VALUES(1831, '2020-01-28', '2020-01-29', 1, 1831, 'direct', '2020-12-28 02:48:10');
INSERT INTO Occupancies(RoomNo, Date, ResID) VALUES (506, '2020-01-28', 1831);
#1832
INSERT INTO Customers(Fname, Lname, Phone, Email) VALUES ("Jakob", "Sanford", '895-479-8000', "Jakob_Sanford@gmail.com");
INSERT INTO Reservations(ID, StartDate, EndDate, NumGuests, CustomerID, Source, BookedAt) VALUES(1832, '2020-02-04', '2020-02-05', 3, 1832, 'corporate', '2020-12-28 02:48:10');
INSERT INTO Occupancies(RoomNo, Date, ResID) VALUES (201, '2020-02-04', 1832);
#1833
INSERT INTO Customers(Fname, Lname, Phone, Email) VALUES ("Kennedi", "Schaefer", '688-368-8029', "Kennedi_Schaefer@gmail.com");
INSERT INTO Reservations(ID, StartDate, EndDate, NumGuests, CustomerID, Source, BookedAt) VALUES(1833, '2020-10-20', '2020-10-23', 2, 1833, 'OTA', '2020-12-28 02:48:10');
INSERT INTO Occupancies(RoomNo, Date, ResID) VALUES (203, '2020-10-20', 1833);
INSERT INTO Occupancies(RoomNo, Date, ResID) VALUES (203, '2020-10-21', 1833);
INSERT INTO Occupancies(RoomNo, Date, ResID) VALUES (203, '2020-10-22', 1833);
#1834
INSERT INTO Customers(Fname, Lname, Phone, Email) VALUES ("Lacey", "Witting", '724-774-0883', "Lacey_Witting@gmail.com");
INSERT INTO Reservations(ID, StartDate, EndDate, NumGuests, CustomerID, Source, BookedAt) VALUES(1834, '2020-07-01', '2020-07-02', 5, 1834, 'OTA', '2020-12-28 02:48:10');
INSERT INTO Occupancies(RoomNo, Date, ResID) VALUES (102, '2020-07-01', 1834);
#1835
INSERT INTO Customers(Fname, Lname, Phone, Email) VALUES ("Audra", "Frami", '493-779-7202', "Audra_Frami@gmail.com");
INSERT INTO Reservations(ID, StartDate, EndDate, NumGuests, CustomerID, Source, BookedAt) VALUES(1835, '2020-05-31', '2020-06-04', 1, 1835, 'direct', '2020-12-28 02:48:10');
INSERT INTO Occupancies(RoomNo, Date, ResID) VALUES (504, '2020-05-31', 1835);
INSERT INTO Occupancies(RoomNo, Date, ResID) VALUES (504, '2020-06-01', 1835);
INSERT INTO Occupancies(RoomNo, Date, ResID) VALUES (504, '2020-06-02', 1835);
INSERT INTO Occupancies(RoomNo, Date, ResID) VALUES (504, '2020-06-03', 1835);
#1836
INSERT INTO Customers(Fname, Lname, Phone, Email) VALUES ("Baron", "Koelpin", '941-875-7693', "Baron_Koelpin@gmail.com");
INSERT INTO Reservations(ID, StartDate, EndDate, NumGuests, CustomerID, Source, BookedAt) VALUES(1836, '2020-03-23', '2020-03-25', 2, 1836, 'direct', '2020-12-28 02:48:10');
INSERT INTO Occupancies(RoomNo, Date, ResID) VALUES (503, '2020-03-23', 1836);
INSERT INTO Occupancies(RoomNo, Date, ResID) VALUES (503, '2020-03-24', 1836);
#1837
INSERT INTO Customers(Fname, Lname, Phone, Email) VALUES ("Dayton", "Weimann", '399-272-6530', "Dayton_Weimann@gmail.com");
INSERT INTO Reservations(ID, StartDate, EndDate, NumGuests, CustomerID, Source, BookedAt) VALUES(1837, '2020-06-11', '2020-06-16', 1, 1837, 'corporate', '2020-12-28 02:48:10');
INSERT INTO Occupancies(RoomNo, Date, ResID) VALUES (303, '2020-06-11', 1837);
INSERT INTO Occupancies(RoomNo, Date, ResID) VALUES (303, '2020-06-12', 1837);
INSERT INTO Occupancies(RoomNo, Date, ResID) VALUES (303, '2020-06-13', 1837);
INSERT INTO Occupancies(RoomNo, Date, ResID) VALUES (303, '2020-06-14', 1837);
INSERT INTO Occupancies(RoomNo, Date, ResID) VALUES (303, '2020-06-15', 1837);
#1838
INSERT INTO Customers(Fname, Lname, Phone, Email) VALUES ("Quentin", "Howell", '395-555-6380', "Quentin_Howell@gmail.com");
INSERT INTO Reservations(ID, StartDate, EndDate, NumGuests, CustomerID, Source, BookedAt) VALUES(1838, '2020-07-14', '2020-07-18', 5, 1838, 'direct', '2020-12-28 02:48:10');
INSERT INTO Occupancies(RoomNo, Date, ResID) VALUES (502, '2020-07-14', 1838);
INSERT INTO Occupancies(RoomNo, Date, ResID) VALUES (502, '2020-07-15', 1838);
INSERT INTO Occupancies(RoomNo, Date, ResID) VALUES (502, '2020-07-16', 1838);
INSERT INTO Occupancies(RoomNo, Date, ResID) VALUES (502, '2020-07-17', 1838);
#1839
INSERT INTO Customers(Fname, Lname, Phone, Email) VALUES ("Dewayne", "Swift", '355-413-1000', "Dewayne_Swift@gmail.com");
INSERT INTO Reservations(ID, StartDate, EndDate, NumGuests, CustomerID, Source, BookedAt) VALUES(1839, '2020-04-08', '2020-04-12', 4, 1839, 'corporate', '2020-12-28 02:48:10');
INSERT INTO Occupancies(RoomNo, Date, ResID) VALUES (202, '2020-04-08', 1839);
INSERT INTO Occupancies(RoomNo, Date, ResID) VALUES (202, '2020-04-09', 1839);
INSERT INTO Occupancies(RoomNo, Date, ResID) VALUES (202, '2020-04-10', 1839);
INSERT INTO Occupancies(RoomNo, Date, ResID) VALUES (202, '2020-04-11', 1839);
#1840
INSERT INTO Customers(Fname, Lname, Phone, Email) VALUES ("Trey", "Mann", '887-825-0157', "Trey_Mann@gmail.com");
INSERT INTO Reservations(ID, StartDate, EndDate, NumGuests, CustomerID, Source, BookedAt) VALUES(1840, '2020-01-06', '2020-01-07', 4, 1840, 'OTA', '2020-12-28 02:48:10');
INSERT INTO Occupancies(RoomNo, Date, ResID) VALUES (305, '2020-01-06', 1840);
#1841
INSERT INTO Customers(Fname, Lname, Phone, Email) VALUES ("Yessenia", "Zboncak", '454-689-0643', "Yessenia_Zboncak@gmail.com");
INSERT INTO Reservations(ID, StartDate, EndDate, NumGuests, CustomerID, Source, BookedAt) VALUES(1841, '2020-09-26', '2020-09-27', 2, 1841, 'direct', '2020-12-28 02:48:10');
INSERT INTO Occupancies(RoomNo, Date, ResID) VALUES (106, '2020-09-26', 1841);
#1842
INSERT INTO Customers(Fname, Lname, Phone, Email) VALUES ("Erik", "Weissnat", '630-557-9488', "Erik_Weissnat@gmail.com");
INSERT INTO Reservations(ID, StartDate, EndDate, NumGuests, CustomerID, Source, BookedAt) VALUES(1842, '2020-07-08', '2020-07-11', 1, 1842, 'direct', '2020-12-28 02:48:10');
INSERT INTO Occupancies(RoomNo, Date, ResID) VALUES (105, '2020-07-08', 1842);
INSERT INTO Occupancies(RoomNo, Date, ResID) VALUES (105, '2020-07-09', 1842);
INSERT INTO Occupancies(RoomNo, Date, ResID) VALUES (105, '2020-07-10', 1842);
#1843
INSERT INTO Customers(Fname, Lname, Phone, Email) VALUES ("Catherine", "Powlowski", '514-699-1976', "Catherine_Powlowski@gmail.com");
INSERT INTO Reservations(ID, StartDate, EndDate, NumGuests, CustomerID, Source, BookedAt) VALUES(1843, '2021-03-21', '2021-03-25', 1, 1843, 'direct', '2020-12-28 02:48:10');
INSERT INTO Occupancies(RoomNo, Date, ResID) VALUES (303, '2021-03-21', 1843);
INSERT INTO Occupancies(RoomNo, Date, ResID) VALUES (303, '2021-03-22', 1843);
INSERT INTO Occupancies(RoomNo, Date, ResID) VALUES (303, '2021-03-23', 1843);
INSERT INTO Occupancies(RoomNo, Date, ResID) VALUES (303, '2021-03-24', 1843);
#1844
INSERT INTO Customers(Fname, Lname, Phone, Email) VALUES ("Kenyatta", "Lind", '491-502-5484', "Kenyatta_Lind@gmail.com");
INSERT INTO Reservations(ID, StartDate, EndDate, NumGuests, CustomerID, Source, BookedAt) VALUES(1844, '2020-02-04', '2020-02-05', 3, 1844, 'OTA', '2020-12-28 02:48:10');
INSERT INTO Occupancies(RoomNo, Date, ResID) VALUES (306, '2020-02-04', 1844);
#1845
INSERT INTO Customers(Fname, Lname, Phone, Email) VALUES ("Santina", "Gaylord", '673-755-9745', "Santina_Gaylord@gmail.com");
INSERT INTO Reservations(ID, StartDate, EndDate, NumGuests, CustomerID, Source, BookedAt) VALUES(1845, '2020-06-01', '2020-06-03', 1, 1845, 'corporate', '2020-12-28 02:48:10');
INSERT INTO Occupancies(RoomNo, Date, ResID) VALUES (105, '2020-06-01', 1845);
INSERT INTO Occupancies(RoomNo, Date, ResID) VALUES (105, '2020-06-02', 1845);
#1846
INSERT INTO Customers(Fname, Lname, Phone, Email) VALUES ("Quinton", "Lindgren", '562-345-5174', "Quinton_Lindgren@gmail.com");
INSERT INTO Reservations(ID, StartDate, EndDate, NumGuests, CustomerID, Source, BookedAt) VALUES(1846, '2020-04-19', '2020-04-23', 2, 1846, 'direct', '2020-12-28 02:48:10');
INSERT INTO Occupancies(RoomNo, Date, ResID) VALUES (303, '2020-04-19', 1846);
INSERT INTO Occupancies(RoomNo, Date, ResID) VALUES (303, '2020-04-20', 1846);
INSERT INTO Occupancies(RoomNo, Date, ResID) VALUES (303, '2020-04-21', 1846);
INSERT INTO Occupancies(RoomNo, Date, ResID) VALUES (303, '2020-04-22', 1846);
#1847
INSERT INTO Customers(Fname, Lname, Phone, Email) VALUES ("Agnes", "Ward", '625-841-6108', "Agnes_Ward@gmail.com");
INSERT INTO Reservations(ID, StartDate, EndDate, NumGuests, CustomerID, Source, BookedAt) VALUES(1847, '2020-05-16', '2020-05-19', 5, 1847, 'OTA', '2020-12-28 02:48:10');
INSERT INTO Occupancies(RoomNo, Date, ResID) VALUES (104, '2020-05-16', 1847);
INSERT INTO Occupancies(RoomNo, Date, ResID) VALUES (104, '2020-05-17', 1847);
INSERT INTO Occupancies(RoomNo, Date, ResID) VALUES (104, '2020-05-18', 1847);
#1848
INSERT INTO Customers(Fname, Lname, Phone, Email) VALUES ("Elissa", "Wyman", '934-614-6443', "Elissa_Wyman@gmail.com");
INSERT INTO Reservations(ID, StartDate, EndDate, NumGuests, CustomerID, Source, BookedAt) VALUES(1848, '2020-03-30', '2020-04-04', 4, 1848, 'agency', '2020-12-28 02:48:10');
INSERT INTO Occupancies(RoomNo, Date, ResID) VALUES (103, '2020-03-30', 1848);
INSERT INTO Occupancies(RoomNo, Date, ResID) VALUES (103, '2020-03-31', 1848);
INSERT INTO Occupancies(RoomNo, Date, ResID) VALUES (103, '2020-04-01', 1848);
INSERT INTO Occupancies(RoomNo, Date, ResID) VALUES (103, '2020-04-02', 1848);
INSERT INTO Occupancies(RoomNo, Date, ResID) VALUES (103, '2020-04-03', 1848);
#1849
INSERT INTO Customers(Fname, Lname, Phone, Email) VALUES ("Laura", "Lowe", '927-984-6099', "Laura_Lowe@gmail.com");
INSERT INTO Reservations(ID, StartDate, EndDate, NumGuests, CustomerID, Source, BookedAt) VALUES(1849, '2021-07-03', '2021-07-07', 1, 1849, 'agency', '2020-12-28 02:48:10');
INSERT INTO Occupancies(RoomNo, Date, ResID) VALUES (502, '2021-07-03', 1849);
INSERT INTO Occupancies(RoomNo, Date, ResID) VALUES (502, '2021-07-04', 1849);
INSERT INTO Occupancies(RoomNo, Date, ResID) VALUES (502, '2021-07-05', 1849);
INSERT INTO Occupancies(RoomNo, Date, ResID) VALUES (502, '2021-07-06', 1849);
#1850
INSERT INTO Customers(Fname, Lname, Phone, Email) VALUES ("Carmela", "Green", '915-219-8959', "Carmela_Green@gmail.com");
INSERT INTO Reservations(ID, StartDate, EndDate, NumGuests, CustomerID, Source, BookedAt) VALUES(1850, '2021-06-16', '2021-06-17', 3, 1850, 'direct', '2020-12-28 02:48:10');
INSERT INTO Occupancies(RoomNo, Date, ResID) VALUES (205, '2021-06-16', 1850);
#1851
INSERT INTO Customers(Fname, Lname, Phone, Email) VALUES ("Adela", "Rodriguez", '666-393-0033', "Adela_Rodriguez@gmail.com");
INSERT INTO Reservations(ID, StartDate, EndDate, NumGuests, CustomerID, Source, BookedAt) VALUES(1851, '2021-06-01', '2021-06-06', 1, 1851, 'OTA', '2020-12-28 02:48:10');
INSERT INTO Occupancies(RoomNo, Date, ResID) VALUES (402, '2021-06-01', 1851);
INSERT INTO Occupancies(RoomNo, Date, ResID) VALUES (402, '2021-06-02', 1851);
INSERT INTO Occupancies(RoomNo, Date, ResID) VALUES (402, '2021-06-03', 1851);
INSERT INTO Occupancies(RoomNo, Date, ResID) VALUES (402, '2021-06-04', 1851);
INSERT INTO Occupancies(RoomNo, Date, ResID) VALUES (402, '2021-06-05', 1851);
#1852
INSERT INTO Customers(Fname, Lname, Phone, Email) VALUES ("Dennis", "Murphy", '398-645-9769', "Dennis_Murphy@gmail.com");
INSERT INTO Reservations(ID, StartDate, EndDate, NumGuests, CustomerID, Source, BookedAt) VALUES(1852, '2020-07-30', '2020-08-03', 3, 1852, 'direct', '2020-12-28 02:48:10');
INSERT INTO Occupancies(RoomNo, Date, ResID) VALUES (102, '2020-07-30', 1852);
INSERT INTO Occupancies(RoomNo, Date, ResID) VALUES (102, '2020-07-31', 1852);
INSERT INTO Occupancies(RoomNo, Date, ResID) VALUES (102, '2020-08-01', 1852);
INSERT INTO Occupancies(RoomNo, Date, ResID) VALUES (102, '2020-08-02', 1852);
#1853
INSERT INTO Customers(Fname, Lname, Phone, Email) VALUES ("Walter", "Morar", '792-517-8233', "Walter_Morar@gmail.com");
INSERT INTO Reservations(ID, StartDate, EndDate, NumGuests, CustomerID, Source, BookedAt) VALUES(1853, '2020-11-06', '2020-11-08', 3, 1853, 'OTA', '2020-12-28 02:48:10');
INSERT INTO Occupancies(RoomNo, Date, ResID) VALUES (502, '2020-11-06', 1853);
INSERT INTO Occupancies(RoomNo, Date, ResID) VALUES (502, '2020-11-07', 1853);
#1854
INSERT INTO Customers(Fname, Lname, Phone, Email) VALUES ("Russel", "Koepp", '691-859-8439', "Russel_Koepp@gmail.com");
INSERT INTO Reservations(ID, StartDate, EndDate, NumGuests, CustomerID, Source, BookedAt) VALUES(1854, '2020-11-08', '2020-11-10', 5, 1854, 'OTA', '2020-12-28 02:48:10');
INSERT INTO Occupancies(RoomNo, Date, ResID) VALUES (506, '2020-11-08', 1854);
INSERT INTO Occupancies(RoomNo, Date, ResID) VALUES (506, '2020-11-09', 1854);
#1855
INSERT INTO Customers(Fname, Lname, Phone, Email) VALUES ("Idella", "Ernser", '257-264-6074', "Idella_Ernser@gmail.com");
INSERT INTO Reservations(ID, StartDate, EndDate, NumGuests, CustomerID, Source, BookedAt) VALUES(1855, '2020-04-13', '2020-04-14', 2, 1855, 'OTA', '2020-12-28 02:48:10');
INSERT INTO Occupancies(RoomNo, Date, ResID) VALUES (201, '2020-04-13', 1855);
#1856
INSERT INTO Customers(Fname, Lname, Phone, Email) VALUES ("Nicklaus", "Wisozk", '436-339-0076', "Nicklaus_Wisozk@gmail.com");
INSERT INTO Reservations(ID, StartDate, EndDate, NumGuests, CustomerID, Source, BookedAt) VALUES(1856, '2020-04-21', '2020-04-26', 1, 1856, 'direct', '2020-12-28 02:48:10');
INSERT INTO Occupancies(RoomNo, Date, ResID) VALUES (306, '2020-04-21', 1856);
INSERT INTO Occupancies(RoomNo, Date, ResID) VALUES (306, '2020-04-22', 1856);
INSERT INTO Occupancies(RoomNo, Date, ResID) VALUES (306, '2020-04-23', 1856);
INSERT INTO Occupancies(RoomNo, Date, ResID) VALUES (306, '2020-04-24', 1856);
INSERT INTO Occupancies(RoomNo, Date, ResID) VALUES (306, '2020-04-25', 1856);
#1857
INSERT INTO Customers(Fname, Lname, Phone, Email) VALUES ("Myah", "Stanton", '611-529-7362', "Myah_Stanton@gmail.com");
INSERT INTO Reservations(ID, StartDate, EndDate, NumGuests, CustomerID, Source, BookedAt) VALUES(1857, '2020-07-07', '2020-07-11', 2, 1857, 'agency', '2020-12-28 02:48:10');
INSERT INTO Occupancies(RoomNo, Date, ResID) VALUES (102, '2020-07-07', 1857);
INSERT INTO Occupancies(RoomNo, Date, ResID) VALUES (102, '2020-07-08', 1857);
INSERT INTO Occupancies(RoomNo, Date, ResID) VALUES (102, '2020-07-09', 1857);
INSERT INTO Occupancies(RoomNo, Date, ResID) VALUES (102, '2020-07-10', 1857);
#1858
INSERT INTO Customers(Fname, Lname, Phone, Email) VALUES ("Johathan", "Green", '246-528-2750', "Johathan_Green@gmail.com");
INSERT INTO Reservations(ID, StartDate, EndDate, NumGuests, CustomerID, Source, BookedAt) VALUES(1858, '2020-10-01', '2020-10-02', 3, 1858, 'corporate', '2020-12-28 02:48:10');
INSERT INTO Occupancies(RoomNo, Date, ResID) VALUES (401, '2020-10-01', 1858);
#1859
INSERT INTO Customers(Fname, Lname, Phone, Email) VALUES ("Laurine", "Parker", '314-566-0209', "Laurine_Parker@gmail.com");
INSERT INTO Reservations(ID, StartDate, EndDate, NumGuests, CustomerID, Source, BookedAt) VALUES(1859, '2020-04-28', '2020-05-03', 4, 1859, 'OTA', '2020-12-28 02:48:10');
INSERT INTO Occupancies(RoomNo, Date, ResID) VALUES (202, '2020-04-28', 1859);
INSERT INTO Occupancies(RoomNo, Date, ResID) VALUES (202, '2020-04-29', 1859);
INSERT INTO Occupancies(RoomNo, Date, ResID) VALUES (202, '2020-04-30', 1859);
INSERT INTO Occupancies(RoomNo, Date, ResID) VALUES (202, '2020-05-01', 1859);
INSERT INTO Occupancies(RoomNo, Date, ResID) VALUES (202, '2020-05-02', 1859);
#1860
INSERT INTO Customers(Fname, Lname, Phone, Email) VALUES ("Edythe", "Lemke", '330-481-4177', "Edythe_Lemke@gmail.com");
INSERT INTO Reservations(ID, StartDate, EndDate, NumGuests, CustomerID, Source, BookedAt) VALUES(1860, '2020-07-02', '2020-07-03', 5, 1860, 'OTA', '2020-12-28 02:48:10');
INSERT INTO Occupancies(RoomNo, Date, ResID) VALUES (503, '2020-07-02', 1860);
#1861
INSERT INTO Customers(Fname, Lname, Phone, Email) VALUES ("Janessa", "Smitham", '495-576-9793', "Janessa_Smitham@gmail.com");
INSERT INTO Reservations(ID, StartDate, EndDate, NumGuests, CustomerID, Source, BookedAt) VALUES(1861, '2021-02-18', '2021-02-23', 4, 1861, 'direct', '2020-12-28 02:48:10');
INSERT INTO Occupancies(RoomNo, Date, ResID) VALUES (306, '2021-02-18', 1861);
INSERT INTO Occupancies(RoomNo, Date, ResID) VALUES (306, '2021-02-19', 1861);
INSERT INTO Occupancies(RoomNo, Date, ResID) VALUES (306, '2021-02-20', 1861);
INSERT INTO Occupancies(RoomNo, Date, ResID) VALUES (306, '2021-02-21', 1861);
INSERT INTO Occupancies(RoomNo, Date, ResID) VALUES (306, '2021-02-22', 1861);
#1862
INSERT INTO Customers(Fname, Lname, Phone, Email) VALUES ("Ahmed", "Lebsack", '767-885-3204', "Ahmed_Lebsack@gmail.com");
INSERT INTO Reservations(ID, StartDate, EndDate, NumGuests, CustomerID, Source, BookedAt) VALUES(1862, '2020-10-05', '2020-10-08', 4, 1862, 'agency', '2020-12-28 02:48:10');
INSERT INTO Occupancies(RoomNo, Date, ResID) VALUES (305, '2020-10-05', 1862);
INSERT INTO Occupancies(RoomNo, Date, ResID) VALUES (305, '2020-10-06', 1862);
INSERT INTO Occupancies(RoomNo, Date, ResID) VALUES (305, '2020-10-07', 1862);
#1863
INSERT INTO Customers(Fname, Lname, Phone, Email) VALUES ("Ashley", "Grimes", '829-766-4965', "Ashley_Grimes@gmail.com");
INSERT INTO Reservations(ID, StartDate, EndDate, NumGuests, CustomerID, Source, BookedAt) VALUES(1863, '2020-01-21', '2020-01-22', 3, 1863, 'OTA', '2020-12-28 02:48:10');
INSERT INTO Occupancies(RoomNo, Date, ResID) VALUES (504, '2020-01-21', 1863);
#1864
INSERT INTO Customers(Fname, Lname, Phone, Email) VALUES ("Elta", "Zemlak", '993-926-2100', "Elta_Zemlak@gmail.com");
INSERT INTO Reservations(ID, StartDate, EndDate, NumGuests, CustomerID, Source, BookedAt) VALUES(1864, '2021-06-05', '2021-06-06', 4, 1864, 'direct', '2020-12-28 02:48:10');
INSERT INTO Occupancies(RoomNo, Date, ResID) VALUES (203, '2021-06-05', 1864);
#1865
INSERT INTO Customers(Fname, Lname, Phone, Email) VALUES ("Athena", "Wisoky", '716-970-9754', "Athena_Wisoky@gmail.com");
INSERT INTO Reservations(ID, StartDate, EndDate, NumGuests, CustomerID, Source, BookedAt) VALUES(1865, '2020-01-17', '2020-01-18', 2, 1865, 'corporate', '2020-12-28 02:48:10');
INSERT INTO Occupancies(RoomNo, Date, ResID) VALUES (402, '2020-01-17', 1865);
#1866
INSERT INTO Customers(Fname, Lname, Phone, Email) VALUES ("Saul", "Walter", '321-590-8141', "Saul_Walter@gmail.com");
INSERT INTO Reservations(ID, StartDate, EndDate, NumGuests, CustomerID, Source, BookedAt) VALUES(1866, '2020-01-27', '2020-01-29', 3, 1866, 'agency', '2020-12-28 02:48:10');
INSERT INTO Occupancies(RoomNo, Date, ResID) VALUES (104, '2020-01-27', 1866);
INSERT INTO Occupancies(RoomNo, Date, ResID) VALUES (104, '2020-01-28', 1866);
#1867
INSERT INTO Customers(Fname, Lname, Phone, Email) VALUES ("Russ", "Dicki", '478-337-8004', "Russ_Dicki@gmail.com");
INSERT INTO Reservations(ID, StartDate, EndDate, NumGuests, CustomerID, Source, BookedAt) VALUES(1867, '2020-11-11', '2020-11-14', 4, 1867, 'agency', '2020-12-28 02:48:10');
INSERT INTO Occupancies(RoomNo, Date, ResID) VALUES (105, '2020-11-11', 1867);
INSERT INTO Occupancies(RoomNo, Date, ResID) VALUES (105, '2020-11-12', 1867);
INSERT INTO Occupancies(RoomNo, Date, ResID) VALUES (105, '2020-11-13', 1867);
#1868
INSERT INTO Customers(Fname, Lname, Phone, Email) VALUES ("Julio", "Friesen", '582-466-3424', "Julio_Friesen@gmail.com");
INSERT INTO Reservations(ID, StartDate, EndDate, NumGuests, CustomerID, Source, BookedAt) VALUES(1868, '2020-12-01', '2020-12-03', 2, 1868, 'OTA', '2020-12-28 02:48:10');
INSERT INTO Occupancies(RoomNo, Date, ResID) VALUES (505, '2020-12-01', 1868);
INSERT INTO Occupancies(RoomNo, Date, ResID) VALUES (505, '2020-12-02', 1868);
#1869
INSERT INTO Customers(Fname, Lname, Phone, Email) VALUES ("Asia", "O'Reilly", '804-309-0504', "Asia_O'Reilly@gmail.com");
INSERT INTO Reservations(ID, StartDate, EndDate, NumGuests, CustomerID, Source, BookedAt) VALUES(1869, '2020-07-28', '2020-07-30', 2, 1869, 'direct', '2020-12-28 02:48:10');
INSERT INTO Occupancies(RoomNo, Date, ResID) VALUES (206, '2020-07-28', 1869);
INSERT INTO Occupancies(RoomNo, Date, ResID) VALUES (206, '2020-07-29', 1869);
#1870
INSERT INTO Customers(Fname, Lname, Phone, Email) VALUES ("Florine", "Lehner", '254-428-2826', "Florine_Lehner@gmail.com");
INSERT INTO Reservations(ID, StartDate, EndDate, NumGuests, CustomerID, Source, BookedAt) VALUES(1870, '2020-04-16', '2020-04-18', 1, 1870, 'direct', '2020-12-28 02:48:10');
INSERT INTO Occupancies(RoomNo, Date, ResID) VALUES (503, '2020-04-16', 1870);
INSERT INTO Occupancies(RoomNo, Date, ResID) VALUES (503, '2020-04-17', 1870);
#1871
INSERT INTO Customers(Fname, Lname, Phone, Email) VALUES ("Chelsie", "Durgan", '538-676-4194', "Chelsie_Durgan@gmail.com");
INSERT INTO Reservations(ID, StartDate, EndDate, NumGuests, CustomerID, Source, BookedAt) VALUES(1871, '2020-05-05', '2020-05-06', 1, 1871, 'agency', '2020-12-28 02:48:10');
INSERT INTO Occupancies(RoomNo, Date, ResID) VALUES (505, '2020-05-05', 1871);
#1872
INSERT INTO Customers(Fname, Lname, Phone, Email) VALUES ("Onie", "Larkin", '751-812-3550', "Onie_Larkin@gmail.com");
INSERT INTO Reservations(ID, StartDate, EndDate, NumGuests, CustomerID, Source, BookedAt) VALUES(1872, '2020-09-14', '2020-09-19', 5, 1872, 'corporate', '2020-12-28 02:48:10');
INSERT INTO Occupancies(RoomNo, Date, ResID) VALUES (206, '2020-09-14', 1872);
INSERT INTO Occupancies(RoomNo, Date, ResID) VALUES (206, '2020-09-15', 1872);
INSERT INTO Occupancies(RoomNo, Date, ResID) VALUES (206, '2020-09-16', 1872);
INSERT INTO Occupancies(RoomNo, Date, ResID) VALUES (206, '2020-09-17', 1872);
INSERT INTO Occupancies(RoomNo, Date, ResID) VALUES (206, '2020-09-18', 1872);
#1873
INSERT INTO Customers(Fname, Lname, Phone, Email) VALUES ("Abbigail", "Pagac", '801-735-4386', "Abbigail_Pagac@gmail.com");
INSERT INTO Reservations(ID, StartDate, EndDate, NumGuests, CustomerID, Source, BookedAt) VALUES(1873, '2021-06-23', '2021-06-28', 5, 1873, 'OTA', '2020-12-28 02:48:10');
INSERT INTO Occupancies(RoomNo, Date, ResID) VALUES (302, '2021-06-23', 1873);
INSERT INTO Occupancies(RoomNo, Date, ResID) VALUES (302, '2021-06-24', 1873);
INSERT INTO Occupancies(RoomNo, Date, ResID) VALUES (302, '2021-06-25', 1873);
INSERT INTO Occupancies(RoomNo, Date, ResID) VALUES (302, '2021-06-26', 1873);
INSERT INTO Occupancies(RoomNo, Date, ResID) VALUES (302, '2021-06-27', 1873);
#1874
INSERT INTO Customers(Fname, Lname, Phone, Email) VALUES ("Stephan", "Greenholt", '497-490-8732', "Stephan_Greenholt@gmail.com");
INSERT INTO Reservations(ID, StartDate, EndDate, NumGuests, CustomerID, Source, BookedAt) VALUES(1874, '2020-11-26', '2020-11-27', 2, 1874, 'direct', '2020-12-28 02:48:10');
INSERT INTO Occupancies(RoomNo, Date, ResID) VALUES (206, '2020-11-26', 1874);
#1875
INSERT INTO Customers(Fname, Lname, Phone, Email) VALUES ("Toy", "Ruecker", '408-861-3473', "Toy_Ruecker@gmail.com");
INSERT INTO Reservations(ID, StartDate, EndDate, NumGuests, CustomerID, Source, BookedAt) VALUES(1875, '2020-11-14', '2020-11-18', 1, 1875, 'OTA', '2020-12-28 02:48:10');
INSERT INTO Occupancies(RoomNo, Date, ResID) VALUES (105, '2020-11-14', 1875);
INSERT INTO Occupancies(RoomNo, Date, ResID) VALUES (105, '2020-11-15', 1875);
INSERT INTO Occupancies(RoomNo, Date, ResID) VALUES (105, '2020-11-16', 1875);
INSERT INTO Occupancies(RoomNo, Date, ResID) VALUES (105, '2020-11-17', 1875);
#1876
INSERT INTO Customers(Fname, Lname, Phone, Email) VALUES ("Reinhold", "Rath", '590-535-3028', "Reinhold_Rath@gmail.com");
INSERT INTO Reservations(ID, StartDate, EndDate, NumGuests, CustomerID, Source, BookedAt) VALUES(1876, '2020-08-23', '2020-08-27', 5, 1876, 'direct', '2020-12-28 02:48:10');
INSERT INTO Occupancies(RoomNo, Date, ResID) VALUES (406, '2020-08-23', 1876);
INSERT INTO Occupancies(RoomNo, Date, ResID) VALUES (406, '2020-08-24', 1876);
INSERT INTO Occupancies(RoomNo, Date, ResID) VALUES (406, '2020-08-25', 1876);
INSERT INTO Occupancies(RoomNo, Date, ResID) VALUES (406, '2020-08-26', 1876);
#1877
INSERT INTO Customers(Fname, Lname, Phone, Email) VALUES ("Desiree", "Borer", '635-982-2820', "Desiree_Borer@gmail.com");
INSERT INTO Reservations(ID, StartDate, EndDate, NumGuests, CustomerID, Source, BookedAt) VALUES(1877, '2020-10-31', '2020-11-01', 4, 1877, 'direct', '2020-12-28 02:48:10');
INSERT INTO Occupancies(RoomNo, Date, ResID) VALUES (504, '2020-10-31', 1877);
#1878
INSERT INTO Customers(Fname, Lname, Phone, Email) VALUES ("Felton", "Nicolas", '701-204-2786', "Felton_Nicolas@gmail.com");
INSERT INTO Reservations(ID, StartDate, EndDate, NumGuests, CustomerID, Source, BookedAt) VALUES(1878, '2020-09-08', '2020-09-13', 3, 1878, 'agency', '2020-12-28 02:48:10');
INSERT INTO Occupancies(RoomNo, Date, ResID) VALUES (506, '2020-09-08', 1878);
INSERT INTO Occupancies(RoomNo, Date, ResID) VALUES (506, '2020-09-09', 1878);
INSERT INTO Occupancies(RoomNo, Date, ResID) VALUES (506, '2020-09-10', 1878);
INSERT INTO Occupancies(RoomNo, Date, ResID) VALUES (506, '2020-09-11', 1878);
INSERT INTO Occupancies(RoomNo, Date, ResID) VALUES (506, '2020-09-12', 1878);
#1879
INSERT INTO Customers(Fname, Lname, Phone, Email) VALUES ("Berenice", "Jakubowski", '599-505-9950', "Berenice_Jakubowski@gmail.com");
INSERT INTO Reservations(ID, StartDate, EndDate, NumGuests, CustomerID, Source, BookedAt) VALUES(1879, '2020-04-08', '2020-04-12', 5, 1879, 'direct', '2020-12-28 02:48:10');
INSERT INTO Occupancies(RoomNo, Date, ResID) VALUES (402, '2020-04-08', 1879);
INSERT INTO Occupancies(RoomNo, Date, ResID) VALUES (402, '2020-04-09', 1879);
INSERT INTO Occupancies(RoomNo, Date, ResID) VALUES (402, '2020-04-10', 1879);
INSERT INTO Occupancies(RoomNo, Date, ResID) VALUES (402, '2020-04-11', 1879);
#1880
INSERT INTO Customers(Fname, Lname, Phone, Email) VALUES ("Maddison", "O'Conner", '528-576-0787', "Maddison_O'Conner@gmail.com");
INSERT INTO Reservations(ID, StartDate, EndDate, NumGuests, CustomerID, Source, BookedAt) VALUES(1880, '2020-01-19', '2020-01-24', 3, 1880, 'direct', '2020-12-28 02:48:10');
INSERT INTO Occupancies(RoomNo, Date, ResID) VALUES (105, '2020-01-19', 1880);
INSERT INTO Occupancies(RoomNo, Date, ResID) VALUES (105, '2020-01-20', 1880);
INSERT INTO Occupancies(RoomNo, Date, ResID) VALUES (105, '2020-01-21', 1880);
INSERT INTO Occupancies(RoomNo, Date, ResID) VALUES (105, '2020-01-22', 1880);
INSERT INTO Occupancies(RoomNo, Date, ResID) VALUES (105, '2020-01-23', 1880);
#1881
INSERT INTO Customers(Fname, Lname, Phone, Email) VALUES ("Oren", "Wiza", '629-913-8063', "Oren_Wiza@gmail.com");
INSERT INTO Reservations(ID, StartDate, EndDate, NumGuests, CustomerID, Source, BookedAt) VALUES(1881, '2021-04-30', '2021-05-02', 4, 1881, 'OTA', '2020-12-28 02:48:10');
INSERT INTO Occupancies(RoomNo, Date, ResID) VALUES (302, '2021-04-30', 1881);
INSERT INTO Occupancies(RoomNo, Date, ResID) VALUES (302, '2021-05-01', 1881);
#1882
INSERT INTO Customers(Fname, Lname, Phone, Email) VALUES ("Salvatore", "Block", '558-298-6594', "Salvatore_Block@gmail.com");
INSERT INTO Reservations(ID, StartDate, EndDate, NumGuests, CustomerID, Source, BookedAt) VALUES(1882, '2021-04-24', '2021-04-25', 3, 1882, 'agency', '2020-12-28 02:48:10');
INSERT INTO Occupancies(RoomNo, Date, ResID) VALUES (502, '2021-04-24', 1882);
#1883
INSERT INTO Customers(Fname, Lname, Phone, Email) VALUES ("Walton", "Hodkiewicz", '855-330-4048', "Walton_Hodkiewicz@gmail.com");
INSERT INTO Reservations(ID, StartDate, EndDate, NumGuests, CustomerID, Source, BookedAt) VALUES(1883, '2020-12-01', '2020-12-06', 5, 1883, 'OTA', '2020-12-28 02:48:10');
INSERT INTO Occupancies(RoomNo, Date, ResID) VALUES (104, '2020-12-01', 1883);
INSERT INTO Occupancies(RoomNo, Date, ResID) VALUES (104, '2020-12-02', 1883);
INSERT INTO Occupancies(RoomNo, Date, ResID) VALUES (104, '2020-12-03', 1883);
INSERT INTO Occupancies(RoomNo, Date, ResID) VALUES (104, '2020-12-04', 1883);
INSERT INTO Occupancies(RoomNo, Date, ResID) VALUES (104, '2020-12-05', 1883);
#1884
INSERT INTO Customers(Fname, Lname, Phone, Email) VALUES ("Rogers", "Kozey", '260-930-4390', "Rogers_Kozey@gmail.com");
INSERT INTO Reservations(ID, StartDate, EndDate, NumGuests, CustomerID, Source, BookedAt) VALUES(1884, '2020-12-15', '2020-12-17', 3, 1884, 'direct', '2020-12-28 02:48:10');
INSERT INTO Occupancies(RoomNo, Date, ResID) VALUES (405, '2020-12-15', 1884);
INSERT INTO Occupancies(RoomNo, Date, ResID) VALUES (405, '2020-12-16', 1884);
#1885
INSERT INTO Customers(Fname, Lname, Phone, Email) VALUES ("Clement", "Keeling", '316-557-1059', "Clement_Keeling@gmail.com");
INSERT INTO Reservations(ID, StartDate, EndDate, NumGuests, CustomerID, Source, BookedAt) VALUES(1885, '2020-08-23', '2020-08-25', 5, 1885, 'direct', '2020-12-28 02:48:10');
INSERT INTO Occupancies(RoomNo, Date, ResID) VALUES (306, '2020-08-23', 1885);
INSERT INTO Occupancies(RoomNo, Date, ResID) VALUES (306, '2020-08-24', 1885);
#1886
INSERT INTO Customers(Fname, Lname, Phone, Email) VALUES ("Demario", "Braun", '264-482-4839', "Demario_Braun@gmail.com");
INSERT INTO Reservations(ID, StartDate, EndDate, NumGuests, CustomerID, Source, BookedAt) VALUES(1886, '2020-07-21', '2020-07-24', 4, 1886, 'agency', '2020-12-28 02:48:10');
INSERT INTO Occupancies(RoomNo, Date, ResID) VALUES (404, '2020-07-21', 1886);
INSERT INTO Occupancies(RoomNo, Date, ResID) VALUES (404, '2020-07-22', 1886);
INSERT INTO Occupancies(RoomNo, Date, ResID) VALUES (404, '2020-07-23', 1886);
#1887
INSERT INTO Customers(Fname, Lname, Phone, Email) VALUES ("Lenore", "Homenick", '925-235-5706', "Lenore_Homenick@gmail.com");
INSERT INTO Reservations(ID, StartDate, EndDate, NumGuests, CustomerID, Source, BookedAt) VALUES(1887, '2020-07-11', '2020-07-15', 1, 1887, 'direct', '2020-12-28 02:48:10');
INSERT INTO Occupancies(RoomNo, Date, ResID) VALUES (404, '2020-07-11', 1887);
INSERT INTO Occupancies(RoomNo, Date, ResID) VALUES (404, '2020-07-12', 1887);
INSERT INTO Occupancies(RoomNo, Date, ResID) VALUES (404, '2020-07-13', 1887);
INSERT INTO Occupancies(RoomNo, Date, ResID) VALUES (404, '2020-07-14', 1887);
#1888
INSERT INTO Customers(Fname, Lname, Phone, Email) VALUES ("Karen", "Hand", '856-991-2487', "Karen_Hand@gmail.com");
INSERT INTO Reservations(ID, StartDate, EndDate, NumGuests, CustomerID, Source, BookedAt) VALUES(1888, '2020-06-25', '2020-06-26', 1, 1888, 'corporate', '2020-12-28 02:48:10');
INSERT INTO Occupancies(RoomNo, Date, ResID) VALUES (206, '2020-06-25', 1888);
#1889
INSERT INTO Customers(Fname, Lname, Phone, Email) VALUES ("Eloy", "Ruecker", '269-512-2657', "Eloy_Ruecker@gmail.com");
INSERT INTO Reservations(ID, StartDate, EndDate, NumGuests, CustomerID, Source, BookedAt) VALUES(1889, '2020-03-14', '2020-03-16', 4, 1889, 'corporate', '2020-12-28 02:48:10');
INSERT INTO Occupancies(RoomNo, Date, ResID) VALUES (402, '2020-03-14', 1889);
INSERT INTO Occupancies(RoomNo, Date, ResID) VALUES (402, '2020-03-15', 1889);
#1890
INSERT INTO Customers(Fname, Lname, Phone, Email) VALUES ("Shane", "Robel", '975-739-7647', "Shane_Robel@gmail.com");
INSERT INTO Reservations(ID, StartDate, EndDate, NumGuests, CustomerID, Source, BookedAt) VALUES(1890, '2021-12-08', '2021-12-11', 2, 1890, 'corporate', '2020-12-28 02:48:10');
INSERT INTO Occupancies(RoomNo, Date, ResID) VALUES (301, '2021-12-08', 1890);
INSERT INTO Occupancies(RoomNo, Date, ResID) VALUES (301, '2021-12-09', 1890);
INSERT INTO Occupancies(RoomNo, Date, ResID) VALUES (301, '2021-12-10', 1890);
#1891
INSERT INTO Customers(Fname, Lname, Phone, Email) VALUES ("George", "Schumm", '561-935-5679', "George_Schumm@gmail.com");
INSERT INTO Reservations(ID, StartDate, EndDate, NumGuests, CustomerID, Source, BookedAt) VALUES(1891, '2020-06-17', '2020-06-22', 1, 1891, 'direct', '2020-12-28 02:48:10');
INSERT INTO Occupancies(RoomNo, Date, ResID) VALUES (403, '2020-06-17', 1891);
INSERT INTO Occupancies(RoomNo, Date, ResID) VALUES (403, '2020-06-18', 1891);
INSERT INTO Occupancies(RoomNo, Date, ResID) VALUES (403, '2020-06-19', 1891);
INSERT INTO Occupancies(RoomNo, Date, ResID) VALUES (403, '2020-06-20', 1891);
INSERT INTO Occupancies(RoomNo, Date, ResID) VALUES (403, '2020-06-21', 1891);
#1892
INSERT INTO Customers(Fname, Lname, Phone, Email) VALUES ("Eduardo", "Gulgowski", '628-374-4214', "Eduardo_Gulgowski@gmail.com");
INSERT INTO Reservations(ID, StartDate, EndDate, NumGuests, CustomerID, Source, BookedAt) VALUES(1892, '2020-01-08', '2020-01-11', 1, 1892, 'OTA', '2020-12-28 02:48:10');
INSERT INTO Occupancies(RoomNo, Date, ResID) VALUES (406, '2020-01-08', 1892);
INSERT INTO Occupancies(RoomNo, Date, ResID) VALUES (406, '2020-01-09', 1892);
INSERT INTO Occupancies(RoomNo, Date, ResID) VALUES (406, '2020-01-10', 1892);
#1893
INSERT INTO Customers(Fname, Lname, Phone, Email) VALUES ("Sanford", "Hudson", '894-837-4000', "Sanford_Hudson@gmail.com");
INSERT INTO Reservations(ID, StartDate, EndDate, NumGuests, CustomerID, Source, BookedAt) VALUES(1893, '2020-06-09', '2020-06-14', 4, 1893, 'direct', '2020-12-28 02:48:10');
INSERT INTO Occupancies(RoomNo, Date, ResID) VALUES (205, '2020-06-09', 1893);
INSERT INTO Occupancies(RoomNo, Date, ResID) VALUES (205, '2020-06-10', 1893);
INSERT INTO Occupancies(RoomNo, Date, ResID) VALUES (205, '2020-06-11', 1893);
INSERT INTO Occupancies(RoomNo, Date, ResID) VALUES (205, '2020-06-12', 1893);
INSERT INTO Occupancies(RoomNo, Date, ResID) VALUES (205, '2020-06-13', 1893);
#1894
INSERT INTO Customers(Fname, Lname, Phone, Email) VALUES ("Joany", "Marquardt", '417-541-5823', "Joany_Marquardt@gmail.com");
INSERT INTO Reservations(ID, StartDate, EndDate, NumGuests, CustomerID, Source, BookedAt) VALUES(1894, '2020-11-08', '2020-11-12', 1, 1894, 'direct', '2020-12-28 02:48:10');
INSERT INTO Occupancies(RoomNo, Date, ResID) VALUES (302, '2020-11-08', 1894);
INSERT INTO Occupancies(RoomNo, Date, ResID) VALUES (302, '2020-11-09', 1894);
INSERT INTO Occupancies(RoomNo, Date, ResID) VALUES (302, '2020-11-10', 1894);
INSERT INTO Occupancies(RoomNo, Date, ResID) VALUES (302, '2020-11-11', 1894);
#1895
INSERT INTO Customers(Fname, Lname, Phone, Email) VALUES ("Colin", "Haag", '419-430-5713', "Colin_Haag@gmail.com");
INSERT INTO Reservations(ID, StartDate, EndDate, NumGuests, CustomerID, Source, BookedAt) VALUES(1895, '2021-04-04', '2021-04-08', 2, 1895, 'OTA', '2020-12-28 02:48:10');
INSERT INTO Occupancies(RoomNo, Date, ResID) VALUES (302, '2021-04-04', 1895);
INSERT INTO Occupancies(RoomNo, Date, ResID) VALUES (302, '2021-04-05', 1895);
INSERT INTO Occupancies(RoomNo, Date, ResID) VALUES (302, '2021-04-06', 1895);
INSERT INTO Occupancies(RoomNo, Date, ResID) VALUES (302, '2021-04-07', 1895);
#1896
INSERT INTO Customers(Fname, Lname, Phone, Email) VALUES ("Adan", "Stracke", '649-376-3947', "Adan_Stracke@gmail.com");
INSERT INTO Reservations(ID, StartDate, EndDate, NumGuests, CustomerID, Source, BookedAt) VALUES(1896, '2021-01-28', '2021-01-30', 2, 1896, 'agency', '2020-12-28 02:48:10');
INSERT INTO Occupancies(RoomNo, Date, ResID) VALUES (406, '2021-01-28', 1896);
INSERT INTO Occupancies(RoomNo, Date, ResID) VALUES (406, '2021-01-29', 1896);
#1897
INSERT INTO Customers(Fname, Lname, Phone, Email) VALUES ("Issac", "Leuschke", '703-906-6816', "Issac_Leuschke@gmail.com");
INSERT INTO Reservations(ID, StartDate, EndDate, NumGuests, CustomerID, Source, BookedAt) VALUES(1897, '2020-08-03', '2020-08-05', 2, 1897, 'OTA', '2020-12-28 02:48:10');
INSERT INTO Occupancies(RoomNo, Date, ResID) VALUES (506, '2020-08-03', 1897);
INSERT INTO Occupancies(RoomNo, Date, ResID) VALUES (506, '2020-08-04', 1897);
#1898
INSERT INTO Customers(Fname, Lname, Phone, Email) VALUES ("Amina", "Funk", '613-325-4931', "Amina_Funk@gmail.com");
INSERT INTO Reservations(ID, StartDate, EndDate, NumGuests, CustomerID, Source, BookedAt) VALUES(1898, '2020-05-16', '2020-05-17', 5, 1898, 'direct', '2020-12-28 02:48:10');
INSERT INTO Occupancies(RoomNo, Date, ResID) VALUES (406, '2020-05-16', 1898);
#1899
INSERT INTO Customers(Fname, Lname, Phone, Email) VALUES ("Graham", "MacGyver", '697-840-3364', "Graham_MacGyver@gmail.com");
INSERT INTO Reservations(ID, StartDate, EndDate, NumGuests, CustomerID, Source, BookedAt) VALUES(1899, '2020-07-15', '2020-07-18', 4, 1899, 'agency', '2020-12-28 02:48:10');
INSERT INTO Occupancies(RoomNo, Date, ResID) VALUES (301, '2020-07-15', 1899);
INSERT INTO Occupancies(RoomNo, Date, ResID) VALUES (301, '2020-07-16', 1899);
INSERT INTO Occupancies(RoomNo, Date, ResID) VALUES (301, '2020-07-17', 1899);
#1900
INSERT INTO Customers(Fname, Lname, Phone, Email) VALUES ("Karli", "Dietrich", '858-870-2463', "Karli_Dietrich@gmail.com");
INSERT INTO Reservations(ID, StartDate, EndDate, NumGuests, CustomerID, Source, BookedAt) VALUES(1900, '2021-06-19', '2021-06-21', 1, 1900, 'agency', '2020-12-28 02:48:10');
INSERT INTO Occupancies(RoomNo, Date, ResID) VALUES (204, '2021-06-19', 1900);
INSERT INTO Occupancies(RoomNo, Date, ResID) VALUES (204, '2021-06-20', 1900);
#1901
INSERT INTO Customers(Fname, Lname, Phone, Email) VALUES ("Izabella", "Schoen", '440-322-7296', "Izabella_Schoen@gmail.com");
INSERT INTO Reservations(ID, StartDate, EndDate, NumGuests, CustomerID, Source, BookedAt) VALUES(1901, '2020-07-05', '2020-07-08', 4, 1901, 'direct', '2020-12-28 02:48:10');
INSERT INTO Occupancies(RoomNo, Date, ResID) VALUES (406, '2020-07-05', 1901);
INSERT INTO Occupancies(RoomNo, Date, ResID) VALUES (406, '2020-07-06', 1901);
INSERT INTO Occupancies(RoomNo, Date, ResID) VALUES (406, '2020-07-07', 1901);
#1902
INSERT INTO Customers(Fname, Lname, Phone, Email) VALUES ("Michel", "Rohan", '616-982-4913', "Michel_Rohan@gmail.com");
INSERT INTO Reservations(ID, StartDate, EndDate, NumGuests, CustomerID, Source, BookedAt) VALUES(1902, '2020-06-18', '2020-06-23', 1, 1902, 'direct', '2020-12-28 02:48:10');
INSERT INTO Occupancies(RoomNo, Date, ResID) VALUES (406, '2020-06-18', 1902);
INSERT INTO Occupancies(RoomNo, Date, ResID) VALUES (406, '2020-06-19', 1902);
INSERT INTO Occupancies(RoomNo, Date, ResID) VALUES (406, '2020-06-20', 1902);
INSERT INTO Occupancies(RoomNo, Date, ResID) VALUES (406, '2020-06-21', 1902);
INSERT INTO Occupancies(RoomNo, Date, ResID) VALUES (406, '2020-06-22', 1902);
#1903
INSERT INTO Customers(Fname, Lname, Phone, Email) VALUES ("Shyann", "Pfannerstill", '320-440-6312', "Shyann_Pfannerstill@gmail.com");
INSERT INTO Reservations(ID, StartDate, EndDate, NumGuests, CustomerID, Source, BookedAt) VALUES(1903, '2020-07-01', '2020-07-02', 3, 1903, 'OTA', '2020-12-28 02:48:10');
INSERT INTO Occupancies(RoomNo, Date, ResID) VALUES (405, '2020-07-01', 1903);
#1904
INSERT INTO Customers(Fname, Lname, Phone, Email) VALUES ("Kameron", "Kovacek", '628-270-8852', "Kameron_Kovacek@gmail.com");
INSERT INTO Reservations(ID, StartDate, EndDate, NumGuests, CustomerID, Source, BookedAt) VALUES(1904, '2021-12-09', '2021-12-11', 3, 1904, 'corporate', '2020-12-28 02:48:10');
INSERT INTO Occupancies(RoomNo, Date, ResID) VALUES (102, '2021-12-09', 1904);
INSERT INTO Occupancies(RoomNo, Date, ResID) VALUES (102, '2021-12-10', 1904);
#1905
INSERT INTO Customers(Fname, Lname, Phone, Email) VALUES ("Clotilde", "Muller", '349-855-1658', "Clotilde_Muller@gmail.com");
INSERT INTO Reservations(ID, StartDate, EndDate, NumGuests, CustomerID, Source, BookedAt) VALUES(1905, '2021-01-26', '2021-01-27', 5, 1905, 'corporate', '2020-12-28 02:48:10');
INSERT INTO Occupancies(RoomNo, Date, ResID) VALUES (406, '2021-01-26', 1905);
#1906
INSERT INTO Customers(Fname, Lname, Phone, Email) VALUES ("Cale", "Heller", '374-859-5877', "Cale_Heller@gmail.com");
INSERT INTO Reservations(ID, StartDate, EndDate, NumGuests, CustomerID, Source, BookedAt) VALUES(1906, '2020-06-25', '2020-06-26', 4, 1906, 'corporate', '2020-12-28 02:48:10');
INSERT INTO Occupancies(RoomNo, Date, ResID) VALUES (505, '2020-06-25', 1906);
#1907
INSERT INTO Customers(Fname, Lname, Phone, Email) VALUES ("Santos", "Hermann", '381-505-6465', "Santos_Hermann@gmail.com");
INSERT INTO Reservations(ID, StartDate, EndDate, NumGuests, CustomerID, Source, BookedAt) VALUES(1907, '2020-01-07', '2020-01-12', 3, 1907, 'OTA', '2020-12-28 02:48:10');
INSERT INTO Occupancies(RoomNo, Date, ResID) VALUES (404, '2020-01-07', 1907);
INSERT INTO Occupancies(RoomNo, Date, ResID) VALUES (404, '2020-01-08', 1907);
INSERT INTO Occupancies(RoomNo, Date, ResID) VALUES (404, '2020-01-09', 1907);
INSERT INTO Occupancies(RoomNo, Date, ResID) VALUES (404, '2020-01-10', 1907);
INSERT INTO Occupancies(RoomNo, Date, ResID) VALUES (404, '2020-01-11', 1907);
#1908
INSERT INTO Customers(Fname, Lname, Phone, Email) VALUES ("Dillon", "Ondricka", '786-693-8128', "Dillon_Ondricka@gmail.com");
INSERT INTO Reservations(ID, StartDate, EndDate, NumGuests, CustomerID, Source, BookedAt) VALUES(1908, '2021-01-26', '2021-01-31', 4, 1908, 'OTA', '2020-12-28 02:48:10');
INSERT INTO Occupancies(RoomNo, Date, ResID) VALUES (402, '2021-01-26', 1908);
INSERT INTO Occupancies(RoomNo, Date, ResID) VALUES (402, '2021-01-27', 1908);
INSERT INTO Occupancies(RoomNo, Date, ResID) VALUES (402, '2021-01-28', 1908);
INSERT INTO Occupancies(RoomNo, Date, ResID) VALUES (402, '2021-01-29', 1908);
INSERT INTO Occupancies(RoomNo, Date, ResID) VALUES (402, '2021-01-30', 1908);
#1909
INSERT INTO Customers(Fname, Lname, Phone, Email) VALUES ("Ari", "Leffler", '596-207-1402', "Ari_Leffler@gmail.com");
INSERT INTO Reservations(ID, StartDate, EndDate, NumGuests, CustomerID, Source, BookedAt) VALUES(1909, '2021-07-07', '2021-07-10', 4, 1909, 'OTA', '2020-12-28 02:48:10');
INSERT INTO Occupancies(RoomNo, Date, ResID) VALUES (206, '2021-07-07', 1909);
INSERT INTO Occupancies(RoomNo, Date, ResID) VALUES (206, '2021-07-08', 1909);
INSERT INTO Occupancies(RoomNo, Date, ResID) VALUES (206, '2021-07-09', 1909);
#1910
INSERT INTO Customers(Fname, Lname, Phone, Email) VALUES ("Alanis", "Fahey", '435-294-4338', "Alanis_Fahey@gmail.com");
INSERT INTO Reservations(ID, StartDate, EndDate, NumGuests, CustomerID, Source, BookedAt) VALUES(1910, '2021-05-11', '2021-05-14', 2, 1910, 'OTA', '2020-12-28 02:48:10');
INSERT INTO Occupancies(RoomNo, Date, ResID) VALUES (106, '2021-05-11', 1910);
INSERT INTO Occupancies(RoomNo, Date, ResID) VALUES (106, '2021-05-12', 1910);
INSERT INTO Occupancies(RoomNo, Date, ResID) VALUES (106, '2021-05-13', 1910);
#1911
INSERT INTO Customers(Fname, Lname, Phone, Email) VALUES ("Elias", "Jones", '711-570-9333', "Elias_Jones@gmail.com");
INSERT INTO Reservations(ID, StartDate, EndDate, NumGuests, CustomerID, Source, BookedAt) VALUES(1911, '2021-08-19', '2021-08-23', 1, 1911, 'corporate', '2020-12-28 02:48:10');
INSERT INTO Occupancies(RoomNo, Date, ResID) VALUES (305, '2021-08-19', 1911);
INSERT INTO Occupancies(RoomNo, Date, ResID) VALUES (305, '2021-08-20', 1911);
INSERT INTO Occupancies(RoomNo, Date, ResID) VALUES (305, '2021-08-21', 1911);
INSERT INTO Occupancies(RoomNo, Date, ResID) VALUES (305, '2021-08-22', 1911);
#1912
INSERT INTO Customers(Fname, Lname, Phone, Email) VALUES ("Dave", "Heaney", '580-950-4140', "Dave_Heaney@gmail.com");
INSERT INTO Reservations(ID, StartDate, EndDate, NumGuests, CustomerID, Source, BookedAt) VALUES(1912, '2021-02-20', '2021-02-25', 4, 1912, 'OTA', '2020-12-28 02:48:10');
INSERT INTO Occupancies(RoomNo, Date, ResID) VALUES (502, '2021-02-20', 1912);
INSERT INTO Occupancies(RoomNo, Date, ResID) VALUES (502, '2021-02-21', 1912);
INSERT INTO Occupancies(RoomNo, Date, ResID) VALUES (502, '2021-02-22', 1912);
INSERT INTO Occupancies(RoomNo, Date, ResID) VALUES (502, '2021-02-23', 1912);
INSERT INTO Occupancies(RoomNo, Date, ResID) VALUES (502, '2021-02-24', 1912);
#1913
INSERT INTO Customers(Fname, Lname, Phone, Email) VALUES ("Delta", "Purdy", '469-737-7746', "Delta_Purdy@gmail.com");
INSERT INTO Reservations(ID, StartDate, EndDate, NumGuests, CustomerID, Source, BookedAt) VALUES(1913, '2020-11-05', '2020-11-08', 1, 1913, 'corporate', '2020-12-28 02:48:10');
INSERT INTO Occupancies(RoomNo, Date, ResID) VALUES (303, '2020-11-05', 1913);
INSERT INTO Occupancies(RoomNo, Date, ResID) VALUES (303, '2020-11-06', 1913);
INSERT INTO Occupancies(RoomNo, Date, ResID) VALUES (303, '2020-11-07', 1913);
#1914
INSERT INTO Customers(Fname, Lname, Phone, Email) VALUES ("Maegan", "Blick", '648-236-6475', "Maegan_Blick@gmail.com");
INSERT INTO Reservations(ID, StartDate, EndDate, NumGuests, CustomerID, Source, BookedAt) VALUES(1914, '2020-02-20', '2020-02-22', 5, 1914, 'corporate', '2020-12-28 02:48:10');
INSERT INTO Occupancies(RoomNo, Date, ResID) VALUES (202, '2020-02-20', 1914);
INSERT INTO Occupancies(RoomNo, Date, ResID) VALUES (202, '2020-02-21', 1914);
#1915
INSERT INTO Customers(Fname, Lname, Phone, Email) VALUES ("Jade", "Parisian", '248-254-3701', "Jade_Parisian@gmail.com");
INSERT INTO Reservations(ID, StartDate, EndDate, NumGuests, CustomerID, Source, BookedAt) VALUES(1915, '2020-02-09', '2020-02-11', 4, 1915, 'agency', '2020-12-28 02:48:10');
INSERT INTO Occupancies(RoomNo, Date, ResID) VALUES (106, '2020-02-09', 1915);
INSERT INTO Occupancies(RoomNo, Date, ResID) VALUES (106, '2020-02-10', 1915);
#1916
INSERT INTO Customers(Fname, Lname, Phone, Email) VALUES ("Leonie", "Hamill", '255-630-2169', "Leonie_Hamill@gmail.com");
INSERT INTO Reservations(ID, StartDate, EndDate, NumGuests, CustomerID, Source, BookedAt) VALUES(1916, '2020-10-18', '2020-10-22', 3, 1916, 'direct', '2020-12-28 02:48:10');
INSERT INTO Occupancies(RoomNo, Date, ResID) VALUES (501, '2020-10-18', 1916);
INSERT INTO Occupancies(RoomNo, Date, ResID) VALUES (501, '2020-10-19', 1916);
INSERT INTO Occupancies(RoomNo, Date, ResID) VALUES (501, '2020-10-20', 1916);
INSERT INTO Occupancies(RoomNo, Date, ResID) VALUES (501, '2020-10-21', 1916);
#1917
INSERT INTO Customers(Fname, Lname, Phone, Email) VALUES ("Julianne", "Gutkowski", '396-597-7041', "Julianne_Gutkowski@gmail.com");
INSERT INTO Reservations(ID, StartDate, EndDate, NumGuests, CustomerID, Source, BookedAt) VALUES(1917, '2020-03-01', '2020-03-03', 5, 1917, 'agency', '2020-12-28 02:48:10');
INSERT INTO Occupancies(RoomNo, Date, ResID) VALUES (302, '2020-03-01', 1917);
INSERT INTO Occupancies(RoomNo, Date, ResID) VALUES (302, '2020-03-02', 1917);
#1918
INSERT INTO Customers(Fname, Lname, Phone, Email) VALUES ("Antonette", "Emard", '336-602-6474', "Antonette_Emard@gmail.com");
INSERT INTO Reservations(ID, StartDate, EndDate, NumGuests, CustomerID, Source, BookedAt) VALUES(1918, '2020-09-27', '2020-09-28', 4, 1918, 'OTA', '2020-12-28 02:48:10');
INSERT INTO Occupancies(RoomNo, Date, ResID) VALUES (302, '2020-09-27', 1918);
#1919
INSERT INTO Customers(Fname, Lname, Phone, Email) VALUES ("Idella", "Oberbrunner", '302-266-5560', "Idella_Oberbrunner@gmail.com");
INSERT INTO Reservations(ID, StartDate, EndDate, NumGuests, CustomerID, Source, BookedAt) VALUES(1919, '2021-09-09', '2021-09-13', 5, 1919, 'corporate', '2020-12-28 02:48:10');
INSERT INTO Occupancies(RoomNo, Date, ResID) VALUES (201, '2021-09-09', 1919);
INSERT INTO Occupancies(RoomNo, Date, ResID) VALUES (201, '2021-09-10', 1919);
INSERT INTO Occupancies(RoomNo, Date, ResID) VALUES (201, '2021-09-11', 1919);
INSERT INTO Occupancies(RoomNo, Date, ResID) VALUES (201, '2021-09-12', 1919);
#1920
INSERT INTO Customers(Fname, Lname, Phone, Email) VALUES ("Raymond", "Bayer", '985-307-6215', "Raymond_Bayer@gmail.com");
INSERT INTO Reservations(ID, StartDate, EndDate, NumGuests, CustomerID, Source, BookedAt) VALUES(1920, '2021-08-05', '2021-08-08', 5, 1920, 'OTA', '2020-12-28 02:48:10');
INSERT INTO Occupancies(RoomNo, Date, ResID) VALUES (301, '2021-08-05', 1920);
INSERT INTO Occupancies(RoomNo, Date, ResID) VALUES (301, '2021-08-06', 1920);
INSERT INTO Occupancies(RoomNo, Date, ResID) VALUES (301, '2021-08-07', 1920);
#1921
INSERT INTO Customers(Fname, Lname, Phone, Email) VALUES ("Rosella", "Willms", '872-293-8905', "Rosella_Willms@gmail.com");
INSERT INTO Reservations(ID, StartDate, EndDate, NumGuests, CustomerID, Source, BookedAt) VALUES(1921, '2021-09-03', '2021-09-08', 5, 1921, 'OTA', '2020-12-28 02:48:10');
INSERT INTO Occupancies(RoomNo, Date, ResID) VALUES (201, '2021-09-03', 1921);
INSERT INTO Occupancies(RoomNo, Date, ResID) VALUES (201, '2021-09-04', 1921);
INSERT INTO Occupancies(RoomNo, Date, ResID) VALUES (201, '2021-09-05', 1921);
INSERT INTO Occupancies(RoomNo, Date, ResID) VALUES (201, '2021-09-06', 1921);
INSERT INTO Occupancies(RoomNo, Date, ResID) VALUES (201, '2021-09-07', 1921);
#1922
INSERT INTO Customers(Fname, Lname, Phone, Email) VALUES ("Kathryn", "Swaniawski", '678-581-9394', "Kathryn_Swaniawski@gmail.com");
INSERT INTO Reservations(ID, StartDate, EndDate, NumGuests, CustomerID, Source, BookedAt) VALUES(1922, '2020-07-10', '2020-07-11', 1, 1922, 'corporate', '2020-12-28 02:48:10');
INSERT INTO Occupancies(RoomNo, Date, ResID) VALUES (201, '2020-07-10', 1922);
#1923
INSERT INTO Customers(Fname, Lname, Phone, Email) VALUES ("Shirley", "Ruecker", '612-730-4531', "Shirley_Ruecker@gmail.com");
INSERT INTO Reservations(ID, StartDate, EndDate, NumGuests, CustomerID, Source, BookedAt) VALUES(1923, '2020-11-16', '2020-11-17', 5, 1923, 'agency', '2020-12-28 02:48:10');
INSERT INTO Occupancies(RoomNo, Date, ResID) VALUES (403, '2020-11-16', 1923);
#1924
INSERT INTO Customers(Fname, Lname, Phone, Email) VALUES ("Brooks", "Baumbach", '868-338-5384', "Brooks_Baumbach@gmail.com");
INSERT INTO Reservations(ID, StartDate, EndDate, NumGuests, CustomerID, Source, BookedAt) VALUES(1924, '2020-06-02', '2020-06-05', 4, 1924, 'OTA', '2020-12-28 02:48:10');
INSERT INTO Occupancies(RoomNo, Date, ResID) VALUES (406, '2020-06-02', 1924);
INSERT INTO Occupancies(RoomNo, Date, ResID) VALUES (406, '2020-06-03', 1924);
INSERT INTO Occupancies(RoomNo, Date, ResID) VALUES (406, '2020-06-04', 1924);
#1925
INSERT INTO Customers(Fname, Lname, Phone, Email) VALUES ("Dock", "Fay", '279-742-9382', "Dock_Fay@gmail.com");
INSERT INTO Reservations(ID, StartDate, EndDate, NumGuests, CustomerID, Source, BookedAt) VALUES(1925, '2021-01-01', '2021-01-05', 5, 1925, 'corporate', '2020-12-28 02:48:10');
INSERT INTO Occupancies(RoomNo, Date, ResID) VALUES (406, '2021-01-01', 1925);
INSERT INTO Occupancies(RoomNo, Date, ResID) VALUES (406, '2021-01-02', 1925);
INSERT INTO Occupancies(RoomNo, Date, ResID) VALUES (406, '2021-01-03', 1925);
INSERT INTO Occupancies(RoomNo, Date, ResID) VALUES (406, '2021-01-04', 1925);
#1926
INSERT INTO Customers(Fname, Lname, Phone, Email) VALUES ("Erik", "Schuppe", '499-899-1680', "Erik_Schuppe@gmail.com");
INSERT INTO Reservations(ID, StartDate, EndDate, NumGuests, CustomerID, Source, BookedAt) VALUES(1926, '2020-08-18', '2020-08-22', 3, 1926, 'OTA', '2020-12-28 02:48:10');
INSERT INTO Occupancies(RoomNo, Date, ResID) VALUES (503, '2020-08-18', 1926);
INSERT INTO Occupancies(RoomNo, Date, ResID) VALUES (503, '2020-08-19', 1926);
INSERT INTO Occupancies(RoomNo, Date, ResID) VALUES (503, '2020-08-20', 1926);
INSERT INTO Occupancies(RoomNo, Date, ResID) VALUES (503, '2020-08-21', 1926);
#1927
INSERT INTO Customers(Fname, Lname, Phone, Email) VALUES ("Rozella", "Jacobi", '354-301-9096', "Rozella_Jacobi@gmail.com");
INSERT INTO Reservations(ID, StartDate, EndDate, NumGuests, CustomerID, Source, BookedAt) VALUES(1927, '2020-03-16', '2020-03-20', 5, 1927, 'OTA', '2020-12-28 02:48:10');
INSERT INTO Occupancies(RoomNo, Date, ResID) VALUES (405, '2020-03-16', 1927);
INSERT INTO Occupancies(RoomNo, Date, ResID) VALUES (405, '2020-03-17', 1927);
INSERT INTO Occupancies(RoomNo, Date, ResID) VALUES (405, '2020-03-18', 1927);
INSERT INTO Occupancies(RoomNo, Date, ResID) VALUES (405, '2020-03-19', 1927);
#1928
INSERT INTO Customers(Fname, Lname, Phone, Email) VALUES ("Raegan", "Goldner", '816-280-9036', "Raegan_Goldner@gmail.com");
INSERT INTO Reservations(ID, StartDate, EndDate, NumGuests, CustomerID, Source, BookedAt) VALUES(1928, '2021-02-26', '2021-02-27', 2, 1928, 'direct', '2020-12-28 02:48:10');
INSERT INTO Occupancies(RoomNo, Date, ResID) VALUES (101, '2021-02-26', 1928);
#1929
INSERT INTO Customers(Fname, Lname, Phone, Email) VALUES ("Sofia", "Tillman", '625-348-6744', "Sofia_Tillman@gmail.com");
INSERT INTO Reservations(ID, StartDate, EndDate, NumGuests, CustomerID, Source, BookedAt) VALUES(1929, '2020-01-11', '2020-01-13', 4, 1929, 'corporate', '2020-12-28 02:48:10');
INSERT INTO Occupancies(RoomNo, Date, ResID) VALUES (206, '2020-01-11', 1929);
INSERT INTO Occupancies(RoomNo, Date, ResID) VALUES (206, '2020-01-12', 1929);
#1930
INSERT INTO Customers(Fname, Lname, Phone, Email) VALUES ("Thomas", "Murazik", '708-379-5365', "Thomas_Murazik@gmail.com");
INSERT INTO Reservations(ID, StartDate, EndDate, NumGuests, CustomerID, Source, BookedAt) VALUES(1930, '2020-11-21', '2020-11-23', 2, 1930, 'OTA', '2020-12-28 02:48:10');
INSERT INTO Occupancies(RoomNo, Date, ResID) VALUES (503, '2020-11-21', 1930);
INSERT INTO Occupancies(RoomNo, Date, ResID) VALUES (503, '2020-11-22', 1930);
#1931
INSERT INTO Customers(Fname, Lname, Phone, Email) VALUES ("Kattie", "Mueller", '281-562-4187', "Kattie_Mueller@gmail.com");
INSERT INTO Reservations(ID, StartDate, EndDate, NumGuests, CustomerID, Source, BookedAt) VALUES(1931, '2020-03-19', '2020-03-24', 1, 1931, 'OTA', '2020-12-28 02:48:10');
INSERT INTO Occupancies(RoomNo, Date, ResID) VALUES (305, '2020-03-19', 1931);
INSERT INTO Occupancies(RoomNo, Date, ResID) VALUES (305, '2020-03-20', 1931);
INSERT INTO Occupancies(RoomNo, Date, ResID) VALUES (305, '2020-03-21', 1931);
INSERT INTO Occupancies(RoomNo, Date, ResID) VALUES (305, '2020-03-22', 1931);
INSERT INTO Occupancies(RoomNo, Date, ResID) VALUES (305, '2020-03-23', 1931);
#1932
INSERT INTO Customers(Fname, Lname, Phone, Email) VALUES ("Marques", "Bernhard", '706-812-5607', "Marques_Bernhard@gmail.com");
INSERT INTO Reservations(ID, StartDate, EndDate, NumGuests, CustomerID, Source, BookedAt) VALUES(1932, '2020-06-16', '2020-06-19', 3, 1932, 'corporate', '2020-12-28 02:48:10');
INSERT INTO Occupancies(RoomNo, Date, ResID) VALUES (505, '2020-06-16', 1932);
INSERT INTO Occupancies(RoomNo, Date, ResID) VALUES (505, '2020-06-17', 1932);
INSERT INTO Occupancies(RoomNo, Date, ResID) VALUES (505, '2020-06-18', 1932);
#1933
INSERT INTO Customers(Fname, Lname, Phone, Email) VALUES ("Sasha", "Bauch", '646-629-0055', "Sasha_Bauch@gmail.com");
INSERT INTO Reservations(ID, StartDate, EndDate, NumGuests, CustomerID, Source, BookedAt) VALUES(1933, '2020-08-14', '2020-08-15', 3, 1933, 'OTA', '2020-12-28 02:48:10');
INSERT INTO Occupancies(RoomNo, Date, ResID) VALUES (306, '2020-08-14', 1933);
#1934
INSERT INTO Customers(Fname, Lname, Phone, Email) VALUES ("Sanford", "Osinski", '682-481-0538', "Sanford_Osinski@gmail.com");
INSERT INTO Reservations(ID, StartDate, EndDate, NumGuests, CustomerID, Source, BookedAt) VALUES(1934, '2020-05-13', '2020-05-18', 2, 1934, 'agency', '2020-12-28 02:48:10');
INSERT INTO Occupancies(RoomNo, Date, ResID) VALUES (505, '2020-05-13', 1934);
INSERT INTO Occupancies(RoomNo, Date, ResID) VALUES (505, '2020-05-14', 1934);
INSERT INTO Occupancies(RoomNo, Date, ResID) VALUES (505, '2020-05-15', 1934);
INSERT INTO Occupancies(RoomNo, Date, ResID) VALUES (505, '2020-05-16', 1934);
INSERT INTO Occupancies(RoomNo, Date, ResID) VALUES (505, '2020-05-17', 1934);
#1935
INSERT INTO Customers(Fname, Lname, Phone, Email) VALUES ("Mariano", "Larson", '202-801-0518', "Mariano_Larson@gmail.com");
INSERT INTO Reservations(ID, StartDate, EndDate, NumGuests, CustomerID, Source, BookedAt) VALUES(1935, '2020-09-08', '2020-09-10', 4, 1935, 'direct', '2020-12-28 02:48:10');
INSERT INTO Occupancies(RoomNo, Date, ResID) VALUES (201, '2020-09-08', 1935);
INSERT INTO Occupancies(RoomNo, Date, ResID) VALUES (201, '2020-09-09', 1935);
#1936
INSERT INTO Customers(Fname, Lname, Phone, Email) VALUES ("Anjali", "Jast", '604-583-0857', "Anjali_Jast@gmail.com");
INSERT INTO Reservations(ID, StartDate, EndDate, NumGuests, CustomerID, Source, BookedAt) VALUES(1936, '2021-10-18', '2021-10-23', 1, 1936, 'direct', '2020-12-28 02:48:10');
INSERT INTO Occupancies(RoomNo, Date, ResID) VALUES (102, '2021-10-18', 1936);
INSERT INTO Occupancies(RoomNo, Date, ResID) VALUES (102, '2021-10-19', 1936);
INSERT INTO Occupancies(RoomNo, Date, ResID) VALUES (102, '2021-10-20', 1936);
INSERT INTO Occupancies(RoomNo, Date, ResID) VALUES (102, '2021-10-21', 1936);
INSERT INTO Occupancies(RoomNo, Date, ResID) VALUES (102, '2021-10-22', 1936);
#1937
INSERT INTO Customers(Fname, Lname, Phone, Email) VALUES ("Adolph", "Walsh", '817-337-4490', "Adolph_Walsh@gmail.com");
INSERT INTO Reservations(ID, StartDate, EndDate, NumGuests, CustomerID, Source, BookedAt) VALUES(1937, '2020-06-12', '2020-06-14', 4, 1937, 'OTA', '2020-12-28 02:48:10');
INSERT INTO Occupancies(RoomNo, Date, ResID) VALUES (203, '2020-06-12', 1937);
INSERT INTO Occupancies(RoomNo, Date, ResID) VALUES (203, '2020-06-13', 1937);
#1938
INSERT INTO Customers(Fname, Lname, Phone, Email) VALUES ("Patrick", "Christiansen", '273-268-6225', "Patrick_Christiansen@gmail.com");
INSERT INTO Reservations(ID, StartDate, EndDate, NumGuests, CustomerID, Source, BookedAt) VALUES(1938, '2020-05-14', '2020-05-16', 1, 1938, 'OTA', '2020-12-28 02:48:10');
INSERT INTO Occupancies(RoomNo, Date, ResID) VALUES (305, '2020-05-14', 1938);
INSERT INTO Occupancies(RoomNo, Date, ResID) VALUES (305, '2020-05-15', 1938);
#1939
INSERT INTO Customers(Fname, Lname, Phone, Email) VALUES ("Orrin", "Kihn", '400-806-4594', "Orrin_Kihn@gmail.com");
INSERT INTO Reservations(ID, StartDate, EndDate, NumGuests, CustomerID, Source, BookedAt) VALUES(1939, '2020-05-15', '2020-05-16', 1, 1939, 'corporate', '2020-12-28 02:48:10');
INSERT INTO Occupancies(RoomNo, Date, ResID) VALUES (105, '2020-05-15', 1939);
#1940
INSERT INTO Customers(Fname, Lname, Phone, Email) VALUES ("Abdullah", "Stark", '559-757-4527', "Abdullah_Stark@gmail.com");
INSERT INTO Reservations(ID, StartDate, EndDate, NumGuests, CustomerID, Source, BookedAt) VALUES(1940, '2020-05-13', '2020-05-16', 1, 1940, 'OTA', '2020-12-28 02:48:10');
INSERT INTO Occupancies(RoomNo, Date, ResID) VALUES (403, '2020-05-13', 1940);
INSERT INTO Occupancies(RoomNo, Date, ResID) VALUES (403, '2020-05-14', 1940);
INSERT INTO Occupancies(RoomNo, Date, ResID) VALUES (403, '2020-05-15', 1940);
#1941
INSERT INTO Customers(Fname, Lname, Phone, Email) VALUES ("Theresia", "Willms", '332-363-4109', "Theresia_Willms@gmail.com");
INSERT INTO Reservations(ID, StartDate, EndDate, NumGuests, CustomerID, Source, BookedAt) VALUES(1941, '2021-10-29', '2021-11-01', 3, 1941, 'direct', '2020-12-28 02:48:10');
INSERT INTO Occupancies(RoomNo, Date, ResID) VALUES (202, '2021-10-29', 1941);
INSERT INTO Occupancies(RoomNo, Date, ResID) VALUES (202, '2021-10-30', 1941);
INSERT INTO Occupancies(RoomNo, Date, ResID) VALUES (202, '2021-10-31', 1941);
#1942
INSERT INTO Customers(Fname, Lname, Phone, Email) VALUES ("Guillermo", "Haag", '291-615-6382', "Guillermo_Haag@gmail.com");
INSERT INTO Reservations(ID, StartDate, EndDate, NumGuests, CustomerID, Source, BookedAt) VALUES(1942, '2021-04-25', '2021-04-28', 4, 1942, 'direct', '2020-12-28 02:48:10');
INSERT INTO Occupancies(RoomNo, Date, ResID) VALUES (506, '2021-04-25', 1942);
INSERT INTO Occupancies(RoomNo, Date, ResID) VALUES (506, '2021-04-26', 1942);
INSERT INTO Occupancies(RoomNo, Date, ResID) VALUES (506, '2021-04-27', 1942);
#1943
INSERT INTO Customers(Fname, Lname, Phone, Email) VALUES ("Amina", "Hodkiewicz", '400-246-4546', "Amina_Hodkiewicz@gmail.com");
INSERT INTO Reservations(ID, StartDate, EndDate, NumGuests, CustomerID, Source, BookedAt) VALUES(1943, '2020-03-21', '2020-03-25', 3, 1943, 'OTA', '2020-12-28 02:48:10');
INSERT INTO Occupancies(RoomNo, Date, ResID) VALUES (105, '2020-03-21', 1943);
INSERT INTO Occupancies(RoomNo, Date, ResID) VALUES (105, '2020-03-22', 1943);
INSERT INTO Occupancies(RoomNo, Date, ResID) VALUES (105, '2020-03-23', 1943);
INSERT INTO Occupancies(RoomNo, Date, ResID) VALUES (105, '2020-03-24', 1943);
#1944
INSERT INTO Customers(Fname, Lname, Phone, Email) VALUES ("Caden", "Feest", '362-251-5633', "Caden_Feest@gmail.com");
INSERT INTO Reservations(ID, StartDate, EndDate, NumGuests, CustomerID, Source, BookedAt) VALUES(1944, '2021-09-16', '2021-09-20', 2, 1944, 'OTA', '2020-12-28 02:48:10');
INSERT INTO Occupancies(RoomNo, Date, ResID) VALUES (303, '2021-09-16', 1944);
INSERT INTO Occupancies(RoomNo, Date, ResID) VALUES (303, '2021-09-17', 1944);
INSERT INTO Occupancies(RoomNo, Date, ResID) VALUES (303, '2021-09-18', 1944);
INSERT INTO Occupancies(RoomNo, Date, ResID) VALUES (303, '2021-09-19', 1944);
#1945
INSERT INTO Customers(Fname, Lname, Phone, Email) VALUES ("Jon", "Sanford", '607-882-2647', "Jon_Sanford@gmail.com");
INSERT INTO Reservations(ID, StartDate, EndDate, NumGuests, CustomerID, Source, BookedAt) VALUES(1945, '2020-01-09', '2020-01-10', 1, 1945, 'corporate', '2020-12-28 02:48:10');
INSERT INTO Occupancies(RoomNo, Date, ResID) VALUES (505, '2020-01-09', 1945);
#1946
INSERT INTO Customers(Fname, Lname, Phone, Email) VALUES ("Hadley", "Kuhic", '313-824-8435', "Hadley_Kuhic@gmail.com");
INSERT INTO Reservations(ID, StartDate, EndDate, NumGuests, CustomerID, Source, BookedAt) VALUES(1946, '2020-09-14', '2020-09-15', 1, 1946, 'direct', '2020-12-28 02:48:10');
INSERT INTO Occupancies(RoomNo, Date, ResID) VALUES (102, '2020-09-14', 1946);
#1947
INSERT INTO Customers(Fname, Lname, Phone, Email) VALUES ("Colleen", "Jones", '920-602-1745', "Colleen_Jones@gmail.com");
INSERT INTO Reservations(ID, StartDate, EndDate, NumGuests, CustomerID, Source, BookedAt) VALUES(1947, '2020-09-15', '2020-09-17', 4, 1947, 'OTA', '2020-12-28 02:48:10');
INSERT INTO Occupancies(RoomNo, Date, ResID) VALUES (405, '2020-09-15', 1947);
INSERT INTO Occupancies(RoomNo, Date, ResID) VALUES (405, '2020-09-16', 1947);
#1948
INSERT INTO Customers(Fname, Lname, Phone, Email) VALUES ("Caesar", "Champlin", '315-646-2802', "Caesar_Champlin@gmail.com");
INSERT INTO Reservations(ID, StartDate, EndDate, NumGuests, CustomerID, Source, BookedAt) VALUES(1948, '2020-05-11', '2020-05-12', 5, 1948, 'agency', '2020-12-28 02:48:10');
INSERT INTO Occupancies(RoomNo, Date, ResID) VALUES (405, '2020-05-11', 1948);
#1949
INSERT INTO Customers(Fname, Lname, Phone, Email) VALUES ("Kaia", "Koepp", '358-957-8009', "Kaia_Koepp@gmail.com");
INSERT INTO Reservations(ID, StartDate, EndDate, NumGuests, CustomerID, Source, BookedAt) VALUES(1949, '2021-03-09', '2021-03-14', 4, 1949, 'OTA', '2020-12-28 02:48:10');
INSERT INTO Occupancies(RoomNo, Date, ResID) VALUES (304, '2021-03-09', 1949);
INSERT INTO Occupancies(RoomNo, Date, ResID) VALUES (304, '2021-03-10', 1949);
INSERT INTO Occupancies(RoomNo, Date, ResID) VALUES (304, '2021-03-11', 1949);
INSERT INTO Occupancies(RoomNo, Date, ResID) VALUES (304, '2021-03-12', 1949);
INSERT INTO Occupancies(RoomNo, Date, ResID) VALUES (304, '2021-03-13', 1949);
#1950
INSERT INTO Customers(Fname, Lname, Phone, Email) VALUES ("Lorena", "Boehm", '591-858-0221', "Lorena_Boehm@gmail.com");
INSERT INTO Reservations(ID, StartDate, EndDate, NumGuests, CustomerID, Source, BookedAt) VALUES(1950, '2020-03-07', '2020-03-08', 1, 1950, 'direct', '2020-12-28 02:48:10');
INSERT INTO Occupancies(RoomNo, Date, ResID) VALUES (304, '2020-03-07', 1950);
#1951
INSERT INTO Customers(Fname, Lname, Phone, Email) VALUES ("Jaron", "Macejkovic", '801-289-7886', "Jaron_Macejkovic@gmail.com");
INSERT INTO Reservations(ID, StartDate, EndDate, NumGuests, CustomerID, Source, BookedAt) VALUES(1951, '2020-06-29', '2020-06-30', 4, 1951, 'OTA', '2020-12-28 02:48:10');
INSERT INTO Occupancies(RoomNo, Date, ResID) VALUES (103, '2020-06-29', 1951);
#1952
INSERT INTO Customers(Fname, Lname, Phone, Email) VALUES ("Sonia", "Bode", '769-253-0291', "Sonia_Bode@gmail.com");
INSERT INTO Reservations(ID, StartDate, EndDate, NumGuests, CustomerID, Source, BookedAt) VALUES(1952, '2020-09-09', '2020-09-14', 1, 1952, 'agency', '2020-12-28 02:48:10');
INSERT INTO Occupancies(RoomNo, Date, ResID) VALUES (504, '2020-09-09', 1952);
INSERT INTO Occupancies(RoomNo, Date, ResID) VALUES (504, '2020-09-10', 1952);
INSERT INTO Occupancies(RoomNo, Date, ResID) VALUES (504, '2020-09-11', 1952);
INSERT INTO Occupancies(RoomNo, Date, ResID) VALUES (504, '2020-09-12', 1952);
INSERT INTO Occupancies(RoomNo, Date, ResID) VALUES (504, '2020-09-13', 1952);
#1953
INSERT INTO Customers(Fname, Lname, Phone, Email) VALUES ("Adolph", "Tremblay", '242-855-4030', "Adolph_Tremblay@gmail.com");
INSERT INTO Reservations(ID, StartDate, EndDate, NumGuests, CustomerID, Source, BookedAt) VALUES(1953, '2020-07-02', '2020-07-07', 3, 1953, 'OTA', '2020-12-28 02:48:10');
INSERT INTO Occupancies(RoomNo, Date, ResID) VALUES (301, '2020-07-02', 1953);
INSERT INTO Occupancies(RoomNo, Date, ResID) VALUES (301, '2020-07-03', 1953);
INSERT INTO Occupancies(RoomNo, Date, ResID) VALUES (301, '2020-07-04', 1953);
INSERT INTO Occupancies(RoomNo, Date, ResID) VALUES (301, '2020-07-05', 1953);
INSERT INTO Occupancies(RoomNo, Date, ResID) VALUES (301, '2020-07-06', 1953);
#1954
INSERT INTO Customers(Fname, Lname, Phone, Email) VALUES ("Declan", "Champlin", '400-200-6224', "Declan_Champlin@gmail.com");
INSERT INTO Reservations(ID, StartDate, EndDate, NumGuests, CustomerID, Source, BookedAt) VALUES(1954, '2020-10-19', '2020-10-20', 3, 1954, 'corporate', '2020-12-28 02:48:10');
INSERT INTO Occupancies(RoomNo, Date, ResID) VALUES (203, '2020-10-19', 1954);
#1955
INSERT INTO Customers(Fname, Lname, Phone, Email) VALUES ("Alexane", "Conroy", '613-555-8325', "Alexane_Conroy@gmail.com");
INSERT INTO Reservations(ID, StartDate, EndDate, NumGuests, CustomerID, Source, BookedAt) VALUES(1955, '2020-05-13', '2020-05-18', 4, 1955, 'corporate', '2020-12-28 02:48:10');
INSERT INTO Occupancies(RoomNo, Date, ResID) VALUES (401, '2020-05-13', 1955);
INSERT INTO Occupancies(RoomNo, Date, ResID) VALUES (401, '2020-05-14', 1955);
INSERT INTO Occupancies(RoomNo, Date, ResID) VALUES (401, '2020-05-15', 1955);
INSERT INTO Occupancies(RoomNo, Date, ResID) VALUES (401, '2020-05-16', 1955);
INSERT INTO Occupancies(RoomNo, Date, ResID) VALUES (401, '2020-05-17', 1955);
#1956
INSERT INTO Customers(Fname, Lname, Phone, Email) VALUES ("Bella", "O'Conner", '336-597-1651', "Bella_O'Conner@gmail.com");
INSERT INTO Reservations(ID, StartDate, EndDate, NumGuests, CustomerID, Source, BookedAt) VALUES(1956, '2020-12-03', '2020-12-05', 3, 1956, 'direct', '2020-12-28 02:48:10');
INSERT INTO Occupancies(RoomNo, Date, ResID) VALUES (405, '2020-12-03', 1956);
INSERT INTO Occupancies(RoomNo, Date, ResID) VALUES (405, '2020-12-04', 1956);
#1957
INSERT INTO Customers(Fname, Lname, Phone, Email) VALUES ("Stan", "Grant", '317-463-6531', "Stan_Grant@gmail.com");
INSERT INTO Reservations(ID, StartDate, EndDate, NumGuests, CustomerID, Source, BookedAt) VALUES(1957, '2020-07-20', '2020-07-24', 1, 1957, 'direct', '2020-12-28 02:48:10');
INSERT INTO Occupancies(RoomNo, Date, ResID) VALUES (301, '2020-07-20', 1957);
INSERT INTO Occupancies(RoomNo, Date, ResID) VALUES (301, '2020-07-21', 1957);
INSERT INTO Occupancies(RoomNo, Date, ResID) VALUES (301, '2020-07-22', 1957);
INSERT INTO Occupancies(RoomNo, Date, ResID) VALUES (301, '2020-07-23', 1957);
#1958
INSERT INTO Customers(Fname, Lname, Phone, Email) VALUES ("Kaylee", "McGlynn", '909-516-1148', "Kaylee_McGlynn@gmail.com");
INSERT INTO Reservations(ID, StartDate, EndDate, NumGuests, CustomerID, Source, BookedAt) VALUES(1958, '2020-03-01', '2020-03-04', 4, 1958, 'OTA', '2020-12-28 02:48:10');
INSERT INTO Occupancies(RoomNo, Date, ResID) VALUES (202, '2020-03-01', 1958);
INSERT INTO Occupancies(RoomNo, Date, ResID) VALUES (202, '2020-03-02', 1958);
INSERT INTO Occupancies(RoomNo, Date, ResID) VALUES (202, '2020-03-03', 1958);
#1959
INSERT INTO Customers(Fname, Lname, Phone, Email) VALUES ("Brennon", "Rowe", '987-684-8592', "Brennon_Rowe@gmail.com");
INSERT INTO Reservations(ID, StartDate, EndDate, NumGuests, CustomerID, Source, BookedAt) VALUES(1959, '2020-04-30', '2020-05-02', 5, 1959, 'OTA', '2020-12-28 02:48:10');
INSERT INTO Occupancies(RoomNo, Date, ResID) VALUES (104, '2020-04-30', 1959);
INSERT INTO Occupancies(RoomNo, Date, ResID) VALUES (104, '2020-05-01', 1959);
#1960
INSERT INTO Customers(Fname, Lname, Phone, Email) VALUES ("Reilly", "Lockman", '373-774-5367', "Reilly_Lockman@gmail.com");
INSERT INTO Reservations(ID, StartDate, EndDate, NumGuests, CustomerID, Source, BookedAt) VALUES(1960, '2020-08-10', '2020-08-11', 1, 1960, 'OTA', '2020-12-28 02:48:10');
INSERT INTO Occupancies(RoomNo, Date, ResID) VALUES (202, '2020-08-10', 1960);
#1961
INSERT INTO Customers(Fname, Lname, Phone, Email) VALUES ("Lelia", "Walter", '471-801-1222', "Lelia_Walter@gmail.com");
INSERT INTO Reservations(ID, StartDate, EndDate, NumGuests, CustomerID, Source, BookedAt) VALUES(1961, '2020-06-06', '2020-06-08', 3, 1961, 'direct', '2020-12-28 02:48:10');
INSERT INTO Occupancies(RoomNo, Date, ResID) VALUES (306, '2020-06-06', 1961);
INSERT INTO Occupancies(RoomNo, Date, ResID) VALUES (306, '2020-06-07', 1961);
#1962
INSERT INTO Customers(Fname, Lname, Phone, Email) VALUES ("Theron", "Kris", '498-928-1602', "Theron_Kris@gmail.com");
INSERT INTO Reservations(ID, StartDate, EndDate, NumGuests, CustomerID, Source, BookedAt) VALUES(1962, '2020-06-10', '2020-06-11', 1, 1962, 'corporate', '2020-12-28 02:48:10');
INSERT INTO Occupancies(RoomNo, Date, ResID) VALUES (306, '2020-06-10', 1962);
#1963
INSERT INTO Customers(Fname, Lname, Phone, Email) VALUES ("Clarabelle", "Heaney", '408-353-2599', "Clarabelle_Heaney@gmail.com");
INSERT INTO Reservations(ID, StartDate, EndDate, NumGuests, CustomerID, Source, BookedAt) VALUES(1963, '2020-08-13', '2020-08-16', 2, 1963, 'direct', '2020-12-28 02:48:10');
INSERT INTO Occupancies(RoomNo, Date, ResID) VALUES (301, '2020-08-13', 1963);
INSERT INTO Occupancies(RoomNo, Date, ResID) VALUES (301, '2020-08-14', 1963);
INSERT INTO Occupancies(RoomNo, Date, ResID) VALUES (301, '2020-08-15', 1963);
#1964
INSERT INTO Customers(Fname, Lname, Phone, Email) VALUES ("Norval", "Conroy", '725-414-6467', "Norval_Conroy@gmail.com");
INSERT INTO Reservations(ID, StartDate, EndDate, NumGuests, CustomerID, Source, BookedAt) VALUES(1964, '2020-08-18', '2020-08-19', 1, 1964, 'OTA', '2020-12-28 02:48:10');
INSERT INTO Occupancies(RoomNo, Date, ResID) VALUES (401, '2020-08-18', 1964);
#1965
INSERT INTO Customers(Fname, Lname, Phone, Email) VALUES ("Monica", "Vandervort", '698-331-9225', "Monica_Vandervort@gmail.com");
INSERT INTO Reservations(ID, StartDate, EndDate, NumGuests, CustomerID, Source, BookedAt) VALUES(1965, '2020-10-11', '2020-10-16', 3, 1965, 'direct', '2020-12-28 02:48:10');
INSERT INTO Occupancies(RoomNo, Date, ResID) VALUES (202, '2020-10-11', 1965);
INSERT INTO Occupancies(RoomNo, Date, ResID) VALUES (202, '2020-10-12', 1965);
INSERT INTO Occupancies(RoomNo, Date, ResID) VALUES (202, '2020-10-13', 1965);
INSERT INTO Occupancies(RoomNo, Date, ResID) VALUES (202, '2020-10-14', 1965);
INSERT INTO Occupancies(RoomNo, Date, ResID) VALUES (202, '2020-10-15', 1965);
#1966
INSERT INTO Customers(Fname, Lname, Phone, Email) VALUES ("Litzy", "Lubowitz", '259-929-4735', "Litzy_Lubowitz@gmail.com");
INSERT INTO Reservations(ID, StartDate, EndDate, NumGuests, CustomerID, Source, BookedAt) VALUES(1966, '2020-10-23', '2020-10-26', 5, 1966, 'direct', '2020-12-28 02:48:10');
INSERT INTO Occupancies(RoomNo, Date, ResID) VALUES (306, '2020-10-23', 1966);
INSERT INTO Occupancies(RoomNo, Date, ResID) VALUES (306, '2020-10-24', 1966);
INSERT INTO Occupancies(RoomNo, Date, ResID) VALUES (306, '2020-10-25', 1966);
#1967
INSERT INTO Customers(Fname, Lname, Phone, Email) VALUES ("Alberta", "Zboncak", '725-638-3676', "Alberta_Zboncak@gmail.com");
INSERT INTO Reservations(ID, StartDate, EndDate, NumGuests, CustomerID, Source, BookedAt) VALUES(1967, '2020-01-02', '2020-01-03', 3, 1967, 'direct', '2020-12-28 02:48:10');
INSERT INTO Occupancies(RoomNo, Date, ResID) VALUES (504, '2020-01-02', 1967);
#1968
INSERT INTO Customers(Fname, Lname, Phone, Email) VALUES ("Brennan", "Kuhn", '298-297-2211', "Brennan_Kuhn@gmail.com");
INSERT INTO Reservations(ID, StartDate, EndDate, NumGuests, CustomerID, Source, BookedAt) VALUES(1968, '2021-06-15', '2021-06-20', 4, 1968, 'agency', '2020-12-28 02:48:10');
INSERT INTO Occupancies(RoomNo, Date, ResID) VALUES (306, '2021-06-15', 1968);
INSERT INTO Occupancies(RoomNo, Date, ResID) VALUES (306, '2021-06-16', 1968);
INSERT INTO Occupancies(RoomNo, Date, ResID) VALUES (306, '2021-06-17', 1968);
INSERT INTO Occupancies(RoomNo, Date, ResID) VALUES (306, '2021-06-18', 1968);
INSERT INTO Occupancies(RoomNo, Date, ResID) VALUES (306, '2021-06-19', 1968);
#1969
INSERT INTO Customers(Fname, Lname, Phone, Email) VALUES ("Mossie", "Marks", '996-942-7367', "Mossie_Marks@gmail.com");
INSERT INTO Reservations(ID, StartDate, EndDate, NumGuests, CustomerID, Source, BookedAt) VALUES(1969, '2021-10-19', '2021-10-23', 2, 1969, 'agency', '2020-12-28 02:48:10');
INSERT INTO Occupancies(RoomNo, Date, ResID) VALUES (305, '2021-10-19', 1969);
INSERT INTO Occupancies(RoomNo, Date, ResID) VALUES (305, '2021-10-20', 1969);
INSERT INTO Occupancies(RoomNo, Date, ResID) VALUES (305, '2021-10-21', 1969);
INSERT INTO Occupancies(RoomNo, Date, ResID) VALUES (305, '2021-10-22', 1969);
#1970
INSERT INTO Customers(Fname, Lname, Phone, Email) VALUES ("Shyann", "Dietrich", '353-521-9489', "Shyann_Dietrich@gmail.com");
INSERT INTO Reservations(ID, StartDate, EndDate, NumGuests, CustomerID, Source, BookedAt) VALUES(1970, '2021-08-12', '2021-08-16', 5, 1970, 'direct', '2020-12-28 02:48:10');
INSERT INTO Occupancies(RoomNo, Date, ResID) VALUES (406, '2021-08-12', 1970);
INSERT INTO Occupancies(RoomNo, Date, ResID) VALUES (406, '2021-08-13', 1970);
INSERT INTO Occupancies(RoomNo, Date, ResID) VALUES (406, '2021-08-14', 1970);
INSERT INTO Occupancies(RoomNo, Date, ResID) VALUES (406, '2021-08-15', 1970);
#1971
INSERT INTO Customers(Fname, Lname, Phone, Email) VALUES ("Connor", "Lesch", '561-605-3467', "Connor_Lesch@gmail.com");
INSERT INTO Reservations(ID, StartDate, EndDate, NumGuests, CustomerID, Source, BookedAt) VALUES(1971, '2020-06-21', '2020-06-22', 2, 1971, 'direct', '2020-12-28 02:48:10');
INSERT INTO Occupancies(RoomNo, Date, ResID) VALUES (302, '2020-06-21', 1971);
#1972
INSERT INTO Customers(Fname, Lname, Phone, Email) VALUES ("Gaetano", "Wilkinson", '497-461-3629', "Gaetano_Wilkinson@gmail.com");
INSERT INTO Reservations(ID, StartDate, EndDate, NumGuests, CustomerID, Source, BookedAt) VALUES(1972, '2020-11-08', '2020-11-11', 3, 1972, 'agency', '2020-12-28 02:48:10');
INSERT INTO Occupancies(RoomNo, Date, ResID) VALUES (301, '2020-11-08', 1972);
INSERT INTO Occupancies(RoomNo, Date, ResID) VALUES (301, '2020-11-09', 1972);
INSERT INTO Occupancies(RoomNo, Date, ResID) VALUES (301, '2020-11-10', 1972);
#1973
INSERT INTO Customers(Fname, Lname, Phone, Email) VALUES ("Hilario", "Koss", '518-214-1470', "Hilario_Koss@gmail.com");
INSERT INTO Reservations(ID, StartDate, EndDate, NumGuests, CustomerID, Source, BookedAt) VALUES(1973, '2020-03-26', '2020-03-30', 4, 1973, 'OTA', '2020-12-28 02:48:10');
INSERT INTO Occupancies(RoomNo, Date, ResID) VALUES (103, '2020-03-26', 1973);
INSERT INTO Occupancies(RoomNo, Date, ResID) VALUES (103, '2020-03-27', 1973);
INSERT INTO Occupancies(RoomNo, Date, ResID) VALUES (103, '2020-03-28', 1973);
INSERT INTO Occupancies(RoomNo, Date, ResID) VALUES (103, '2020-03-29', 1973);
#1974
INSERT INTO Customers(Fname, Lname, Phone, Email) VALUES ("Ralph", "Pfannerstill", '536-273-1699', "Ralph_Pfannerstill@gmail.com");
INSERT INTO Reservations(ID, StartDate, EndDate, NumGuests, CustomerID, Source, BookedAt) VALUES(1974, '2020-12-24', '2020-12-27', 2, 1974, 'OTA', '2020-12-28 02:48:10');
INSERT INTO Occupancies(RoomNo, Date, ResID) VALUES (502, '2020-12-24', 1974);
INSERT INTO Occupancies(RoomNo, Date, ResID) VALUES (502, '2020-12-25', 1974);
INSERT INTO Occupancies(RoomNo, Date, ResID) VALUES (502, '2020-12-26', 1974);
#1975
INSERT INTO Customers(Fname, Lname, Phone, Email) VALUES ("Esteban", "Cummings", '648-357-6669', "Esteban_Cummings@gmail.com");
INSERT INTO Reservations(ID, StartDate, EndDate, NumGuests, CustomerID, Source, BookedAt) VALUES(1975, '2020-06-23', '2020-06-25', 3, 1975, 'OTA', '2020-12-28 02:48:10');
INSERT INTO Occupancies(RoomNo, Date, ResID) VALUES (104, '2020-06-23', 1975);
INSERT INTO Occupancies(RoomNo, Date, ResID) VALUES (104, '2020-06-24', 1975);
#1976
INSERT INTO Customers(Fname, Lname, Phone, Email) VALUES ("Helen", "Rippin", '665-334-6055', "Helen_Rippin@gmail.com");
INSERT INTO Reservations(ID, StartDate, EndDate, NumGuests, CustomerID, Source, BookedAt) VALUES(1976, '2021-04-04', '2021-04-09', 4, 1976, 'direct', '2020-12-28 02:48:10');
INSERT INTO Occupancies(RoomNo, Date, ResID) VALUES (103, '2021-04-04', 1976);
INSERT INTO Occupancies(RoomNo, Date, ResID) VALUES (103, '2021-04-05', 1976);
INSERT INTO Occupancies(RoomNo, Date, ResID) VALUES (103, '2021-04-06', 1976);
INSERT INTO Occupancies(RoomNo, Date, ResID) VALUES (103, '2021-04-07', 1976);
INSERT INTO Occupancies(RoomNo, Date, ResID) VALUES (103, '2021-04-08', 1976);
#1977
INSERT INTO Customers(Fname, Lname, Phone, Email) VALUES ("Cecile", "Kihn", '412-740-5634', "Cecile_Kihn@gmail.com");
INSERT INTO Reservations(ID, StartDate, EndDate, NumGuests, CustomerID, Source, BookedAt) VALUES(1977, '2021-04-17', '2021-04-21', 2, 1977, 'OTA', '2020-12-28 02:48:10');
INSERT INTO Occupancies(RoomNo, Date, ResID) VALUES (405, '2021-04-17', 1977);
INSERT INTO Occupancies(RoomNo, Date, ResID) VALUES (405, '2021-04-18', 1977);
INSERT INTO Occupancies(RoomNo, Date, ResID) VALUES (405, '2021-04-19', 1977);
INSERT INTO Occupancies(RoomNo, Date, ResID) VALUES (405, '2021-04-20', 1977);
#1978
INSERT INTO Customers(Fname, Lname, Phone, Email) VALUES ("Bryce", "Nitzsche", '258-791-4999', "Bryce_Nitzsche@gmail.com");
INSERT INTO Reservations(ID, StartDate, EndDate, NumGuests, CustomerID, Source, BookedAt) VALUES(1978, '2020-08-27', '2020-09-01', 2, 1978, 'corporate', '2020-12-28 02:48:10');
INSERT INTO Occupancies(RoomNo, Date, ResID) VALUES (506, '2020-08-27', 1978);
INSERT INTO Occupancies(RoomNo, Date, ResID) VALUES (506, '2020-08-28', 1978);
INSERT INTO Occupancies(RoomNo, Date, ResID) VALUES (506, '2020-08-29', 1978);
INSERT INTO Occupancies(RoomNo, Date, ResID) VALUES (506, '2020-08-30', 1978);
INSERT INTO Occupancies(RoomNo, Date, ResID) VALUES (506, '2020-08-31', 1978);
#1979
INSERT INTO Customers(Fname, Lname, Phone, Email) VALUES ("Harley", "Walter", '912-352-8227', "Harley_Walter@gmail.com");
INSERT INTO Reservations(ID, StartDate, EndDate, NumGuests, CustomerID, Source, BookedAt) VALUES(1979, '2020-04-25', '2020-04-27', 2, 1979, 'corporate', '2020-12-28 02:48:10');
INSERT INTO Occupancies(RoomNo, Date, ResID) VALUES (201, '2020-04-25', 1979);
INSERT INTO Occupancies(RoomNo, Date, ResID) VALUES (201, '2020-04-26', 1979);
#1980
INSERT INTO Customers(Fname, Lname, Phone, Email) VALUES ("Selina", "Monahan", '728-678-6441', "Selina_Monahan@gmail.com");
INSERT INTO Reservations(ID, StartDate, EndDate, NumGuests, CustomerID, Source, BookedAt) VALUES(1980, '2020-10-21', '2020-10-26', 5, 1980, 'direct', '2020-12-28 02:48:10');
INSERT INTO Occupancies(RoomNo, Date, ResID) VALUES (505, '2020-10-21', 1980);
INSERT INTO Occupancies(RoomNo, Date, ResID) VALUES (505, '2020-10-22', 1980);
INSERT INTO Occupancies(RoomNo, Date, ResID) VALUES (505, '2020-10-23', 1980);
INSERT INTO Occupancies(RoomNo, Date, ResID) VALUES (505, '2020-10-24', 1980);
INSERT INTO Occupancies(RoomNo, Date, ResID) VALUES (505, '2020-10-25', 1980);
#1981
INSERT INTO Customers(Fname, Lname, Phone, Email) VALUES ("Guy", "Rempel", '554-724-3046', "Guy_Rempel@gmail.com");
INSERT INTO Reservations(ID, StartDate, EndDate, NumGuests, CustomerID, Source, BookedAt) VALUES(1981, '2020-05-21', '2020-05-25', 5, 1981, 'OTA', '2020-12-28 02:48:10');
INSERT INTO Occupancies(RoomNo, Date, ResID) VALUES (403, '2020-05-21', 1981);
INSERT INTO Occupancies(RoomNo, Date, ResID) VALUES (403, '2020-05-22', 1981);
INSERT INTO Occupancies(RoomNo, Date, ResID) VALUES (403, '2020-05-23', 1981);
INSERT INTO Occupancies(RoomNo, Date, ResID) VALUES (403, '2020-05-24', 1981);
#1982
INSERT INTO Customers(Fname, Lname, Phone, Email) VALUES ("Orin", "Ankunding", '843-424-3487', "Orin_Ankunding@gmail.com");
INSERT INTO Reservations(ID, StartDate, EndDate, NumGuests, CustomerID, Source, BookedAt) VALUES(1982, '2020-02-29', '2020-03-03', 2, 1982, 'direct', '2020-12-28 02:48:10');
INSERT INTO Occupancies(RoomNo, Date, ResID) VALUES (306, '2020-02-29', 1982);
INSERT INTO Occupancies(RoomNo, Date, ResID) VALUES (306, '2020-03-01', 1982);
INSERT INTO Occupancies(RoomNo, Date, ResID) VALUES (306, '2020-03-02', 1982);
#1983
INSERT INTO Customers(Fname, Lname, Phone, Email) VALUES ("Shanie", "Pagac", '985-262-8168', "Shanie_Pagac@gmail.com");
INSERT INTO Reservations(ID, StartDate, EndDate, NumGuests, CustomerID, Source, BookedAt) VALUES(1983, '2020-05-13', '2020-05-18', 4, 1983, 'agency', '2020-12-28 02:48:10');
INSERT INTO Occupancies(RoomNo, Date, ResID) VALUES (103, '2020-05-13', 1983);
INSERT INTO Occupancies(RoomNo, Date, ResID) VALUES (103, '2020-05-14', 1983);
INSERT INTO Occupancies(RoomNo, Date, ResID) VALUES (103, '2020-05-15', 1983);
INSERT INTO Occupancies(RoomNo, Date, ResID) VALUES (103, '2020-05-16', 1983);
INSERT INTO Occupancies(RoomNo, Date, ResID) VALUES (103, '2020-05-17', 1983);
#1984
INSERT INTO Customers(Fname, Lname, Phone, Email) VALUES ("Granville", "Crona", '288-990-1518', "Granville_Crona@gmail.com");
INSERT INTO Reservations(ID, StartDate, EndDate, NumGuests, CustomerID, Source, BookedAt) VALUES(1984, '2020-05-30', '2020-06-04', 2, 1984, 'corporate', '2020-12-28 02:48:10');
INSERT INTO Occupancies(RoomNo, Date, ResID) VALUES (203, '2020-05-30', 1984);
INSERT INTO Occupancies(RoomNo, Date, ResID) VALUES (203, '2020-05-31', 1984);
INSERT INTO Occupancies(RoomNo, Date, ResID) VALUES (203, '2020-06-01', 1984);
INSERT INTO Occupancies(RoomNo, Date, ResID) VALUES (203, '2020-06-02', 1984);
INSERT INTO Occupancies(RoomNo, Date, ResID) VALUES (203, '2020-06-03', 1984);
#1985
INSERT INTO Customers(Fname, Lname, Phone, Email) VALUES ("Jammie", "Nader", '890-354-0663', "Jammie_Nader@gmail.com");
INSERT INTO Reservations(ID, StartDate, EndDate, NumGuests, CustomerID, Source, BookedAt) VALUES(1985, '2021-07-25', '2021-07-28', 2, 1985, 'OTA', '2020-12-28 02:48:10');
INSERT INTO Occupancies(RoomNo, Date, ResID) VALUES (105, '2021-07-25', 1985);
INSERT INTO Occupancies(RoomNo, Date, ResID) VALUES (105, '2021-07-26', 1985);
INSERT INTO Occupancies(RoomNo, Date, ResID) VALUES (105, '2021-07-27', 1985);
#1986
INSERT INTO Customers(Fname, Lname, Phone, Email) VALUES ("Candido", "Hayes", '582-864-6052', "Candido_Hayes@gmail.com");
INSERT INTO Reservations(ID, StartDate, EndDate, NumGuests, CustomerID, Source, BookedAt) VALUES(1986, '2020-10-30', '2020-11-04', 2, 1986, 'direct', '2020-12-28 02:48:10');
INSERT INTO Occupancies(RoomNo, Date, ResID) VALUES (306, '2020-10-30', 1986);
INSERT INTO Occupancies(RoomNo, Date, ResID) VALUES (306, '2020-10-31', 1986);
INSERT INTO Occupancies(RoomNo, Date, ResID) VALUES (306, '2020-11-01', 1986);
INSERT INTO Occupancies(RoomNo, Date, ResID) VALUES (306, '2020-11-02', 1986);
INSERT INTO Occupancies(RoomNo, Date, ResID) VALUES (306, '2020-11-03', 1986);
#1987
INSERT INTO Customers(Fname, Lname, Phone, Email) VALUES ("Alisa", "Bashirian", '292-304-6179', "Alisa_Bashirian@gmail.com");
INSERT INTO Reservations(ID, StartDate, EndDate, NumGuests, CustomerID, Source, BookedAt) VALUES(1987, '2020-10-27', '2020-10-29', 2, 1987, 'OTA', '2020-12-28 02:48:10');
INSERT INTO Occupancies(RoomNo, Date, ResID) VALUES (505, '2020-10-27', 1987);
INSERT INTO Occupancies(RoomNo, Date, ResID) VALUES (505, '2020-10-28', 1987);
#1988
INSERT INTO Customers(Fname, Lname, Phone, Email) VALUES ("Dolores", "Hammes", '434-968-4771', "Dolores_Hammes@gmail.com");
INSERT INTO Reservations(ID, StartDate, EndDate, NumGuests, CustomerID, Source, BookedAt) VALUES(1988, '2020-03-10', '2020-03-11', 3, 1988, 'OTA', '2020-12-28 02:48:10');
INSERT INTO Occupancies(RoomNo, Date, ResID) VALUES (202, '2020-03-10', 1988);
#1989
INSERT INTO Customers(Fname, Lname, Phone, Email) VALUES ("Myrtie", "Wolff", '373-491-7036', "Myrtie_Wolff@gmail.com");
INSERT INTO Reservations(ID, StartDate, EndDate, NumGuests, CustomerID, Source, BookedAt) VALUES(1989, '2020-12-11', '2020-12-13', 5, 1989, 'agency', '2020-12-28 02:48:10');
INSERT INTO Occupancies(RoomNo, Date, ResID) VALUES (101, '2020-12-11', 1989);
INSERT INTO Occupancies(RoomNo, Date, ResID) VALUES (101, '2020-12-12', 1989);
#1990
INSERT INTO Customers(Fname, Lname, Phone, Email) VALUES ("Tianna", "Greenholt", '281-321-9228', "Tianna_Greenholt@gmail.com");
INSERT INTO Reservations(ID, StartDate, EndDate, NumGuests, CustomerID, Source, BookedAt) VALUES(1990, '2021-06-23', '2021-06-28', 4, 1990, 'OTA', '2020-12-28 02:48:10');
INSERT INTO Occupancies(RoomNo, Date, ResID) VALUES (504, '2021-06-23', 1990);
INSERT INTO Occupancies(RoomNo, Date, ResID) VALUES (504, '2021-06-24', 1990);
INSERT INTO Occupancies(RoomNo, Date, ResID) VALUES (504, '2021-06-25', 1990);
INSERT INTO Occupancies(RoomNo, Date, ResID) VALUES (504, '2021-06-26', 1990);
INSERT INTO Occupancies(RoomNo, Date, ResID) VALUES (504, '2021-06-27', 1990);
#1991
INSERT INTO Customers(Fname, Lname, Phone, Email) VALUES ("Donavon", "Homenick", '792-515-6159', "Donavon_Homenick@gmail.com");
INSERT INTO Reservations(ID, StartDate, EndDate, NumGuests, CustomerID, Source, BookedAt) VALUES(1991, '2020-06-29', '2020-07-03', 5, 1991, 'direct', '2020-12-28 02:48:10');
INSERT INTO Occupancies(RoomNo, Date, ResID) VALUES (104, '2020-06-29', 1991);
INSERT INTO Occupancies(RoomNo, Date, ResID) VALUES (104, '2020-06-30', 1991);
INSERT INTO Occupancies(RoomNo, Date, ResID) VALUES (104, '2020-07-01', 1991);
INSERT INTO Occupancies(RoomNo, Date, ResID) VALUES (104, '2020-07-02', 1991);
#1992
INSERT INTO Customers(Fname, Lname, Phone, Email) VALUES ("Chasity", "Jones", '241-776-6687', "Chasity_Jones@gmail.com");
INSERT INTO Reservations(ID, StartDate, EndDate, NumGuests, CustomerID, Source, BookedAt) VALUES(1992, '2021-01-06', '2021-01-11', 1, 1992, 'OTA', '2020-12-28 02:48:10');
INSERT INTO Occupancies(RoomNo, Date, ResID) VALUES (506, '2021-01-06', 1992);
INSERT INTO Occupancies(RoomNo, Date, ResID) VALUES (506, '2021-01-07', 1992);
INSERT INTO Occupancies(RoomNo, Date, ResID) VALUES (506, '2021-01-08', 1992);
INSERT INTO Occupancies(RoomNo, Date, ResID) VALUES (506, '2021-01-09', 1992);
INSERT INTO Occupancies(RoomNo, Date, ResID) VALUES (506, '2021-01-10', 1992);
#1993
INSERT INTO Customers(Fname, Lname, Phone, Email) VALUES ("Alyson", "McDermott", '310-426-6437', "Alyson_McDermott@gmail.com");
INSERT INTO Reservations(ID, StartDate, EndDate, NumGuests, CustomerID, Source, BookedAt) VALUES(1993, '2020-07-26', '2020-07-27', 5, 1993, 'corporate', '2020-12-28 02:48:10');
INSERT INTO Occupancies(RoomNo, Date, ResID) VALUES (205, '2020-07-26', 1993);
#1994
INSERT INTO Customers(Fname, Lname, Phone, Email) VALUES ("Keagan", "Runolfsdottir", '429-384-3066', "Keagan_Runolfsdottir@gmail.com");
INSERT INTO Reservations(ID, StartDate, EndDate, NumGuests, CustomerID, Source, BookedAt) VALUES(1994, '2020-03-26', '2020-03-30', 2, 1994, 'agency', '2020-12-28 02:48:10');
INSERT INTO Occupancies(RoomNo, Date, ResID) VALUES (205, '2020-03-26', 1994);
INSERT INTO Occupancies(RoomNo, Date, ResID) VALUES (205, '2020-03-27', 1994);
INSERT INTO Occupancies(RoomNo, Date, ResID) VALUES (205, '2020-03-28', 1994);
INSERT INTO Occupancies(RoomNo, Date, ResID) VALUES (205, '2020-03-29', 1994);
#1995
INSERT INTO Customers(Fname, Lname, Phone, Email) VALUES ("Everardo", "Schamberger", '883-806-7407', "Everardo_Schamberger@gmail.com");
INSERT INTO Reservations(ID, StartDate, EndDate, NumGuests, CustomerID, Source, BookedAt) VALUES(1995, '2020-09-24', '2020-09-25', 4, 1995, 'corporate', '2020-12-28 02:48:10');
INSERT INTO Occupancies(RoomNo, Date, ResID) VALUES (305, '2020-09-24', 1995);
#1996
INSERT INTO Customers(Fname, Lname, Phone, Email) VALUES ("Saige", "Jacobson", '617-221-6690', "Saige_Jacobson@gmail.com");
INSERT INTO Reservations(ID, StartDate, EndDate, NumGuests, CustomerID, Source, BookedAt) VALUES(1996, '2021-03-12', '2021-03-14', 1, 1996, 'agency', '2020-12-28 02:48:10');
INSERT INTO Occupancies(RoomNo, Date, ResID) VALUES (205, '2021-03-12', 1996);
INSERT INTO Occupancies(RoomNo, Date, ResID) VALUES (205, '2021-03-13', 1996);
#1997
INSERT INTO Customers(Fname, Lname, Phone, Email) VALUES ("Muriel", "Conroy", '322-669-7299', "Muriel_Conroy@gmail.com");
INSERT INTO Reservations(ID, StartDate, EndDate, NumGuests, CustomerID, Source, BookedAt) VALUES(1997, '2020-10-08', '2020-10-11', 3, 1997, 'direct', '2020-12-28 02:48:10');
INSERT INTO Occupancies(RoomNo, Date, ResID) VALUES (103, '2020-10-08', 1997);
INSERT INTO Occupancies(RoomNo, Date, ResID) VALUES (103, '2020-10-09', 1997);
INSERT INTO Occupancies(RoomNo, Date, ResID) VALUES (103, '2020-10-10', 1997);
#1998
INSERT INTO Customers(Fname, Lname, Phone, Email) VALUES ("Kendall", "Okuneva", '885-943-3612', "Kendall_Okuneva@gmail.com");
INSERT INTO Reservations(ID, StartDate, EndDate, NumGuests, CustomerID, Source, BookedAt) VALUES(1998, '2020-03-26', '2020-03-27', 5, 1998, 'agency', '2020-12-28 02:48:10');
INSERT INTO Occupancies(RoomNo, Date, ResID) VALUES (301, '2020-03-26', 1998);
#1999
INSERT INTO Customers(Fname, Lname, Phone, Email) VALUES ("Terrence", "Keebler", '499-799-6386', "Terrence_Keebler@gmail.com");
INSERT INTO Reservations(ID, StartDate, EndDate, NumGuests, CustomerID, Source, BookedAt) VALUES(1999, '2021-10-30', '2021-10-31', 3, 1999, 'agency', '2020-12-28 02:48:10');
INSERT INTO Occupancies(RoomNo, Date, ResID) VALUES (304, '2021-10-30', 1999);
